iteration,timestamp,T41_LEVEL,T42_LEVEL,J2_LEVEL,J13_LEVEL,J14_LEVEL,J19_LEVEL,J21_LEVEL,P79_FLOW,P79_STATUS,P1_FLOW,P1_STATUS,plc4attack
0,2024-06-13 19:09:15.330299,3.0509999999999993,3.0509999999999993,-15.24,-15.24,-15.24,-15.24,-15.24,1450.0,1.0,1450.0,1.0,0
1,2024-06-13 19:09:18.063975,3.364747310338268,3.2481728419515297,77.71089056501289,78.09886954336274,54.490973682758714,54.34660723729726,54.34743538299764,213.93606607871055,1.0,286.1669393185446,1.0,0
2,2024-06-13 19:09:22.728410,3.671706680238054,3.448975230608928,77.72142576920038,78.10417397424146,54.798965764409395,54.54380094307692,54.66112571087362,212.94852887749113,1.0,284.20557790288825,1.0,0
3,2024-06-13 19:09:26.976947,3.9730355490850666,3.652260528590001,77.73184060322329,78.10954460226385,55.101232666602314,54.74461778998197,54.96803862069711,211.94866761295918,1.0,282.2666260572955,1.0,0
4,2024-06-13 19:09:31.330592,4.269386479439203,3.8573869850878624,77.74215289002028,78.11496355561667,55.39847476176433,54.94791390819682,55.26932702643835,210.93980951868002,1.0,280.3467656472929,1.0,0
5,2024-06-13 19:09:35.764107,4.5611953285259075,4.063929165027548,77.75237425762343,78.1204211601105,55.69114737595791,55.15304874088841,55.56564153782059,209.92375565910302,1.0,278.44383185737166,1.0,0
6,2024-06-13 19:09:40.244305,4.848784209364241,4.271574945075252,77.7625131310376,78.12591115960642,55.97958218154292,55.359597484289786,55.85741698053596,208.90167075295096,1.0,276.55625618642136,1.0,0
7,2024-06-13 19:09:44.764887,5.13240509219375,4.4800819539734755,77.772575984813,78.13142903903221,56.26403671594629,55.56724840701358,56.144974828241295,207.87439538083257,1.0,274.68283325362637,1.0,0
8,2024-06-13 19:09:49.093158,5.412262971912664,4.689254453077714,77.78256799949959,78.13697133657037,56.54471948834151,55.77575940217943,56.42856662086847,206.8425740366984,1.0,272.82259858496917,1.0,0
9,2024-06-13 19:09:53.556598,5.688529467850313,4.898929779961343,77.79249344420339,78.14253528447517,56.82180446771555,55.98493492038162,56.70839704612855,205.80672199767008,1.0,270.9747573918744,1.0,0
10,2024-06-13 19:09:58.132506,5.961351417859189,5.108969791167946,77.80235591676629,78.14811860129554,57.095440130910205,56.194612440779274,56.98463749421723,204.76726400634968,1.0,269.1386398564531,1.0,0
11,2024-06-13 19:10:04.465763,6.2308566214479,5.319255150046815,77.812158503309,78.15371936219881,57.36575545809323,56.404653929537254,57.25743462617835,203.72455841293723,1.0,267.3136714290403,1.0,1
12,2024-06-13 19:10:08.738984,6.497157849317661,5.529681343118187,77.82190388899086,78.15933591324352,57.632864092104725,56.61494013722248,57.5269161013554,202.678913135246,1.0,265.4993522077978,1.0,1
13,2024-06-13 19:10:13.072312,6.762217511367896,5.743943104133954,77.83600952274622,78.17330159571029,57.8982431987281,56.82538963317302,57.79320819931183,200.078892267482,1.0,262.87327631036874,1.0,1
14,2024-06-13 19:10:17.872339,7.024285211263324,5.9581177146258515,77.8457261250264,78.17902702701535,58.16109580013357,57.03965086072938,58.058246009276466,199.01297651967386,1.0,261.0643157563563,1.0,1
15,2024-06-13 19:10:22.440691,7.283440349705665,6.172133306660575,77.85539318127113,78.18476422686724,58.421035531526215,57.25382449832419,58.32029264017682,197.94486979643185,1.0,259.2645792933544,1.0,1
16,2024-06-13 19:10:26.580539,7.539755681712638,6.3859245269799505,77.86501232671826,78.19051221702443,58.67813538281383,57.46783871866851,58.5794274292414,196.87475421905125,1.0,257.4737624856431,1.0,1
17,2024-06-13 19:10:30.897743,7.793298254022382,6.599431610926019,77.87458505008034,78.19627010903022,58.93246258352872,57.681628203687026,58.83572307678014,195.80279519342002,1.0,255.6915881764377,1.0,1
18,2024-06-13 19:10:35.212976,8.044130163155902,6.8125996343048225,77.88411271376224,78.20203709084889,59.18407937281072,57.895133219468036,59.089246581931185,194.72914389794363,1.0,253.91780272392555,1.0,1
19,2024-06-13 19:10:39.480881,8.292309176121883,7.025377901490326,77.89359657033313,78.20781241615272,59.43304362900809,58.10829886891434,59.34005999945147,193.65393927806423,1.0,252.15217293462328,1.0,1
20,2024-06-13 19:10:43.714971,8.537889244494409,7.237719439186106,77.90303777610615,78.21359539559825,59.67940939046679,58.32107448045986,59.58822105943223,192.57730967030682,1.0,250.39448353525754,1.0,1
21,2024-06-13 19:10:48.073499,8.78092093457149,7.449580573271523,77.91243740244681,78.21938538964028,59.923227290795104,58.53341310231476,59.833783680596405,191.49937414016958,1.0,248.64453506742382,1.0,1
22,2024-06-13 19:10:52.533103,9.02145179062884,7.660920571837886,77.92179644527938,78.22518180254865,60.16454492606695,58.74527107969815,60.07679839983382,190.42024359600586,1.0,246.9021421177854,1.0,1
23,2024-06-13 19:10:57.213371,9.259526644250158,7.8717013415807315,77.93111583314266,78.23098407738048,60.403407167214574,58.95660769818704,60.31731273495147,189.34002172506084,1.0,245.16713181829292,1.0,1
24,2024-06-13 19:11:01.476952,9.495187879706409,8.081887167584501,77.94039643407012,78.23679169171947,60.639856427845054,59.16738488036384,60.55537149359266,188.258805786688,1.0,243.43934256528993,1.0,1
25,2024-06-13 19:11:06.271398,9.720988332955692,8.24426441639004,77.19926105988901,70.11869764404659,60.86902329089718,59.37731100007607,60.79096842833206,0.0,0.0,381.4180946454197,1.0,1
26,2024-06-13 19:11:10.864673,9.943895081714395,8.407023602888092,77.21185779912837,70.18953361178082,61.0929628883115,59.53969009703177,61.016750457266156,0.0,0.0,379.07293285571865,1.0,1
27,2024-06-13 19:11:14.996870,10.163988676323472,8.570094000339239,77.22440527212736,70.26049280638506,61.3140802024414,59.70245079217781,61.23963948885029,0.0,0.0,376.7369430669778,1.0,1
28,2024-06-13 19:11:19.224271,10.381343654220426,8.73341068482181,77.2369045324913,70.33154848469385,61.53245039296029,59.86552238528743,61.459716020052554,0.0,0.0,374.40992912725676,1.0,1
29,2024-06-13 19:11:23.633630,10.596029314721667,8.896913777104542,77.24935655028058,70.40267610091117,61.7481432858103,60.028839975752675,61.677054541661896,0.0,0.0,372.09171043834084,1.0,1
30,2024-06-13 19:11:32.168906,10.668000000000001,9.122197766160784,77.85691348421354,70.8593959808487,72.90303692108284,60.24854162767872,72.90303692108283,0.0,0.0,258.98154125457603,1.0,1
31,2024-06-13 19:11:36.524713,10.668000000000001,9.377892613723288,77.86367475697854,70.92949614403874,72.95455699833661,60.41818042489212,72.95455699833659,0.0,0.0,257.7227806946433,1.0,1
32,2024-06-13 19:11:41.544939,10.668000000000001,9.631544905233472,77.87391834930688,71.03519508208447,73.03225650680116,60.6738607842454,73.03225650680113,0.0,0.0,255.81570928027085,1.0,1
33,2024-06-13 19:11:46.016544,10.668000000000001,9.883158178301558,77.88414385043438,71.14010228164739,73.10938878366171,60.92749871144348,73.10938878366169,0.0,0.0,253.91200594331045,1.0,1
34,2024-06-13 19:11:50.239993,10.668000000000001,10.132736060700493,77.89435189183862,71.24421946359696,73.18596503384175,61.179097744328686,73.18596503384171,0.0,0.0,252.0115531202435,1.0,1
35,2024-06-13 19:11:54.584697,10.668000000000001,10.380282133437662,77.90454153897507,71.34754742628579,73.26197497154865,61.42866150994171,73.26197497154863,0.0,0.0,250.11452479720828,1.0,1
36,2024-06-13 19:11:59.444929,10.668000000000001,10.625800037274297,77.91471306370023,71.45008768678883,73.3374248954214,61.676193589299885,73.33742489542139,0.0,0.0,248.22087036210655,1.0,1
37,2024-06-13 19:12:09.701363,10.668000000000001,10.668000000000001,79.17982921307944,79.15833522231748,79.16353526247214,79.14988174659129,79.16353526247208,0.0,0.0,12.69150068300582,1.0,1
38,2024-06-13 19:12:14.417503,10.668000000000001,10.668000000000001,79.17982920925583,79.1583352175122,79.163535255804,79.14988174095669,79.16353525580398,0.0,0.0,12.691501394857273,1.0,1
39,2024-06-13 19:12:19.121500,10.668000000000001,10.668000000000001,79.17982927800175,79.15833530390549,79.16353537569121,79.14988184225759,79.16353537569117,0.0,0.0,12.691488596284234,1.0,1
40,2024-06-13 19:12:23.780732,10.668000000000001,10.668000000000001,79.17982929595371,79.15833532646582,79.16353540699794,79.14988186871079,79.16353540699791,0.0,0.0,12.691485254128137,1.0,1
41,2024-06-13 19:12:27.964132,10.668000000000001,10.668000000000001,79.17982917166513,79.15833517027188,79.16353519024901,79.14988168556484,79.16353519024895,0.0,0.0,12.691508393200106,1.0,1
42,2024-06-13 19:12:32.862202,10.662617730461315,10.65978931280394,61.96019529165246,61.95889960008705,61.96292212985188,61.96299831448562,61.96299922900845,0.0,0.0,0.0,0.0,0
43,2024-06-13 19:12:38.029059,10.655230834037132,10.653583252655174,61.95402002380507,61.95200256145818,61.957477767023526,61.954788309120474,61.9576163446847,0.0,0.0,0.0,0.0,0
44,2024-06-13 19:12:42.705726,10.648370147294095,10.646850982903091,61.94696825710826,61.94527228904828,61.95010877336326,61.94858208569314,61.95022962551561,0.0,0.0,0.0,0.0,0
45,2024-06-13 19:12:47.234206,10.641573764860949,10.640054408944588,61.94014326163734,61.938480635718534,61.94325019695504,61.941849795213976,61.94336895966696,0.0,0.0,0.0,0.0,0
46,2024-06-13 19:12:52.132037,10.634777285554188,10.633257931993418,61.93334682620966,61.931684150820644,61.936453811352386,61.93505322128685,61.93657257720245,0.0,0.0,0.0,0.0,0
47,2024-06-13 19:12:56.911164,10.627980807532886,10.626461453972118,61.926550347683936,61.92488767292389,61.929657332087466,61.92825674433533,61.9297760978961,0.0,0.0,0.0,0.0,0
48,2024-06-13 19:13:01.293121,10.621184329618659,10.619664975924046,61.91975386979041,61.918091195051,61.92286085406886,61.92146026631402,61.92297961987483,0.0,0.0,0.0,0.0,0
49,2024-06-13 19:13:06.442474,10.609981308239416,10.606208285466547,61.90729956683966,61.90304861414843,61.91588164404783,61.91466076773464,61.91618133273184,0.0,0.0,0.0,0.0,0
50,2024-06-13 19:13:11.217236,10.59790686774868,10.593623014379544,61.8954805639997,61.8906761769069,61.904633579608344,61.90120456800167,61.90497786538167,0.0,0.0,0.0,0.0,0
