iteration,timestamp,T41_LEVEL,T42_LEVEL,J2_LEVEL,J13_LEVEL,J14_LEVEL,J19_LEVEL,J21_LEVEL,P79_FLOW,P79_STATUS,P1_FLOW,P1_STATUS,T41MiM
0,2024-06-13 18:42:04.793299,3.0509999999999993,3.0509999999999993,-15.24,-15.24,-15.24,-15.24,-15.24,1450.0,1.0,1450.0,1.0,0
1,2024-06-13 18:42:10.620783,3.364747310338268,3.2481728419515297,77.71089056501289,78.09886954336274,54.490973682758714,54.34660723729726,54.34743538299764,213.93606607871055,1.0,286.1669393185446,1.0,0
2,2024-06-13 18:42:16.037705,3.671706680238054,3.448975230608928,77.72142576920038,78.10417397424146,54.798965764409395,54.54380094307692,54.66112571087362,212.94852887749113,1.0,284.20557790288825,1.0,0
3,2024-06-13 18:42:20.300612,3.9730355490850666,3.652260528590001,77.73184060322329,78.10954460226385,55.101232666602314,54.74461778998197,54.96803862069711,211.94866761295918,1.0,282.2666260572955,1.0,0
4,2024-06-13 18:42:25.177488,4.269386479439203,3.8573869850878624,77.74215289002028,78.11496355561667,55.39847476176433,54.94791390819682,55.26932702643835,210.93980951868002,1.0,280.3467656472929,1.0,0
5,2024-06-13 18:42:30.189829,4.5611953285259075,4.063929165027548,77.75237425762343,78.1204211601105,55.69114737595791,55.15304874088841,55.56564153782059,209.92375565910302,1.0,278.44383185737166,1.0,0
6,2024-06-13 18:42:35.356712,4.848784209364241,4.271574945075252,77.7625131310376,78.12591115960642,55.97958218154292,55.359597484289786,55.85741698053596,208.90167075295096,1.0,276.55625618642136,1.0,0
7,2024-06-13 18:42:40.875243,5.13240509219375,4.4800819539734755,77.772575984813,78.13142903903221,56.26403671594629,55.56724840701358,56.144974828241295,207.87439538083257,1.0,274.68283325362637,1.0,0
8,2024-06-13 18:42:45.053143,5.412262971912664,4.689254453077714,77.78256799949959,78.13697133657037,56.54471948834151,55.77575940217943,56.42856662086847,206.8425740366984,1.0,272.82259858496917,1.0,0
9,2024-06-13 18:42:50.978573,5.688529467850313,4.898929779961343,77.79249344420339,78.14253528447517,56.82180446771555,55.98493492038162,56.70839704612855,205.80672199767008,1.0,270.9747573918744,1.0,0
10,2024-06-13 18:42:57.748785,5.961351417859189,5.108969791167946,77.80235591676629,78.14811860129554,57.095440130910205,56.194612440779274,56.98463749421723,204.76726400634968,1.0,269.1386398564531,1.0,0
11,2024-06-13 18:43:02.356580,6.2308566214479,5.319255150046815,77.812158503309,78.15371936219881,57.36575545809323,56.404653929537254,57.25743462617835,203.72455841293723,1.0,267.3136714290403,1.0,0
12,2024-06-13 18:43:07.040926,6.497157849317661,5.529681343118187,77.82190388899086,78.15933591324352,57.632864092104725,56.61494013722248,57.5269161013554,202.678913135246,1.0,265.4993522077978,1.0,0
13,2024-06-13 18:43:12.865285,6.762217511367896,5.743943104133954,77.83600952274622,78.17330159571029,57.8982431987281,56.82538963317302,57.79320819931183,200.078892267482,1.0,262.87327631036874,1.0,0
14,2024-06-13 18:43:17.652690,7.024285211263324,5.9581177146258515,77.8457261250264,78.17902702701535,58.16109580013357,57.03965086072938,58.058246009276466,199.01297651967386,1.0,261.0643157563563,1.0,0
15,2024-06-13 18:43:24.532937,7.283440349705665,6.172133306660575,77.85539318127113,78.18476422686724,58.421035531526215,57.25382449832419,58.32029264017682,197.94486979643185,1.0,259.2645792933544,1.0,1
16,2024-06-13 18:43:29.684743,7.539755681712638,6.3859245269799505,77.86501232671826,78.19051221702443,58.67813538281383,57.46783871866851,58.5794274292414,196.87475421905125,1.0,257.4737624856431,1.0,1
17,2024-06-13 18:43:35.117575,7.793298254022382,6.599431610926019,77.87458505008034,78.19627010903022,58.93246258352872,57.681628203687026,58.83572307678014,195.80279519342002,1.0,255.6915881764377,1.0,1
18,2024-06-13 18:43:40.795579,8.044130163155902,6.8125996343048225,77.88411271376224,78.20203709084889,59.18407937281072,57.895133219468036,59.089246581931185,194.72914389794363,1.0,253.91780272392555,1.0,1
19,2024-06-13 18:43:47.116059,8.292309176121883,7.025377901490326,77.89359657033313,78.20781241615272,59.43304362900809,58.10829886891434,59.34005999945147,193.65393927806423,1.0,252.15217293462328,1.0,1
20,2024-06-13 18:43:53.651382,8.537889244494409,7.237719439186106,77.90303777610615,78.21359539559825,59.67940939046679,58.32107448045986,59.58822105943223,192.57730967030682,1.0,250.39448353525754,1.0,1
21,2024-06-13 18:43:59.525343,8.78092093457149,7.449580573271523,77.91243740244681,78.21938538964028,59.923227290795104,58.53341310231476,59.833783680596405,191.49937414016958,1.0,248.64453506742382,1.0,1
22,2024-06-13 18:44:05.481592,9.02145179062884,7.660920571837886,77.92179644527938,78.22518180254865,60.16454492606695,58.74527107969815,60.07679839983382,190.42024359600586,1.0,246.9021421177854,1.0,1
23,2024-06-13 18:44:11.693162,9.259526644250158,7.8717013415807315,77.93111583314266,78.23098407738048,60.403407167214574,58.95660769818704,60.31731273495147,189.34002172506084,1.0,245.16713181829292,1.0,1
24,2024-06-13 18:44:17.773317,9.495187879706409,8.081887167584501,77.94039643407012,78.23679169171947,60.639856427845054,59.16738488036384,60.55537149359266,188.258805786688,1.0,243.43934256528993,1.0,1
25,2024-06-13 18:44:23.405303,9.727603938992083,8.289681348717455,77.94757168518589,78.2387425737959,60.87335427323605,59.377556371756036,60.79101130934529,187.89560591290274,1.0,242.1035107735516,1.0,1
26,2024-06-13 18:44:29.869109,9.951061489282974,8.45166213273756,77.21299923789074,70.20788998080106,61.09993112249125,59.5851032666769,61.02336955467031,0.0,0.0,378.86042876875604,1.0,1
27,2024-06-13 18:44:36.140305,10.171670354211416,8.613987084722027,77.22555962074932,70.2785558922877,61.32157292232828,59.74708571245824,61.24680912723391,0.0,0.0,376.52203552394593,1.0,1
28,2024-06-13 18:44:42.446811,10.389508002312661,8.77658847270995,77.23807117380979,70.34933069283377,61.54043447904321,59.90941200134749,61.467400692081036,0.0,0.0,374.19273302670916,1.0,1
29,2024-06-13 18:44:50.107856,10.604646286768189,8.939403977945547,77.25053491086365,70.4201887740433,61.756588233818135,60.072014426184936,61.68522166797112,0.0,0.0,371.87233253732876,1.0,1
30,2024-06-13 18:45:01.948815,10.668000000000001,9.168342849463547,77.85831420124383,70.87394027442829,72.91372562012451,60.28374262651819,72.91372562012451,0.0,0.0,258.72076677991157,1.0,1
31,2024-06-13 18:45:08.619420,10.668000000000001,9.423670019102968,77.86551865162848,70.94856764457592,72.96857477901352,60.46432289288506,72.96857477901352,0.0,0.0,257.3794988980538,1.0,1
32,2024-06-13 18:45:14.263256,10.668000000000001,9.676955274248527,77.8757590784265,71.05412411965378,73.04617329302494,60.71963559666798,73.0461732930249,0.0,0.0,255.47301681720748,1.0,1
33,2024-06-13 18:45:20.429041,10.668000000000001,9.928202177957138,77.88598163468029,71.15888923330384,73.12320805187836,60.972906509960744,73.12320805187835,0.0,0.0,253.56986173366258,1.0,1
34,2024-06-13 18:45:25.564190,10.668000000000001,10.177414309378692,77.89618610458005,71.26286419833718,73.1996786341652,61.224139195532274,73.19967863416517,0.0,0.0,251.6700738251918,1.0,1
35,2024-06-13 18:45:32.203399,10.668000000000001,10.424595288361207,77.90637254842991,71.36605040218224,73.27558841888671,61.47333723241263,73.2755884188867,0.0,0.0,249.77364186484715,1.0,1
36,2024-06-13 18:45:44.981241,10.668000000000001,10.668000000000001,79.14600742594897,79.10068001085868,79.11164561674912,79.08285201479055,79.11164561674904,0.0,0.0,18.988174872306388,1.0,1
37,2024-06-13 18:45:51.775692,10.668000000000001,10.668000000000001,79.17982924376884,79.15833526088487,79.16353531599184,79.14988179181354,79.1635353159918,0.0,0.0,12.69149496949787,1.0,1
38,2024-06-13 18:45:58.190737,10.668000000000001,10.668000000000001,79.17982925044545,79.15833526927538,79.1635353276353,79.14988180165186,79.16353532763524,0.0,0.0,12.691493726497233,1.0,1
39,2024-06-13 18:46:05.508970,10.668000000000001,10.668000000000001,79.17982924506325,79.15833526251157,79.1635353182492,79.14988179372095,79.16353531824915,0.0,0.0,12.691494728514188,1.0,1
40,2024-06-13 18:46:12.443128,10.668000000000001,10.668000000000001,79.17982923257402,79.1583352468163,79.16353529646906,79.14988177531737,79.16353529646901,0.0,0.0,12.691497053659758,1.0,1
41,2024-06-13 18:46:18.378891,10.668000000000001,10.668000000000001,79.17982921996328,79.1583352309683,79.1635352744769,79.14988175673473,79.16353527447684,0.0,0.0,12.691499401430413,1.0,1
42,2024-06-13 18:46:24.404557,10.668000000000001,10.668000000000001,79.17982925311503,79.15833527263024,79.16353533229083,79.14988180558564,79.16353533229078,0.0,0.0,12.691493229495736,1.0,1
43,2024-06-13 18:46:31.280980,10.668000000000001,10.668000000000001,79.17982921747256,79.15833522783825,79.16353527013332,79.14988175306453,79.16353527013327,0.0,0.0,12.691499865130242,1.0,1
44,2024-06-13 18:46:38.360114,10.668000000000001,10.668000000000001,79.1798292460328,79.15833526372998,79.16353531994007,79.1498817951496,79.16353531994001,0.0,0.0,12.691494548011834,1.0,1
45,2024-06-13 18:46:44.778934,10.668000000000001,10.668000000000001,79.17982921706046,79.15833522732034,79.16353526941467,79.14988175245726,79.16353526941461,0.0,0.0,12.691499941850985,1.0,1
46,2024-06-13 18:46:51.028931,10.668000000000001,10.668000000000001,79.17982922981491,79.15833524334887,79.16353529165728,79.14988177125159,79.16353529165724,0.0,0.0,12.691497567329476,1.0,1
47,2024-06-13 18:46:57.103576,10.668000000000001,10.668000000000001,79.17982922494994,79.15833523723502,79.1635352831732,79.14988176408278,79.16353528317316,0.0,0.0,12.691498473051466,1.0,1
48,2024-06-13 18:47:02.860751,10.668000000000001,10.668000000000001,79.17982923590999,79.1583352510086,79.16353530228668,79.14988178023306,79.16353530228663,0.0,0.0,12.691496432598383,1.0,1
49,2024-06-13 18:47:09.443475,10.668000000000001,10.668000000000001,79.12432841220979,79.05955813229541,79.07522717885021,79.0340824747391,79.07522717885016,0.0,0.0,23.02420306130621,1.0,1
50,2024-06-13 18:47:15.356647,10.668000000000001,10.668000000000001,79.12432841364802,79.05955813434686,79.07522718206566,79.0340824773086,79.07522718206562,0.0,0.0,23.024202793548493,1.0,1
