iteration,timestamp,T1,V5F,J5,V5
0,2025-07-10 16:47:37.794367,0.0,0.0,0.0,1
1,2025-07-10 16:47:40.187770,3.191578061938476,130.7858810844209,55.54426850300372,1
2,2025-07-10 16:47:42.515841,3.3316551302543784,130.31217105321957,55.67726145879922,1
3,2025-07-10 16:47:44.949901,3.471224829765587,129.83256210077343,55.80968126516209,1
4,2025-07-10 16:47:47.875723,3.6102808508230915,129.34711217326367,55.94152311301197,1
5,2025-07-10 16:47:50.140395,3.748816931465122,128.85586183301712,56.072782384522164,1
6,2025-07-10 16:47:52.721637,3.886826867627368,128.35887192352402,56.2034544192371,1
7,2025-07-10 16:47:55.544851,4.024304505801977,127.85619459634745,56.33353478262529,1
8,2025-07-10 16:47:58.324957,4.161243755708685,127.34787620843235,56.46301894939872,1
9,2025-07-10 16:48:01.078563,4.297638579105917,126.83398050057804,56.591902529651996,1
10,2025-07-10 16:48:03.490404,4.433482995852692,126.31456252165663,56.72018136956371,1
11,2025-07-10 16:48:06.271110,4.568771097066004,125.78968021784931,56.847851149261686,1
12,2025-07-10 16:48:08.375341,4.703497027832418,141.2670009096928,57.21850643207735,1
13,2025-07-10 16:48:10.646363,4.854799803380278,140.55598098536848,57.35846166607581,1
14,2025-07-10 16:48:13.252313,5.005341052458535,139.84173635606112,57.49765260285639,1
15,2025-07-10 16:48:15.708590,5.155117305825526,139.1243191733338,57.63607796192244,1
16,2025-07-10 16:48:17.855205,5.304125180402441,138.4037844860586,57.77373566359598,1
17,2025-07-10 16:48:19.980654,5.4523613345766835,137.68019313772584,57.91062400809183,1
18,2025-07-10 16:48:22.489494,5.599822491826193,136.95361176644383,58.04674144457108,1
19,2025-07-10 16:48:25.019319,5.746505447381938,136.22408093453942,58.182086266329094,1
20,2025-07-10 16:48:27.352241,5.892407053541707,135.49168466397532,58.316656927666216,1
21,2025-07-10 16:48:30.139227,6.037524227666208,134.7564693116965,58.45045199434857,1
22,2025-07-10 16:48:32.844717,6.181853956361267,134.01850441312035,58.58347002187019,1
23,2025-07-10 16:48:35.752568,6.325393290951449,133.2778537090462,58.715709770551676,1
24,2025-07-10 16:48:38.599157,6.468139358314762,125.21407762164927,58.738895956572314,1
25,2025-07-10 16:48:40.984875,6.602248792463654,124.54622760230905,58.863388769022215,1
26,2025-07-10 16:48:43.223854,6.7356429270986835,110.24523466971914,58.801436817725055,1
27,2025-07-10 16:48:45.717935,6.853720113437102,109.00474310403752,58.90352856370297,1
28,2025-07-10 16:48:48.442906,6.97046868416235,107.79516003140088,59.00483852585631,1
29,2025-07-10 16:48:51.128466,7.08592174404437,106.61470360673775,59.10536629601055,1
30,2025-07-10 16:48:53.258814,7.200110482600118,-35.52178264897066,58.40048585953845,1
31,2025-07-10 16:48:55.938846,7.16206518938518,-36.47716161935932,58.35767324524759,1
32,2025-07-10 16:48:57.933796,7.122996643477389,-37.359708034614414,58.314105286225434,1
33,2025-07-10 16:48:59.865298,7.082982855387945,-38.173776550252114,58.269860083999184,1
34,2025-07-10 16:49:02.467098,7.042097167675314,-38.92352480477257,58.225008666281724,1
35,2025-07-10 16:49:04.901008,7.000408469116295,-39.612977160459195,58.179615247860774,1
36,2025-07-10 16:49:07.249958,6.957981339572296,-21.52913293571146,58.2155484352198,1
37,2025-07-10 16:49:10.119845,6.9349227528279505,-22.645547240927044,58.18881570379436,1
38,2025-07-10 16:49:12.824069,6.910668442445422,-23.66052096135718,58.161084212125424,1
39,2025-07-10 16:49:15.710718,6.885327049785954,-24.571420443066927,58.13251193766628,1
40,2025-07-10 16:49:17.999618,6.859010046194971,-25.383944692976,58.10322548020697,1
41,2025-07-10 16:49:20.154822,6.831822797467949,-26.106449550411526,58.07332876951794,1
42,2025-07-10 16:49:23.021893,6.803861713124262,-26.74681569601489,58.042912218469255,1
43,2025-07-10 16:49:25.146433,6.775214772973543,-27.312605106430965,58.012053644769004,1
44,2025-07-10 16:49:27.678132,6.745961847082995,-27.811003108126897,57.980819883947454,1
45,2025-07-10 16:49:30.271552,6.716175114490437,-28.24880678815589,57.94926801069241,1
46,2025-07-10 16:49:32.784747,6.68591947850577,-28.632407610302835,57.91744647828734,1
47,2025-07-10 16:49:35.560474,6.655252991194289,-28.967692906576303,57.885396599868635,1
48,2025-07-10 16:49:38.238868,6.624227400558513,-56.76414283129816,57.693786220723005,1
49,2025-07-10 16:49:40.552632,6.563430662757876,-56.73989235447152,57.6331678655999,1
50,2025-07-10 16:49:43.251304,6.502659900508936,-56.71772504285855,57.57256006363971,1
51,2025-07-10 16:49:45.721034,6.441912881097662,-56.69747285253379,57.51196187774354,1
52,2025-07-10 16:49:47.883328,6.381187553147248,-56.67895325302652,57.45137260184704,1
53,2025-07-10 16:49:50.709224,6.320482059568127,-56.662024276192824,57.39079144179962,1
54,2025-07-10 16:49:53.269344,6.25979469676269,-56.64655264581597,57.33021769628621,1
55,2025-07-10 16:49:56.075733,6.199123906050667,-56.63240508567924,57.26965078155646,1
56,2025-07-10 16:49:58.507558,6.138468269919463,-56.619471498038365,57.20909004726585,1
57,2025-07-10 16:50:01.208945,6.077826481919778,-56.60765047707628,57.14853503625547,1
58,2025-07-10 16:50:03.873043,6.017197358804203,-56.596840616975896,57.08798520182454,1
59,2025-07-10 16:50:06.519440,5.956579809628834,-56.586952101156385,57.02744017953728,1
60,2025-07-10 16:50:08.799963,5.895972848992189,71.52561957923353,57.536872932011796,1
61,2025-07-10 16:50:10.513567,5.972579732958901,70.83650041408873,57.60733335173181,1
62,2025-07-10 16:50:13.405588,6.0484485416899965,70.16309045866365,57.677244631394736,1
63,2025-07-10 16:50:15.817462,6.123596097318238,69.50460743951226,57.74661363499063,1
64,2025-07-10 16:50:18.388363,6.198038387834323,68.86033282398785,57.81544708939898,1
65,2025-07-10 16:50:21.030899,6.271790639287049,68.22960892293395,57.883751582589305,1
66,2025-07-10 16:50:23.371529,6.344867361473282,67.61180702028469,57.95153355436217,1
67,2025-07-10 16:50:25.773264,6.417282389715251,67.00635055153725,58.018799482244034,1
68,2025-07-10 16:50:28.426936,6.489048947552412,66.41269192527943,58.08555567405888,1
69,2025-07-10 16:50:31.136789,6.56017967839486,65.83032990704396,58.15180824288477,1
70,2025-07-10 16:50:33.515527,6.6306866719528985,65.25877774890887,58.217563307243,1
71,2025-07-10 16:50:36.449902,6.700581514905782,64.69759216258808,58.28282673000395,1
72,2025-07-10 16:50:39.159913,6.769875303556661,59.915992080732394,58.31404609997448,1
73,2025-07-10 16:50:41.380612,6.8340477983948595,59.41572821200225,58.37437937336438,1
74,2025-07-10 16:50:44.005634,6.89768449128436,58.92403168616056,58.434269284375404,1
75,2025-07-10 16:50:46.403627,6.960794553534658,58.44054903150209,58.49372107757777,1
76,2025-07-10 16:50:49.162732,7.0233867882640615,57.9649615440303,58.55273983074328,1
77,2025-07-10 16:50:51.632460,7.0854696485699575,-97.94088171304338,57.76138074829613,1
78,2025-07-10 16:50:53.850143,6.980570926574653,-97.6501135704666,57.659881352054015,1
79,2025-07-10 16:50:55.745665,6.875983636741823,-97.37700162929741,57.558479329429005,1
80,2025-07-10 16:50:58.123498,6.77168885636258,-97.12041304169361,57.45717023084982,1
81,2025-07-10 16:51:00.810872,6.667668893175621,-96.8792787006123,57.35595003048624,1
82,2025-07-10 16:51:03.594019,6.563907197467339,-96.65259903442802,57.25481486943646,1
83,2025-07-10 16:51:06.337358,6.460388288503975,-96.43944690424178,57.15376082359009,1
84,2025-07-10 16:51:08.579408,6.357097664086789,-139.3471425211601,56.46261684748574,1
85,2025-07-10 16:51:11.059324,6.207851132211371,-139.13828420299978,56.31666997565502,1
86,2025-07-10 16:51:13.850499,6.058828299103394,-138.93845389986836,56.17080022146716,1
87,2025-07-10 16:51:16.751591,5.910019489529291,-138.74724598849753,56.0250049585294,1
88,2025-07-10 16:51:18.464618,5.7614154777640385,30.32682348361959,57.12701986719425,1
89,2025-07-10 16:51:20.702995,5.793896754720675,29.896095032313497,57.157655221510254,1
90,2025-07-10 16:51:22.614387,5.825916701659428,29.497390538040236,57.18798658037889,1
91,2025-07-10 16:51:24.862621,5.857509623477396,29.12616412288571,57.21802466460715,1
92,2025-07-10 16:51:27.525286,5.888704948707602,28.77873620434457,57.247780026175576,1
93,2025-07-10 16:51:29.149689,5.919528162410197,28.452067505213563,57.27726276044166,1
94,2025-07-10 16:51:31.720268,5.950001499791565,28.143628674683896,57.30648240247924,1
95,2025-07-10 16:51:34.290002,5.980144486230717,27.851281498669778,57.335447843091465,1
96,2025-07-10 16:51:36.806130,6.009974353072637,26.177338011166285,57.35873769662551,1
97,2025-07-10 16:51:38.944979,6.038011359353993,25.92969631393771,57.38583656294984,1
98,2025-07-10 16:51:41.499821,6.06578313265257,25.69272250866561,57.412717732896645,1
99,2025-07-10 16:51:44.231383,6.093301100509028,25.465275055580605,57.43938741681108,1
100,2025-07-10 16:51:46.580790,6.120575454608422,25.246354383057223,57.465851403432545,1
101,2025-07-10 16:51:49.280728,6.147615339795027,25.035099990304843,57.4921149366613,1
102,2025-07-10 16:51:52.076901,6.1744289617111585,24.8307469877318,57.518182880031524,1
103,2025-07-10 16:51:54.361649,6.201023717694523,24.632628994254446,57.54405965318113,1
104,2025-07-10 16:51:57.127412,6.227406276727906,24.44014047227938,57.5697493435347,1
105,2025-07-10 16:51:59.913149,6.2535826732864574,24.252768598103103,57.595255741506996,1
106,2025-07-10 16:52:02.227440,6.27955838807448,24.07003531573082,57.620582287904504,1
107,2025-07-10 16:52:04.824702,6.3053383921761545,23.891535001894226,57.64573218272494,1
108,2025-07-10 16:52:07.441969,6.330927213191475,55.83109921644791,57.84455367729386,1
109,2025-07-10 16:52:10.265309,6.390724622390549,55.29952702602259,57.90051165948156,1
110,2025-07-10 16:52:12.375706,6.44995269232027,54.78135199268763,57.9560272504953,1
111,2025-07-10 16:52:14.770686,6.508625778141185,54.275832405323854,58.01110722476235,1
112,2025-07-10 16:52:17.242652,6.566757431464516,53.78227290975701,58.06575817963578,1
113,2025-07-10 16:52:19.285532,6.624360462588557,53.30004189261217,58.11998658461139,1
114,2025-07-10 16:52:21.637955,6.681447004573425,52.82853381629593,58.17379861869057,1
115,2025-07-10 16:52:23.924720,6.738028545924479,52.367209781323254,58.22720032595792,1
116,2025-07-10 16:52:26.385435,6.79411598477712,51.91555116937252,58.28019765456282,1
117,2025-07-10 16:52:28.974364,6.8497196837071215,51.47308571906706,58.33279618237321,1
118,2025-07-10 16:52:31.233842,6.904849475331916,51.03936145019361,58.385001530736034,1
119,2025-07-10 16:52:34.050411,6.959514733949569,50.61396115024763,58.436818966217594,1
120,2025-07-10 16:52:36.593211,7.0137243750197555,69.3492392412054,58.635383042222145,1
121,2025-07-10 16:52:38.637183,7.088000267336158,-85.5411928017702,57.90118942783333,1
122,2025-07-10 16:52:41.455937,6.996382127526878,-85.26795917362051,57.812417605525276,1
123,2025-07-10 16:52:43.911583,6.90505663117251,-85.01326252883246,57.72373836669064,1
124,2025-07-10 16:52:45.660930,6.814003927672019,-84.77577010523873,57.63514705238778,1
125,2025-07-10 16:52:47.775709,6.723205586177144,-84.55421288147136,57.5466396864955,1
126,2025-07-10 16:52:50.441044,6.632644542730157,-84.34746380430624,57.45821189453908,1
127,2025-07-10 16:52:53.098496,6.5423049376554685,-84.15446535593674,57.369859629841464,1
128,2025-07-10 16:52:55.523641,6.452172041806003,-83.9742585270642,57.28157883697064,1
129,2025-07-10 16:52:57.799562,6.362232153005235,-83.80593645995305,57.19336585177513,1
130,2025-07-10 16:53:00.689495,6.272472542718148,-83.64869949730291,57.10521678919512,1
131,2025-07-10 16:53:03.547431,6.182881342536054,-83.5017566737406,57.0171282867071,1
132,2025-07-10 16:53:05.993503,6.093447518502575,-93.7234369592943,56.817822578124186,1
133,2025-07-10 16:53:08.777134,5.993065860581854,-93.57853673861882,56.719073653605555,1
134,2025-07-10 16:53:11.412964,5.892839392839564,68.93632634330515,57.51090734708736,1
135,2025-07-10 16:53:13.131384,5.966673036466854,68.26907606694022,57.57897359404218,1
136,2025-07-10 16:53:15.564525,6.039792026622882,67.61751471913158,57.64650697082196,1
137,2025-07-10 16:53:18.029984,6.112213170883289,66.98085133450604,57.71351429831049,1
138,2025-07-10 16:53:20.646852,6.183952421307744,66.35834420194442,57.78000229424682,1
139,2025-07-10 16:53:23.175474,6.255024935409316,65.74930376189059,57.84597766882272,1
140,2025-07-10 16:53:25.519966,6.32544514403464,65.15308681173337,57.91144691030021,1
141,2025-07-10 16:53:28.207963,6.395226786640525,64.56911678696997,57.97641649561416,1
142,2025-07-10 16:53:31.105484,6.464382971944967,63.99682291771569,58.040892676838126,1
143,2025-07-10 16:53:33.862400,6.532926205882974,63.43569817488515,58.10488172121946,1
144,2025-07-10 16:53:36.756920,6.6008684496213235,72.80251293593665,58.25329182313048,1
145,2025-07-10 16:53:40.604975,6.678842939028653,72.17342021988316,58.32556749603363,1
146,2025-07-10 16:53:47.027054,6.756143645262907,71.55489688727812,58.39730618559503,1
147,2025-07-10 16:53:53.342990,6.832781889007584,70.94654310947135,58.46851364943726,1
148,2025-07-10 16:53:59.639902,6.908768559459845,70.34799672283043,58.53919570335764,1
149,2025-07-10 16:54:05.957452,6.984114164655144,69.758898461032,58.60935784990822,1
150,2025-07-10 16:54:12.335847,7.058828825311324,69.17892092815237,58.67900550813194,1
151,2025-07-10 16:54:18.471705,7.132922297875471,68.60773672826781,58.74814412694469,1
152,2025-07-10 16:54:24.752360,7.2064040099763025,68.04504743854523,58.81677890290487,1
153,2025-07-10 16:54:30.945634,7.279283057847331,67.49056332807868,58.884914981057,1
154,2025-07-10 16:54:37.162771,7.351568229536118,66.94401204981659,58.95255744790205,1
155,2025-07-10 16:54:43.352149,7.423268025405513,66.40513864056174,59.01971121801145,1
156,2025-07-10 16:54:49.767959,7.494390662567826,72.71722195184793,59.14603896103278,1
157,2025-07-10 16:54:56.185638,7.572273802127089,72.12493085546612,59.21856083930978,1
158,2025-07-10 16:55:02.591001,7.6495225731417715,71.54058128321594,59.290556833741185,1
159,2025-07-10 16:55:08.974072,7.72614548061797,70.96393565575454,59.362031909638524,1
160,2025-07-10 16:55:15.285154,7.802150773687363,70.39476508566622,59.43299096715093,1
161,2025-07-10 16:55:21.775017,7.877546462774723,69.83284358284436,59.503438701285326,1
162,2025-07-10 16:55:28.070819,7.952340315201095,69.2779683356548,59.57337979818715,1
163,2025-07-10 16:55:34.514318,8.026539875485295,68.72993363515434,59.6428187739872,1
164,2025-07-10 16:55:40.958888,8.100152464073197,68.18854246432693,59.71176016086731,1
165,2025-07-10 16:55:47.242870,8.173185199524774,67.65360939539278,59.78020833008443,1
166,2025-07-10 16:55:53.596638,8.245644996640532,67.12495769249927,59.84816767325418,1
167,2025-07-10 16:56:00.057644,8.31753858778997,66.60241351710283,59.9156424055977,1
168,2025-07-10 16:56:06.412377,8.388872517384268,50.975950944120996,59.86859668927989,1
169,2025-07-10 16:56:12.609021,8.443469860484424,50.64717879861291,59.92099567407464,1
170,2025-07-10 16:56:18.784262,8.497715068839401,50.31963511214599,59.97306082174618,1
171,2025-07-10 16:56:25.091231,8.55160947415904,49.99338072821047,60.02479566357768,1
172,2025-07-10 16:56:31.243860,8.605154446001318,49.66842723604259,60.076201549676334,1
173,2025-07-10 16:56:37.466515,8.658351371831646,49.34477463564235,60.127279825476606,1
174,2025-07-10 16:56:43.870623,8.711201653657971,49.02243741355505,60.17803183685256,1
175,2025-07-10 16:56:50.137560,8.76370670596724,48.70141846708975,60.22845880694415,1
176,2025-07-10 16:56:56.410333,8.815867933507045,48.381729385482686,60.2785621099389,1
177,2025-07-10 16:57:02.604033,8.867686757827634,48.06338175797009,60.328343170065764,1
178,2025-07-10 16:57:08.789596,8.919164623172739,47.74637268724291,60.37780316798901,1
179,2025-07-10 16:57:15.038173,8.97030295199635,47.43071086522832,60.42694356938153,1
180,2025-07-10 16:57:21.394987,9.021103196460619,58.59778599415222,60.55521581568584,1
181,2025-07-10 16:57:27.580903,9.08386383566031,58.138539329775085,60.614518213187246,1
182,2025-07-10 16:57:33.867552,9.146132603006471,57.68459184366748,60.673390663818196,1
183,2025-07-10 16:57:40.224108,9.20791517632049,57.2358218488489,60.73183795095889,1
184,2025-07-10 16:57:46.432959,9.269217098764317,56.79208737717545,60.78986380802722,1
185,2025-07-10 16:57:52.832189,9.330043758114222,56.35323487126698,60.84747191333586,1
186,2025-07-10 16:57:59.093453,9.390400396261207,55.919136849524875,60.90466576351872,1
187,2025-07-10 16:58:05.331741,9.45029209905728,55.48966583035053,60.96144888894258,1
188,2025-07-10 16:58:11.565897,9.509723819407531,55.06469143483628,61.01782470601016,1
189,2025-07-10 16:58:17.885260,9.568700375696038,54.64409487331068,61.07379653491413,1
190,2025-07-10 16:58:24.255529,9.627226453149184,54.22776025341136,61.12936768847712,1
191,2025-07-10 16:58:30.513046,9.685306618566806,53.81558037470313,61.184541382069064,1
192,2025-07-10 16:58:36.991393,9.742945319640095,52.0105771119006,61.22967520682892,1
193,2025-07-10 16:58:43.200177,9.798650790124686,51.624412171236145,61.28275261099984,1
194,2025-07-10 16:58:49.498226,9.853942661163948,51.241619698316754,61.335455854772825,1
195,2025-07-10 16:58:55.809688,9.908824546430171,50.86210697925253,61.38778749666062,1
196,2025-07-10 16:59:02.146463,9.963299957307362,50.48581317055323,61.439750268652176,1
197,2025-07-10 16:59:08.378125,10.017372344265643,50.112662942183306,61.49134666540379,1
198,2025-07-10 16:59:14.564273,10.07104506628819,0.0,63.269385573889174,0
199,2025-07-10 16:59:20.903506,10.071045073161383,0.0,63.321113706774554,0
200,2025-07-10 16:59:27.084251,10.071045079099514,0.0,67.81513814353772,0
201,2025-07-10 16:59:33.434176,10.071045101638518,0.0,6.320695433714718e-11,0
202,2025-07-10 16:59:39.565099,10.071044881619313,-78.96944396065919,60.95053423582879,1
203,2025-07-10 16:59:46.019765,9.986465353792061,-78.94197747077669,60.8662223686666,1
204,2025-07-10 16:59:52.218222,9.901915244889022,-99.47454039320291,60.55975288388579,1
205,2025-07-10 16:59:58.538127,9.795373914471579,-99.38980279514453,60.454216351174935,1
206,2025-07-10 17:00:04.751346,9.688923343484294,-99.30970958350827,60.34871485192925,1
207,2025-07-10 17:00:11.012662,9.582558556855819,-99.2339913085516,60.24324667649313,1
208,2025-07-10 17:00:17.204419,9.476274866795372,-99.16241328824071,60.13781004443248,1
209,2025-07-10 17:00:23.626991,9.370067839624236,-99.09474084054182,60.03240341763262,1
210,2025-07-10 17:00:29.909423,9.263933295797225,-99.0307537699664,59.92702522408707,1
211,2025-07-10 17:00:36.254919,9.157867284839384,-98.97024347026218,59.8216740035185,1
212,2025-07-10 17:00:42.525502,9.051866075587608,-98.91303900019466,59.71634833774796,1
213,2025-07-10 17:00:48.843196,8.945926140918852,-98.85892885620251,59.61104700580287,1
214,2025-07-10 17:00:55.072828,8.840044157833553,-98.80775948090559,59.505768676160876,1
215,2025-07-10 17:01:01.520040,8.734216979550697,-98.75936862499657,59.40051212007948,1
216,2025-07-10 17:01:07.664549,8.62844162938248,-87.2110105211732,59.42406760439065,1
217,2025-07-10 17:01:13.858523,8.535035044399761,-87.20593153839218,59.33071485242307,1
218,2025-07-10 17:01:20.168337,8.441633902359188,-87.20114518382616,59.23736449910861,1
219,2025-07-10 17:01:26.446464,8.348237890242684,-87.19664566285701,59.14401619520825,1
220,2025-07-10 17:01:32.684663,8.25484669712143,-87.19239820777602,59.05066998693962,1
221,2025-07-10 17:01:39.083276,8.161460048101642,-87.1884173051285,58.95732559764394,1
222,2025-07-10 17:01:45.257462,8.068077668078745,-87.18465949527854,58.863983015115465,1
223,2025-07-10 17:01:51.529922,7.974699308473998,-87.18113057284427,58.770642073029826,1
224,2025-07-10 17:01:57.755881,7.881324728992034,-87.17780735935321,58.677302715202785,1
225,2025-07-10 17:02:04.005391,7.787953707913117,-87.17468116287819,58.58396482982796,1
226,2025-07-10 17:02:10.381302,7.6945860346011905,-87.17174039418296,58.49062830896127,1
227,2025-07-10 17:02:16.520655,7.60122150877659,-87.16897925864941,58.39729310677639,1
228,2025-07-10 17:02:22.848219,7.507859945748107,-89.3230126519029,58.28085804721417,1
229,2025-07-10 17:02:29.061271,7.41219131680354,-89.31248093347222,58.18530339490142,1
230,2025-07-10 17:02:35.475187,7.316533966913554,-89.30256344456211,58.089753393557075,1
231,2025-07-10 17:02:41.754250,7.220887241793572,-89.2932167255367,57.99420782138915,1
232,2025-07-10 17:02:48.118510,7.125250529154133,-89.28442339254161,57.89866626849321,1
233,2025-07-10 17:02:54.371792,7.0296232365797255,-89.27613419132285,57.8031286361661,1
234,2025-07-10 17:03:00.586463,6.934004820383009,-89.26832594340794,57.7075947095272,1
235,2025-07-10 17:03:07.089408,6.838394769304997,-89.26096677839723,57.61206423912731,1
236,2025-07-10 17:03:13.251126,6.742792597897151,-89.2540364151273,57.516537008097664,1
237,2025-07-10 17:03:19.503584,6.647197847204917,-89.24750877781662,57.42101284113519,1
238,2025-07-10 17:03:25.846391,6.551610086273071,-89.24136358530177,57.32549159019418,1
239,2025-07-10 17:03:31.976611,6.456028912084524,-89.2355689671831,57.22997304409304,1
240,2025-07-10 17:03:38.123810,6.360453940551747,-71.53035378223649,57.309511278736714,1
241,2025-07-10 17:03:44.461274,6.283841985621246,-71.60912871825076,57.23219339483935,1
242,2025-07-10 17:03:50.748888,6.207145656645644,-71.68261316792268,57.15483797246928,1
243,2025-07-10 17:03:56.936619,6.130370622831015,-71.75112004063067,57.077448234424935,1
244,2025-07-10 17:04:03.329898,6.053522216913457,-71.81502598655243,57.00002573478421,1
245,2025-07-10 17:04:09.489255,5.976605371820924,-71.87461494197578,56.922573088514895,1
246,2025-07-10 17:04:15.764936,5.899624699041558,-71.93017084318853,56.84509258234045,1
247,2025-07-10 17:04:18.549878,5.822584523689022,-71.9819573453151,56.76758618751661,1
248,2025-07-10 17:04:21.462580,5.745488882413808,-72.03024389809798,56.69005556656911,1
249,2025-07-10 17:04:24.589596,5.6683415222675135,-72.07523910778946,56.61250266017528,1
250,2025-07-10 17:04:27.307989,5.591145969342934,-72.11718345104146,56.53492887505735,1
251,2025-07-10 17:04:29.633317,5.51390549244179,-72.15627104756095,56.45733581089177,1
252,2025-07-10 17:04:32.602120,5.436623157444565,-59.919697739019284,56.48242378607773,1
253,2025-07-10 17:04:35.049831,5.372446691587603,-60.03101814769707,56.4173892378371,1
254,2025-07-10 17:04:37.781716,5.308150999048017,-60.1337567269411,56.35230039375001,1
255,2025-07-10 17:04:40.463931,5.24374526895585,-60.22857696052597,56.28716160920336,1
256,2025-07-10 17:04:43.275117,5.179237981096953,-60.31605831026354,56.22197719543985,1
257,2025-07-10 17:04:46.242266,5.114637004725957,-60.39675705949321,56.15675075878286,1
258,2025-07-10 17:04:52.982226,5.049949591137353,-60.4711918265366,56.09148585163725,1
259,2025-07-10 17:04:55.483116,4.98518245651007,-60.53983197546131,56.0261856159994,1
260,2025-07-10 17:04:58.182497,4.920341803225625,-60.603117897244374,55.960852991312464,1
261,2025-07-10 17:05:00.923969,4.85543336632526,102.68689704503231,56.826226212507486,1
262,2025-07-10 17:05:03.374188,4.965415261636103,101.79215875325553,56.92534358859888,1
263,2025-07-10 17:05:06.252503,5.074438859223022,100.91124642030991,57.02374945676594,1
264,2025-07-10 17:05:09.229646,5.182518958409257,86.81365327561252,56.97268704161566,1
265,2025-07-10 17:05:11.689946,5.275499959867554,86.04734689981797,57.0576040416072,1
266,2025-07-10 17:05:14.394165,5.367660216361516,85.29430150758799,57.14189883886282,1
267,2025-07-10 17:05:17.147398,5.459013929051204,84.55400717252815,57.22557767729863,1
268,2025-07-10 17:05:20.511283,5.549574749413043,83.82599742787988,57.308646737667786,1
269,2025-07-10 17:05:23.253656,5.639355848394754,83.10983477997524,57.39111182407548,1
270,2025-07-10 17:05:26.339525,5.728369908634711,82.40510491361874,57.4729788178516,1
271,2025-07-10 17:05:29.609827,5.816629165860983,81.71139641092395,57.55425354307314,1
272,2025-07-10 17:05:32.630124,5.904145433536006,81.02835000556752,57.63494183474939,1
273,2025-07-10 17:05:35.613167,5.9909301335334995,80.35560353391702,57.71504927887549,1
274,2025-07-10 17:05:38.875943,6.0769942968662765,79.69282380543063,57.7945814585044,1
275,2025-07-10 17:05:42.117949,6.162348591583238,79.03967762956654,57.87354388407127,1
276,2025-07-10 17:05:45.319669,6.247003341308771,77.77502830094818,57.9459499201864,1
277,2025-07-10 17:05:48.718352,6.330303599004248,77.14573856787865,58.02321798309455,1
278,2025-07-10 17:05:51.348550,6.412929861129289,76.52515524853243,58.099936408291356,1
279,2025-07-10 17:05:53.954159,6.494891451037915,75.91301179047605,58.17611041920977,1
280,2025-07-10 17:05:56.685398,6.57619741496043,75.30905323051229,58.25174491983276,1
281,2025-07-10 17:05:59.548823,6.656856507283956,74.71303329737111,58.326845086924344,1
282,2025-07-10 17:06:02.847488,6.736877245473743,74.12472020632777,58.40141564182452,1
283,2025-07-10 17:06:05.946016,6.816267876242765,73.54388796727562,58.47546139321909,1
284,2025-07-10 17:06:08.839697,6.895036408107277,72.97031928203523,58.5489870786144,1
285,2025-07-10 17:06:11.648636,6.973190622777922,72.40380844166339,58.6219973254954,1
286,2025-07-10 17:06:14.406195,7.050738081165154,71.84415842914404,58.69449669409214,1
287,2025-07-10 17:06:16.929062,7.127686134130643,-83.26671537361108,57.96433214890331,1
288,2025-07-10 17:06:20.135751,7.038504052797151,-76.88650473710368,57.93806245334144,1
289,2025-07-10 17:06:22.352155,6.956155438477502,-76.42226890652637,57.86012445006002,1
290,2025-07-10 17:06:25.588529,6.874304047765599,-75.99568650448418,57.7823057454443,1
291,2025-07-10 17:06:28.627044,6.792909537581703,-75.60332132243275,57.70460352759014,1
292,2025-07-10 17:06:31.503274,6.711935267768272,-75.24209352084199,57.62701412467568,1
293,2025-07-10 17:06:34.312573,6.631347887699036,-74.90924775879648,57.54953344297477,1
294,2025-07-10 17:06:36.084190,6.551117000768016,-74.60233581014108,57.47215676329914,1
295,2025-07-10 17:06:39.186638,6.471214827314388,-74.31915282268164,57.39487931987144,1
296,2025-07-10 17:06:41.824674,6.391615959113243,-74.05769675585816,57.31769620213097,1
297,2025-07-10 17:06:44.913326,6.312297119962483,-73.81617127805384,57.24060249158494,1
298,2025-07-10 17:06:47.925910,6.233236960644928,-73.59295099888641,57.16359336401617,1
299,2025-07-10 17:06:51.153523,6.154415882059833,-73.38654959880841,57.08666405085035,1
300,2025-07-10 17:06:54.041413,6.075815868210691,-38.54831458966146,57.26072023775266,1
301,2025-07-10 17:06:56.712602,6.0345290380052,-38.43165733769638,57.22004964277495,1
302,2025-07-10 17:06:59.514556,5.993367149533421,-38.32961121531753,57.17942553438658,1
303,2025-07-10 17:07:02.725271,5.952314560631482,116.34920427127327,58.09900466714977,1
304,2025-07-10 17:07:05.464912,6.07692935288385,115.38481756701913,58.21059178285515,1
305,2025-07-10 17:07:08.510801,6.200511243713899,114.43171298424204,58.32138900991404,1
306,2025-07-10 17:07:11.723072,6.323072318229187,113.48959499741795,58.43140168112009,1
307,2025-07-10 17:07:14.518783,6.4446243470419855,112.55819995142247,58.5406350157832,1
308,2025-07-10 17:07:16.954934,6.5651788109407025,111.63727288305836,58.6490944050006,1
309,2025-07-10 17:07:19.289267,6.684746928104562,110.7265733156737,58.75678501676034,1
310,2025-07-10 17:07:22.140636,6.803339647686895,109.82585787530752,58.86371203190815,1
311,2025-07-10 17:07:25.329609,6.920967663466368,108.93490346916224,58.96988077073525,1
312,2025-07-10 17:07:28.440570,7.0376414375925105,65.52596179574266,58.62673507693221,1
313,2025-07-10 17:07:31.110505,7.1078224444197895,-89.94569652031714,57.87406122657936,1
314,2025-07-10 17:07:34.208682,7.011486897877817,-89.53639077219577,57.78217327976974,1
315,2025-07-10 17:07:36.840348,6.915589735335386,-89.1553424793301,57.69040116910644,1
316,2025-07-10 17:07:39.975109,6.820100696108842,-88.80036707068939,57.5987413379496,1
317,2025-07-10 17:07:43.424857,6.724991844694049,-88.46951175996765,57.50718982844571,1
318,2025-07-10 17:07:46.435021,6.630237352389287,-88.1609570370756,57.415742710701366,1
319,2025-07-10 17:07:49.093671,6.535813334950817,-87.87306592239474,57.324395732791224,1
320,2025-07-10 17:07:52.029574,6.441697664512112,-87.60432891790515,57.233144534104134,1
321,2025-07-10 17:07:55.048252,6.347869815457379,-87.35339008296705,57.141984833896544,1
322,2025-07-10 17:07:57.977951,6.25431073962653,-87.11894852581281,57.05091250165556,1
323,2025-07-10 17:08:00.978466,6.16100275697702,-86.89986560398211,56.95992323191697,1
324,2025-07-10 17:08:03.594193,6.067929420764591,-50.37201845993877,57.182235848779726,1
325,2025-07-10 17:08:05.682271,6.0139789160959065,-50.21470906456216,57.12932899815813,1
326,2025-07-10 17:08:08.242573,5.960196890818184,-50.073384123265896,57.07648226904841,1
327,2025-07-10 17:08:11.143689,5.9065662354545605,106.65442281663218,57.92651065672559,1
328,2025-07-10 17:08:14.251490,6.020797515970758,105.75508070076012,58.029461521867766,1
329,2025-07-10 17:08:16.723660,6.134065565730539,104.8674350215606,58.13167562241719,1
330,2025-07-10 17:08:19.928788,6.246382908926637,103.99116128041896,58.233158561182464,1
331,2025-07-10 17:08:22.573847,6.357761726896536,103.12594946526588,58.333915804673964,1
332,2025-07-10 17:08:25.390304,6.468213868699307,102.27151563981352,58.43395285763749,1
333,2025-07-10 17:08:28.222109,6.577750871458095,101.42756427853783,58.53327514651728,1
334,2025-07-10 17:08:31.012632,6.686383969530567,100.59382882900536,58.631888038312326,1
335,2025-07-10 17:08:33.568435,6.794124105110487,99.77005722532795,58.729796855479734,1
336,2025-07-10 17:08:36.329297,6.900981939819021,86.12251468605336,58.68387381646552,1
337,2025-07-10 17:08:39.781646,6.9932226993946385,85.42402852071973,58.76881208997469,1
338,2025-07-10 17:08:42.758907,7.084715353919993,84.73426905027281,58.85314270555509,1
339,2025-07-10 17:08:45.775111,7.1754692458578715,-69.31356757206686,58.14411952170058,1
340,2025-07-10 17:08:48.785543,7.101231565536169,-68.7585068970975,58.074705280886946,1
341,2025-07-10 17:08:52.193746,7.027588376485649,-68.25474307902368,58.00541114131756,1
342,2025-07-10 17:08:55.584547,6.954484732455645,-67.79685814990444,57.93623690634408,1
343,2025-07-10 17:08:58.682026,6.881871506812256,-67.3800831390281,57.86718063958216,1
344,2025-07-10 17:09:01.782259,6.809704661262894,-67.00023143480394,57.7982393698285,1
345,2025-07-10 17:09:04.683656,6.7379446525360045,-66.65365532512624,57.72940881782641,1
346,2025-07-10 17:09:07.201614,6.666555841902757,-66.33713589963008,57.66068413778225,1
347,2025-07-10 17:09:10.544870,6.595506042828497,-66.04779902772862,57.59206012708137,1
348,2025-07-10 17:09:13.970018,6.524766129369774,-68.10026435459804,57.503917156253664,1
349,2025-07-10 17:09:16.760153,6.45182794703787,-67.85968919416518,57.43304224139676,1
350,2025-07-10 17:09:19.694528,6.379147423682117,-67.63869984297344,57.362251638791825,1
351,2025-07-10 17:09:22.856345,6.3067035961850735,-67.43559847791403,57.29154003322932,1
352,2025-07-10 17:09:24.975856,6.234477294363351,-67.24885242249456,57.22090253555014,1
353,2025-07-10 17:09:27.890034,6.162451000285021,-67.07706807105751,57.15033453454127,1
354,2025-07-10 17:09:31.476093,6.0906087018613615,-66.91897640223488,57.079831403931365,1
355,2025-07-10 17:09:34.422831,6.018935723169691,-66.77343877356634,57.00938887082366,1
356,2025-07-10 17:09:37.421554,5.947418618723237,-66.63942084571772,56.93900283743426,1
357,2025-07-10 17:09:40.183372,5.876045055410263,92.42671731669816,57.72713482214545,1
358,2025-07-10 17:09:43.369004,5.975037875256368,91.61651670865467,57.81713364413154,1
359,2025-07-10 17:09:46.596459,6.073162940708433,90.81907295239944,57.90647218732364,1
360,2025-07-10 17:09:49.142178,6.170433909989872,52.83489051237211,57.662829454735785,1
361,2025-07-10 17:09:51.950719,6.227022251813429,52.374438567426296,57.716243660908944,1
362,2025-07-10 17:09:54.854349,6.283117430812948,51.92388672753623,57.769255886725524,1
363,2025-07-10 17:09:58.338097,6.338730051623263,51.48274534747088,57.82187194756075,1
364,2025-07-10 17:10:01.468633,6.393870193141785,51.050545063162645,57.87409738338412,1
365,2025-07-10 17:10:04.991351,6.448547428616614,50.6268454836345,57.925937611207594,1
366,2025-07-10 17:10:08.089636,6.502770868425238,50.21124388292719,57.977397830822774,1
367,2025-07-10 17:10:10.609093,6.556549182888003,49.80335491893584,58.02848305850507,1
368,2025-07-10 17:10:13.484752,6.609890628245999,49.40282222264614,58.07919824209929,1
369,2025-07-10 17:10:15.946720,6.662803088685573,49.00931839813438,58.12954810350055,1
370,2025-07-10 17:10:19.348915,6.715294087359869,48.62251604947687,58.17953718056803,1
371,2025-07-10 17:10:22.883519,6.767370803340654,48.24211965114955,58.22916990144619,1
372,2025-07-10 17:10:25.766791,6.819040099129918,15.221407177250512,58.13373684892116,1
373,2025-07-10 17:10:28.929298,6.835342854166936,15.485262215975126,58.15067661468978,1
374,2025-07-10 17:10:31.926836,6.851928206024763,15.718492697942565,58.167832793111714,1
375,2025-07-10 17:10:34.211069,6.868763359117819,15.92214165441419,58.185172310937645,1
376,2025-07-10 17:10:36.644062,6.885816629607903,16.09739118748621,58.20266402408319,1
377,2025-07-10 17:10:40.065006,6.9030575955130145,16.245533496999087,58.22027881166826,1
378,2025-07-10 17:10:43.282964,6.920457228533386,16.367985367082838,58.23798964886404,1
379,2025-07-10 17:10:46.113505,6.937988016569327,16.46627947422985,58.25577165884627,1
380,2025-07-10 17:10:48.951483,6.955624073730902,16.54199774918652,58.273602132165394,1
381,2025-07-10 17:10:52.132321,6.973341230732539,16.59680614466197,58.29146050568648,1
382,2025-07-10 17:10:55.092350,6.991117097816712,16.632387997219666,58.30932824961232,1
383,2025-07-10 17:10:58.016025,7.008931073693089,16.650432438041207,58.32718887686123,1
384,2025-07-10 17:11:00.993529,7.02676437310927,-93.13244385737107,57.757785352241335,1
385,2025-07-10 17:11:04.182891,6.927015689918972,-92.95148083083404,57.66006449481323,1
386,2025-07-10 17:11:07.547077,6.827460824521073,-92.7814696325413,57.562411686739004,1
387,2025-07-10 17:11:10.499065,6.728088048730771,-92.62170911370049,57.46482359191636,1
388,2025-07-10 17:11:13.650661,6.628886384642815,-92.47155607170043,57.367296893821035,1
389,2025-07-10 17:11:17.023675,6.529845542068994,-92.33040786625679,57.26982842783472,1
390,2025-07-10 17:11:20.185679,6.430955873639134,-92.197699522103,57.1724152266666,1
391,2025-07-10 17:11:23.575930,6.3322083377422365,-92.07290952360836,57.075054488956276,1
392,2025-07-10 17:11:26.713440,6.233594461286326,-91.95554243092374,56.97774343766936,1
393,2025-07-10 17:11:29.333912,6.135106291726217,-91.84514336652683,56.88047936986144,1
394,2025-07-10 17:11:32.441677,6.036736357890687,-91.74128932329495,56.783259885506276,1
395,2025-07-10 17:11:35.554004,5.938477656200593,-91.64357178065075,56.68608261951647,1
396,2025-07-10 17:11:38.963488,5.840323611912866,74.69617095864578,57.51015542815328,1
397,2025-07-10 17:11:41.662192,5.920326287336248,73.96156404126941,57.5833596365685,1
398,2025-07-10 17:11:44.800228,5.999542164400664,73.24408022043372,57.655990852171925,1
399,2025-07-10 17:11:47.772740,6.077989589083386,72.54284740611183,57.728055626713974,1
