iteration,timestamp,T41_LEVEL,T42_LEVEL,J2_LEVEL,J13_LEVEL,J14_LEVEL,J19_LEVEL,J21_LEVEL,P79_FLOW,P79_STATUS,P1_FLOW,P1_STATUS,V1_FLOW,V1_STATUS
0,2025-01-14 15:43:25.442699,3.0509999999999993,3.0509999999999993,-15.24,-15.24,-15.24,-15.24,-15.24,1450.0,1.0,1450.0,1.0,0.12409865580125222,1.0
1,2025-01-14 15:43:28.047192,3.2052396229739215,3.151422705137254,64.21799694069036,64.63633816291392,54.346385863374614,54.34617405740781,54.346385336151926,157.1488032676926,1.0,175.35145495421412,1.0,-176.32900668672846,1.0
2,2025-01-14 15:43:32.266796,3.3511014640359003,3.258205021857468,64.2435088956603,64.65413213873249,54.50058760025333,54.446617726585266,54.50058709641865,156.37456079112772,1.0,174.24139167216023,1.0,-168.5069154291341,1.0
3,2025-01-14 15:43:36.523043,3.4930616709136846,3.366905369086334,64.2681360118699,64.67206931438328,54.646432413405506,54.55340658044234,54.64643192046291,155.59408747588563,1.0,173.16982904674052,1.0,-164.86407080265053,1.0
4,2025-01-14 15:43:41.050968,3.6318925561117656,3.476769097702322,64.29236393429501,64.69002650895439,54.788379247322325,54.66211094079021,54.78837876311576,154.8127431075064,1.0,172.1156359393809,1.0,-161.94231424947247,1.0
5,2025-01-14 15:43:45.331787,3.7680162767852914,3.58738889941649,64.31627497444121,64.70798204964251,54.92719876902673,54.771977297339724,54.927198292377675,154.03147070204918,1.0,171.07523085348032,1.0,-159.41471341534452,1.0
6,2025-01-14 15:43:49.886443,3.9017114746087747,3.698499462454439,64.33991354050347,64.72592403294111,55.063312458054384,54.882598812967004,55.063311988184964,153.25078819886645,1.0,170.04668152211522,1.0,-157.14727355089053,1.0
7,2025-01-14 15:43:54.368606,4.033182237901694,3.809909041840187,64.36330856862392,64.74384458505267,55.196998602333785,54.993710423432745,55.19699813867424,152.4710381986556,1.0,169.02872889050713,1.0,-155.07038680595997,1.0
8,2025-01-14 15:43:58.902222,4.162587119916714,3.9214707306270937,64.38648099460382,64.76173793685547,55.32846107336218,55.10512053656284,55.328460615469886,151.69247172452347,1.0,168.02046201065752,1.0,-153.1415351701071,1.0
9,2025-01-14 15:44:03.227788,4.290054317754273,4.033067425858861,64.40944688852788,64.77959960878732,55.45785827942275,55.216682348274496,55.457857826939836,150.91528368891412,1.0,167.02118164916834,1.0,-151.33237716611347,1.0
10,2025-01-14 15:44:07.855057,4.4156905497769126,4.144603088799076,64.43221908920665,64.79742597991093,55.585318314758844,55.32827882921825,55.58531786738739,150.1396316442209,1.0,166.03032917020911,1.0,-149.62285472336134,1.0
11,2025-01-14 15:44:12.461955,4.5395865977755285,4.255997260985932,64.45480815910702,64.815214038503,55.71094782126638,55.439813995758286,55.71094737875295,149.36564663502207,1.0,165.04744498506207,1.0,-147.99809305714007,1.0
12,2025-01-14 15:44:16.707259,4.661821007105769,4.367181417641731,64.4772229774829,64.83296122253644,55.834837521927355,55.55120743212497,55.83483708405267,148.5934401389451,1.0,164.0721427441193,1.0,-146.44667097513775,1.0
13,2025-01-14 15:44:21.216652,4.801184797750978,4.486824365507117,64.55542355629402,64.92739414030603,55.9571408110625,55.662422157796136,55.95714035740298,144.48452278013164,1.0,160.66951870860845,1.0,-151.72589257986147,1.0
14,2025-01-14 15:44:25.697402,4.9385014108712335,4.6064296543651,64.58061425768413,64.94694003576294,56.09649596251701,55.78206496534208,56.096495514572545,143.6340516622911,1.0,159.5734336498475,1.0,-149.81449723109108,1.0
15,2025-01-14 15:44:30.325634,5.07386724163834,4.725911597656104,64.60560766018595,64.96645328483444,56.233804444631524,55.90166979487728,56.233804002132985,142.7850010374614,1.0,158.48593336052915,1.0,-147.99311258286707,1.0
16,2025-01-14 15:44:34.514631,5.207366124282625,4.845196766056811,64.63041315739062,64.9859310146591,56.369162586676936,56.02115100623959,56.36916214939029,141.93749590813763,1.0,157.40660911146836,1.0,-146.25000163619006,1.0
17,2025-01-14 15:44:38.981273,5.339071954730709,4.964221431500144,64.6550388137489,65.00537072045528,56.50265417060093,56.14043520724818,56.502653738319914,141.09164526110902,1.0,156.33511000636202,1.0,-144.57587561821583,1.0
18,2025-01-14 15:44:43.328534,5.469050532216468,5.082929716086071,64.67949164630973,65.02477019029006,56.63435304970669,56.25945870021722,56.63435262224758,140.24754534088353,1.0,155.27113072292434,1.0,-142.96319283346293,1.0
19,2025-01-14 15:44:47.697938,5.597361005062314,5.201272208840231,64.70377782011339,65.04412744592454,56.76432498812634,56.37816563253177,56.764324565324046,139.40528222359285,1.0,154.21440301104366,1.0,-141.4057298620719,1.0
20,2025-01-14 15:44:51.893559,5.724056932910689,5.3192049090949185,64.72790280414019,65.06344070283387,56.89262910467168,56.496506614575424,56.89262868637665,138.5649335565787,1.0,153.16468890720986,1.0,-139.89827734235405,1.0
21,2025-01-14 15:44:56.277961,5.849187137417326,5.4366884016187065,64.75187148359947,65.08270833672378,57.01931893393655,56.61443766394528,57.019318520012504,137.72657001531118,1.0,152.1217758486677,1.0,-138.43640818606673,1.0
22,2025-01-14 15:45:00.479075,5.972796387785442,5.55368720201312,64.77568825050997,65.101928858651,57.144443276117336,56.73191938119778,57.14444286643929,136.89025638593802,1.0,151.08547273211968,1.0,-137.01633850757844,1.0
23,2025-01-14 15:45:04.953504,6.0949259107550695,5.670169229499487,64.79935707691291,65.12110089588028,57.26804688169343,56.84891629570906,57.268046476146296,136.05605239822023,1.0,150.0556067281159,1.0,-135.63475957994342,1.0
24,2025-01-14 15:45:09.432518,6.215613863499817,5.786105375431463,64.82288156712167,65.14022317355635,57.390170961138,56.965396338812326,57.39017055961526,135.22401352301503,1.0,149.03202100759637,1.0,-134.288805964502,1.0
25,2025-01-14 15:45:13.677839,6.326149579113729,5.8973904204903835,64.82036662988685,65.12408193939086,57.510822158306894,57.081315899900595,57.51082177019801,135.9263427406412,1.0,149.1414496846353,1.0,-129.80255756815495,1.0
26,2025-01-14 15:45:18.178435,6.435536975653273,6.007969145715521,64.84208971056331,65.14215574780434,57.6213538883403,57.19259847703462,57.621353503437156,135.13992432973114,1.0,148.19624598462588,1.0,-128.73040255612977,1.0
27,2025-01-14 15:45:22.609994,6.5437956240605315,6.117830136742456,64.86369626364335,65.16017098267079,57.73073740178433,57.30317470817314,57.73073702003227,134.3560545413759,1.0,147.2561125744606,1.0,-127.67652666695994,1.0
28,2025-01-14 15:45:27.037988,6.65094414219893,6.226962902840682,64.88518768906911,65.17812698261973,57.83899226461467,57.41303318280793,57.838991885961704,133.57476215279348,1.0,146.32098854056107,1.0,-126.64003463214613,1.0
29,2025-01-14 15:45:31.570375,6.7570002617008456,6.335357808309936,64.90656529137203,65.19602310833925,57.94613709009146,57.522163413767956,57.94613671448813,132.79607498140018,1.0,145.39081712081702,1.0,-125.62009202667923,1.0
30,2025-01-14 15:45:36.052077,6.861980890345677,6.443006010819204,64.92783028582868,65.2138587418551,58.052189605578576,57.63055576864375,58.05218923297764,132.0200199161776,1.0,144.46554543672974,1.0,-124.61594265289477,1.0
31,2025-01-14 15:45:40.252226,6.965902178475137,6.549899405828546,64.94898380453954,65.23163328457314,58.15716671492222,57.738201408151035,58.157166345278625,131.2466230028542,1.0,143.54512422891486,1.0,-123.62686508083698,1.0
32,2025-01-14 15:45:44.812944,7.068779553177274,6.656030576677515,64.97002690350912,65.24934615624677,58.261084564748145,57.84509223057538,58.2610841980188,130.4759094888252,1.0,142.62950754903633,1.0,-122.65219582673126,1.0
33,2025-01-14 15:45:49.066047,7.088842226968296,6.7511383753365335,60.30218608905829,63.984948021190284,58.36378850580431,57.951187959702466,58.363788370266334,185.49176167567902,1.0,0.0,0.0,-45.330515268915406,1.0
34,2025-01-14 15:45:53.348595,7.111118941758255,6.843320408307125,60.320523606075895,64.00022042037045,58.383853071923774,58.04628690942002,58.38385293020494,184.82723676652353,1.0,0.0,0.0,-47.397696028497194,1.0
35,2025-01-14 15:45:58.128455,7.135654736087436,6.932532578663515,60.34027005384727,64.0154723552331,58.40613188959737,58.138460201638686,58.406131741571905,184.16360229040345,1.0,0.0,0.0,-49.50693992100241,1.0
36,2025-01-14 15:46:02.490431,7.16252068451651,7.018704989495242,60.36145256469018,64.03069892968804,58.43067003230659,58.22766367864774,58.4306698777761,183.50107128351596,1.0,0.0,0.0,-51.68253798558453,1.0
37,2025-01-14 15:46:07.052751,7.208634845726621,7.109113343144222,60.46521806906027,64.12095899287353,58.457562049861025,58.313848274212454,58.457561867970256,179.57372106295705,1.0,0.0,0.0,-60.833152647319366,1.0
38,2025-01-14 15:46:11.533473,7.2567481720178035,7.196666241971092,60.501212160399234,64.1393332882727,58.50367958370998,58.40424835915867,58.5036793962382,178.77422801429486,1.0,0.0,0.0,-62.699715035705594,1.0
39,2025-01-14 15:46:15.830626,7.307034504055173,7.281192065307483,60.53845957430569,64.15765999149727,58.551796714493804,58.49179274065374,58.551796520955726,177.97680577226447,1.0,0.0,0.0,-64.72858178028673,1.0
40,2025-01-14 15:46:20.177577,7.3598818926294465,7.362305103632148,60.577070163053996,64.17593635141395,58.602087712711906,58.57630926798208,58.6020875120242,177.18157404278665,1.0,0.0,0.0,-67.119768611974,1.0
41,2025-01-14 15:46:24.293647,7.418724506129647,7.436573658755278,60.61729355912182,64.1941597228737,58.65494679008047,58.657404651474025,58.654946572656065,176.38864792024688,1.0,0.0,0.0,-72.7173378442103,1.0
42,2025-01-14 15:46:28.724355,7.479857735997515,7.507704778665665,60.661302885860685,64.2123307769449,58.71379415037026,58.731665558874944,58.71379392655121,175.59799820546021,1.0,0.0,0.0,-74.85601839675837,1.0
43,2025-01-14 15:46:33.112056,7.541705646104696,7.577277148982061,60.706745249006765,64.23044272249004,58.77492889250417,58.80279298372738,58.77492866668996,174.80992039096407,1.0,0.0,0.0,-75.5232976462139,1.0
44,2025-01-14 15:46:37.312133,7.603888391550452,7.645673483782527,60.75262046254906,64.24849333261504,58.83677751656758,58.872362612799286,58.83677728981861,174.02451137224907,1.0,0.0,0.0,-75.83592308833431,1.0
45,2025-01-14 15:46:41.769984,7.666209195870489,7.713093440178402,60.798687304989855,64.26648194590727,58.898960557285555,58.94075670188882,58.89896033015118,173.24179992836721,1.0,0.0,0.0,-75.96482436838414,1.0
46,2025-01-14 15:46:46.268374,7.728543046032189,7.77966494332496,60.84482076957825,64.28440816933497,58.96128138953847,59.00817472915514,58.96128116236768,172.4618031607171,1.0,0.0,0.0,-75.97700175836053,1.0
47,2025-01-14 15:46:50.649737,7.790803320805924,7.845477528440966,60.89094141708486,64.3022717236017,59.023615082256576,59.07474452439778,59.02361485529117,171.6845332219051,1.0,0.0,0.0,-75.9083123551818,1.0
48,2025-01-14 15:46:55.120637,7.852926672869478,7.910597476140162,60.936994186462414,64.32007238750381,59.08587506444945,59.14055556534357,59.08587483786629,170.90999973683034,1.0,0.0,0.0,-75.78047149024769,1.0
49,2025-01-14 15:46:59.420971,7.887258850072393,7.962897885035083,60.85466462908366,64.21645511588792,59.147950711413024,59.20564947251086,59.14795051913387,175.41854205524345,1.0,0.0,0.0,-64.30753613585694,1.0
50,2025-01-14 15:47:03.790758,7.9225854514667855,8.013635219181037,60.88110707477929,64.22865717865189,59.182284186241965,59.25794704002217,59.182283991186694,174.8876120714163,1.0,0.0,0.0,-65.2360048997025,1.0
51,2025-01-14 15:47:08.057476,7.867707574656172,7.9672649781072415,59.18025188229426,59.174423860010904,59.217528553216816,59.308593611176576,59.21752860998275,0.0,0.0,0.0,0.0,18.98529847892405,1.0
52,2025-01-14 15:47:12.482703,7.8135819881089175,7.920142441116318,59.127184447240914,59.12234364970347,59.16265211316728,59.262222111305,59.16265216783305,0.0,0.0,0.0,0.0,18.282903843669374,1.0
53,2025-01-14 15:47:17.223792,7.760062071604453,7.872414236462547,59.07452063406142,59.070430188844085,59.108527671086556,59.21509854833582,59.108527724061496,0.0,0.0,0.0,0.0,17.717407061468293,1.0
54,2025-01-14 15:47:21.411215,7.707034745964931,7.824193438265436,59.02219019477132,59.01867706685154,59.055008677291084,59.16736950102247,59.05500872889086,0.0,0.0,0.0,0.0,17.257485324080335,1.0
55,2025-01-14 15:47:25.737190,7.654410975154309,7.775569084167576,58.97013664226823,58.96707243488566,59.00198210216842,59.11914800698916,59.0019821526416,0.0,0.0,0.0,0.0,16.880696075531887,1.0
56,2025-01-14 15:47:30.060203,7.602119615121707,7.726612327127885,58.9183138841194,58.91560204403813,58.94935894589813,59.070523076032586,58.94935899544334,0.0,0.0,0.0,0.0,16.57033632909588,1.0
57,2025-01-14 15:47:34.413662,7.550103176080944,7.6773806477591195,58.866683966753754,58.86425103315952,58.89706809161834,59.02156583935839,58.897068140396065,0.0,0.0,0.0,0.0,16.31365502760218,1.0
58,2025-01-14 15:47:38.822456,7.498314846344115,7.627920860526953,58.81521543226696,58.81300492543804,58.845052070492045,58.97233376029208,58.845052118632964,0.0,0.0,0.0,0.0,16.100673838650437,1.0
59,2025-01-14 15:47:43.234536,7.4467162593619545,7.578271333423031,58.763882121253495,58.76185019880716,58.793264087188355,58.922873639392996,58.79326413479958,0.0,0.0,0.0,0.0,15.923517876217375,1.0
60,2025-01-14 15:47:47.687629,7.3952758131546386,7.528463665907865,58.71266221111787,58.71077453998025,58.74166578811361,58.87322383335991,58.74166583528336,0.0,0.0,0.0,0.0,15.775868109244584,1.0
61,2025-01-14 15:47:52.072788,7.304411692942316,7.460781364966178,58.58766848696436,58.56375964718932,58.690131085163145,58.82337984709052,58.69013118781587,0.0,0.0,0.0,0.0,34.33208380840824,1.0
62,2025-01-14 15:47:56.471859,7.215130337440705,7.39151630049458,58.50212968548657,58.481735288069075,58.59927160036084,58.755693879910154,58.599271698595004,0.0,0.0,0.0,0.0,32.85430263076705,1.0
63,2025-01-14 15:48:00.906031,7.127158206936961,7.320942015378822,58.41734742552922,58.399783573960995,58.5099940266701,58.68642572830436,58.509994121249356,0.0,0.0,0.0,0.0,31.631919246706275,1.0
64,2025-01-14 15:48:05.282234,7.0402881804647865,7.249265631030735,58.333211345367374,58.31795205369468,58.42202504279842,58.615848806321026,58.42202513430096,0.0,0.0,0.0,0.0,30.60291675581084,1.0
65,2025-01-14 15:48:09.517799,6.954357013891562,7.176650391760356,58.24963471987307,58.23626796223879,58.335157670224014,58.544170148253095,58.335157759105584,0.0,0.0,0.0,0.0,29.726335899908918,1.0
66,2025-01-14 15:48:13.940845,6.86923255524832,7.103228443446312,58.1665465188278,58.15474517134869,58.24922876437138,58.47155293517546,58.24922885100088,0.0,0.0,0.0,0.0,28.973134052989735,1.0
67,2025-01-14 15:48:18.452412,6.78480576802234,7.029108824979364,58.083887075335255,58.07338866879343,58.16410624623995,58.39812926487335,58.16410633092178,0.0,0.0,0.0,0.0,28.32173785179748,1.0
68,2025-01-14 15:48:22.924994,6.700985382894338,6.954382799990493,58.00160544278573,57.992197549411,58.079681134620614,58.3240081384111,58.079681217609554,0.0,0.0,0.0,0.0,27.755554407349337,1.0
69,2025-01-14 15:48:27.522980,6.617694186622102,6.879127592313623,57.919657617975105,57.91116703574278,57.99586220333967,58.24928078891589,57.9958622848513,0.0,0.0,0.0,0.0,27.261467601533695,1.0
70,2025-01-14 15:48:32.046795,6.534866266438374,6.803409107965161,57.83800531325983,57.830289901947296,57.9125722733952,58.17402441515648,57.91257235361351,0.0,0.0,0.0,0.0,26.828919640138338,1.0
71,2025-01-14 15:48:36.516546,6.452444995556159,6.727283978282966,57.756615002543896,57.74955743316819,57.82974545979828,58.098304902245665,57.82974553888137,0.0,0.0,0.0,0.0,26.44924467176679,1.0
72,2025-01-14 15:48:40.823570,6.370381435093186,6.6508011355836265,57.675457228308844,57.66896013441602,57.74732515849538,58.02217886389065,57.747325236579854,0.0,0.0,0.0,0.0,26.115260267260965,1.0
73,2025-01-14 15:48:44.933691,6.282984787662972,6.571565473202857,57.58221403114098,57.57315580681349,57.66524677930081,57.94568890719243,57.66524686457192,0.0,0.0,0.0,0.0,28.51882150594065,1.0
74,2025-01-14 15:48:49.171806,6.196038127935376,6.491879823522279,57.496477932772315,57.488198266717625,57.57785141351821,57.866452061572296,57.5778514975331,0.0,0.0,0.0,0.0,28.098679821937367,1.0
75,2025-01-14 15:48:53.658442,6.109488945504258,6.411796701616133,57.41099702934482,57.40338351916754,57.490905881193804,57.786765361994284,57.49090596409907,0.0,0.0,0.0,0.0,27.727569299145216,1.0
76,2025-01-14 15:48:57.966621,6.023291517259523,6.3313618250337145,57.32574386927823,57.318702340235845,57.40435769280858,57.70668130723966,57.404357774731864,0.0,0.0,0.0,0.0,27.399144830724254,1.0
77,2025-01-14 15:49:02.444699,5.937405887398966,6.25061515199438,57.24069410428792,57.23414532375135,57.31816114281431,57.62624560086601,57.31816122386716,0.0,0.0,0.0,0.0,27.108029011060353,1.0
78,2025-01-14 15:49:07.056029,6.021947532755323,6.248510574730358,62.90346687096484,59.992977789255036,57.232532824662144,57.54561501653691,57.232532429938196,0.0,0.0,232.54862252830492,1.0,-132.01495725240875,1.0
79,2025-01-14 15:49:11.448113,6.102470547000833,6.249581020216384,62.92156881973434,60.00188927883789,57.31706354430105,57.543510612279476,57.31706316079579,0.0,0.0,231.76097968845556,1.0,-128.26288117707918,1.0
80,2025-01-14 15:49:16.040900,6.178751375226262,6.254072180229663,62.93919610444594,60.01198853960553,57.397575519446505,57.54458157161982,57.397575147784046,0.0,0.0,230.99399019103282,1.0,-124.30207136787885,1.0
81,2025-01-14 15:49:20.449307,6.250328959541058,6.262468934968641,62.95631195026608,60.023365973725525,57.473844705011025,57.54907393716348,57.473844346478465,0.0,0.0,230.24925416399682,1.0,-119.91079096787871,1.0
82,2025-01-14 15:49:24.852850,6.315584768969957,6.276416708431178,62.97285084935641,60.03620547262394,57.54540763850767,57.557473431214234,57.54540729762342,0.0,0.0,229.52962195127915,1.0,-114.00833500601948,1.0
83,2025-01-14 15:49:29.271544,6.370663139401281,6.299807616835857,62.98860757166676,60.051143363680545,57.61064230812487,57.57142842436124,57.61064199565268,0.0,0.0,228.84402341902842,1.0,-104.50595805139073,1.0
84,2025-01-14 15:49:33.455802,6.422804652226075,6.32545960998224,63.00310835674698,60.06968564360459,57.665715147858855,57.594821516166945,57.6657148435854,0.0,0.0,228.2130725923478,1.0,-101.76389840069078,1.0
85,2025-01-14 15:49:37.861440,6.430463439372087,6.3282444591503575,62.85493127019194,59.61528920434897,57.71780638476366,57.62045983753091,57.71780613394536,0.0,0.0,234.66047904239488,1.0,-83.88588480613635,1.0
86,2025-01-14 15:49:42.441383,6.437765579812525,6.331292901689683,62.85692813184515,59.617672693020815,57.72546504566817,57.62324472818843,57.72546479584552,0.0,0.0,234.57359260804787,1.0,-83.55289128132881,1.0
87,2025-01-14 15:49:46.759086,6.444754774797529,6.334563654259579,62.85887294719401,59.62015900692518,57.732767079540814,57.626293208188635,57.73276683059181,0.0,0.0,234.48897078617267,1.0,-83.26070345731296,1.0
88,2025-01-14 15:49:50.982445,6.451467500768149,6.33802240741992,62.86077116715577,59.62273067881614,57.73975618367049,57.62956399418261,57.73975593549328,0.0,0.0,234.40637639921582,1.0,-83.00257350128959,1.0
89,2025-01-14 15:49:55.503690,6.457934565651499,6.341640324258874,62.86262736189357,59.62537321474503,57.74646883151622,57.63302277687945,57.746468584024825,0.0,0.0,234.32561059255025,1.0,-82.77320513229824,1.0
90,2025-01-14 15:49:59.977228,6.46418219882511,6.3453929480684295,62.86444540978924,59.62807445301577,57.75293582870122,57.63664071959825,57.752935581822406,0.0,0.0,234.24650461198607,1.0,-82.56832771678546,1.0
91,2025-01-14 15:50:04.476943,6.4702323005119675,6.34926000975358,62.866228405782735,59.63082395788941,57.75918340182182,57.64039336573562,57.75918315549445,0.0,0.0,234.16892379206206,1.0,-82.38389950861347,1.0
92,2025-01-14 15:50:08.857200,6.476105171263293,6.353222686643555,62.86797958512996,59.63361348507345,57.76523345187158,57.64426044684935,57.76523320603896,0.0,0.0,234.09272736195962,1.0,-82.2184283936167,1.0
93,2025-01-14 15:50:13.466340,6.481817638196416,6.3572655370158495,62.869701296462544,59.63643498468555,57.77110627698709,57.648223140326174,57.77110603160229,0.0,0.0,234.01781312920676,1.0,-82.06865779641248,1.0
94,2025-01-14 15:50:17.722009,6.487384381342469,6.3613751460315875,62.8713956964763,59.639281986279634,57.77681870337627,57.65226600471823,57.77681845839827,0.0,0.0,233.9440872527466,1.0,-81.93260306029515,1.0
95,2025-01-14 15:50:22.231894,6.492818275354514,6.365539827647375,62.87306467336304,59.64214887605547,57.782385410323485,57.656375625441626,57.78238516571636,0.0,0.0,233.87146757453073,1.0,-81.80856346484688,1.0
96,2025-01-14 15:50:26.640599,6.498130631140111,6.369749373755834,62.87470989183458,59.64503077357918,57.78781927185893,57.66054031668962,57.787819027591084,0.0,0.0,233.7998816604622,1.0,-81.69509035553801,1.0
97,2025-01-14 15:50:31.243654,6.5018209019808095,6.373116928376517,62.87067108975006,59.631388787701894,57.793131256665845,57.6647496972663,57.793131014400096,0.0,0.0,233.97561597415074,1.0,-81.02549325883501,1.0
98,2025-01-14 15:50:35.573502,6.505456215441102,6.376484742941491,62.871844659757734,59.63364233524663,57.79682151678246,57.66811725193324,57.79682127467013,0.0,0.0,233.92455218950644,1.0,-80.97418191539418,1.0
99,2025-01-14 15:50:40.055288,6.509039973667539,6.379849985018863,62.873006193940014,59.635889987781624,57.80045682037561,57.671485066040496,57.800456578407214,0.0,0.0,233.87401210160954,1.0,-80.92604312537333,1.0
100,2025-01-14 15:50:44.384973,6.51257520323251,6.383210173099345,62.87415606911546,59.638130514250086,57.80404056942165,57.67485030721936,57.80404032758873,0.0,0.0,233.82397931452212,1.0,-80.88073500630344,1.0
101,2025-01-14 15:50:48.980592,6.516064607300947,6.386563121746792,62.875294704035966,59.640362906246,57.80757579041353,57.678210494014806,57.80757554870855,0.0,0.0,233.77443560772235,1.0,-80.83794464880611,1.0
102,2025-01-14 15:50:53.271069,6.51951061542705,6.389906906812638,62.87642247567398,59.64258627962512,57.81106518644957,57.68156344103912,57.81106494486573,0.0,0.0,233.72536457857666,1.0,-80.79743157622943,1.0
103,2025-01-14 15:50:57.666820,6.522915414447481,6.393239836283216,62.87753972675771,59.6447998612413,57.814511187025786,57.68490722418709,57.81451094555698,0.0,0.0,233.67675131446728,1.0,-80.75895531192145,1.0
104,2025-01-14 15:51:02.112150,6.526280961662854,6.3965604239614295,62.878646769667796,59.64700297660756,57.81791597892548,57.688240151483775,57.81791573756626,0.0,0.0,233.62858222324746,1.0,-80.72230724962992,1.0
105,2025-01-14 15:51:06.578092,6.529609024709252,6.399867366078262,62.879743886657224,59.64919503708265,57.8212815194052,57.69156073676654,57.82128127815063,0.0,0.0,233.58084502366742,1.0,-80.68730485888409,1.0
106,2025-01-14 15:51:11.048321,6.532901200577243,6.4031595205102745,62.8808313363654,59.651375531690604,57.82460957606201,57.69486767629701,57.82460933490762,0.0,0.0,233.53352846193988,1.0,-80.65380037692194,1.0
107,2025-01-14 15:51:15.357467,6.53615892112183,6.4064358898161835,62.8819093559272,59.65354401798421,57.82790174584983,57.6981598279792,57.82790150479162,0.0,0.0,233.48662221997157,1.0,-80.6216344517452,1.0
108,2025-01-14 15:51:19.712563,6.539383489803674,6.409695603509997,62.882978160445354,59.65570011344709,57.83115946059474,57.70143619439594,57.831159219629086,0.0,0.0,233.44011693832283,1.0,-80.5906767044462,1.0
109,2025-01-14 15:51:24.231295,6.577417825705112,6.433048208094818,63.016609970699385,60.0443949695019,57.83441259590512,57.70470728364451,57.8344123159868,0.0,0.0,227.62559719445355,1.0,-93.61835155971221,1.0
110,2025-01-14 15:51:28.442356,6.6143326890574725,6.4570145463747375,63.027462101871365,60.06103030276164,57.87244537709156,57.728060463389255,57.872445100298435,0.0,0.0,227.1534047513326,1.0,-92.57313283001167,1.0
111,2025-01-14 15:51:32.895456,6.650251201823834,6.481479613247218,63.0381400649347,60.077855759216845,57.90935889000286,57.752027278165166,57.909358615991216,0.0,0.0,226.68879062286922,1.0,-91.64287063185839,1.0
112,2025-01-14 15:51:37.245142,6.685272086557028,6.506352032331411,63.04866040248856,60.0948288090287,57.945276213085656,57.7764927404249,57.94527594157989,0.0,0.0,226.23103501585692,1.0,-90.8047834241188,1.0
113,2025-01-14 15:51:41.762302,6.71947662646165,6.531557305564665,63.05903511240972,60.11191384563929,57.980296038129616,57.80136548671137,57.980295768902806,0.0,0.0,225.7796158847472,1.0,-90.04258832987944,1.0
114,2025-01-14 15:51:46.239661,6.752933101607372,6.557033477201639,63.06927412914261,60.1290819276903,58.01449962566625,57.82657102897605,58.0144993585278,0.0,0.0,225.33410096701863,1.0,-89.34413982956357,1.0
115,2025-01-14 15:51:50.788212,6.78569977182665,6.5827282241897205,63.079385846518235,60.146309059544976,58.04795523850561,57.852047419466835,58.04795497329287,0.0,0.0,224.894125034542,1.0,-88.70008830683673,1.0
116,2025-01-14 15:51:55.269342,6.817826955628108,6.6085968175534475,63.08937746893069,60.16357503812381,58.080721122981494,57.87774234165945,58.080720859553985,0.0,0.0,224.45937461336632,1.0,-88.10301954781607,1.0
117,2025-01-14 15:51:59.622751,6.849358575976989,6.634600643061432,63.0992552542982,60.18086264366555,58.11284758686364,57.90361107200752,58.11284732509875,0.0,0.0,224.02957741211617,1.0,-87.54695930122125,1.0
118,2025-01-14 15:52:03.902225,6.880333287358194,6.660706097635592,63.10902469837733,60.19815705709232,58.14437854439245,57.92961500086175,58.14437828418226,0.0,0.0,223.60449430221337,1.0,-87.02699083357857,1.0
119,2025-01-14 15:52:08.436457,6.910785342158734,6.68688374532097,63.11869066616171,60.21544542232249,58.17535264286377,57.95572052905742,58.17535238411267,0.0,0.0,223.18391360051484,1.0,-86.53899996602377,1.0
120,2025-01-14 15:52:12.884637,6.940745297735821,6.713107658340242,63.12825749323153,60.2327165121737,58.20580412870128,57.98189822401459,58.205803871323965,0.0,0.0,222.76764665944816,1.0,-86.07953890077624,1.0
121,2025-01-14 15:52:17.291320,6.99113021457186,6.75127838992076,63.21850123980322,60.48316027194838,58.23579410192216,58.00813667624206,58.23579382236394,0.0,0.0,218.84100639913655,1.0,-93.49791911404282,1.0
122,2025-01-14 15:52:21.493700,7.04050814219876,6.789744995604863,63.23376026655417,60.50865282136795,58.286177235167614,58.04630782579429,58.28617695842056,0.0,0.0,218.17706334435815,1.0,-92.55772494043413,1.0
123,2025-01-14 15:52:25.991671,6.92067928144969,6.763741563249341,58.144520954965394,58.032001106183074,58.33526651316052,58.08473074155468,58.33526670878309,0.0,0.0,0.0,0.0,65.42573808076213,1.0
124,2025-01-14 15:52:30.203693,6.806801775302309,6.7317867725461635,58.05480386007217,57.97252743733412,58.21545940515367,58.05872068460767,58.215459584162005,0.0,0.0,0.0,0.0,59.869125209388585,1.0
125,2025-01-14 15:52:34.491076,6.699117408212818,6.69363884229978,57.9651224878507,57.90552560615906,58.10160353006822,58.02675778671205,58.101603691787346,0.0,0.0,0.0,0.0,54.08677139996598,1.0
126,2025-01-14 15:52:38.943152,6.599683306246169,6.647240652478265,57.876508644312054,57.83345776094468,57.99394637150527,57.988597187864855,57.99394651019238,0.0,0.0,0.0,0.0,46.383742160855945,1.0
127,2025-01-14 15:52:43.308306,6.5104296297493995,6.5906620327322925,57.79073776353722,57.75862456582551,57.894543281977214,57.94218050550681,57.894543392243925,0.0,0.0,0.0,0.0,36.878572200294,1.0
128,2025-01-14 15:52:47.774824,6.424165582775322,6.531093791827764,57.70951771007734,57.68341290157817,57.80529816924469,57.88559586763149,57.80529827116536,0.0,0.0,0.0,0.0,34.087246706349106,1.0
129,2025-01-14 15:52:52.155235,6.340044185825179,6.469382901580155,57.62960394791789,57.607986297571465,57.71904010679445,57.82602315166494,57.71904020273354,0.0,0.0,0.0,0.0,32.08671274705921,1.0
130,2025-01-14 15:52:57.009502,6.2575912827382405,6.4060035156309025,57.55066596485597,57.532517751604736,57.634923281200884,57.764308683599744,57.63492337248209,0.0,0.0,0.0,0.0,30.52889050934482,1.0
131,2025-01-14 15:53:01.581353,6.176488668469026,6.341273842372048,57.472518811467424,57.45710627060015,57.55247402045363,57.700926342686394,57.55247410796527,0.0,0.0,0.0,0.0,29.268164137192798,1.0
132,2025-01-14 15:53:06.028642,6.096503907378307,6.275426318187754,57.39503475837781,57.38180886177264,57.47137438278272,57.63619418304126,57.471374467173675,0.0,0.0,0.0,0.0,28.224454905512175,1.0
133,2025-01-14 15:53:10.419641,6.005270639826851,6.203129165872382,57.29148971005089,57.27180037134488,57.39135809306074,57.570331608574605,57.39135819199688,0.0,0.0,0.0,0.0,33.08907448115406,1.0
134,2025-01-14 15:53:15.081989,5.915219597399654,6.129649783744587,57.20446279623741,57.18734714493951,57.30012830647922,57.49803156805768,57.30012840211497,0.0,0.0,0.0,0.0,31.98526347034658,1.0
135,2025-01-14 15:53:19.414740,5.998102421799092,6.132772448558015,62.89345562172222,59.94900562108696,57.21034196715583,57.42465006503997,57.2103415800172,0.0,0.0,232.98422694218993,1.0,-129.47805605620033,1.0
136,2025-01-14 15:53:23.856615,6.0766036604259845,6.139425233015769,62.9117264897856,59.96042014839684,57.29321310620444,57.42777359013158,57.29321273129778,0.0,0.0,232.1892341714551,1.0,-125.38709043212748,1.0
137,2025-01-14 15:53:28.021962,6.150151286277977,6.150204719557637,62.92947032163777,59.97314548054591,57.37170178725724,57.43442802345349,57.37170142617942,0.0,0.0,231.4171735337947,1.0,-120.76204934260204,1.0
138,2025-01-14 15:53:32.588115,6.215055471654016,6.168829007198146,62.94660748252208,59.98740808732779,57.44522918135651,57.445212401103724,57.445228844408305,0.0,0.0,230.6715100564671,1.0,-112.69192814836515,1.0
139,2025-01-14 15:53:37.203530,6.272345981862334,6.194317610164733,62.96268729251424,60.00464194022855,57.51011734338168,57.46384274299431,57.51011702768836,0.0,0.0,229.9718534964062,1.0,-105.58325868430529,1.0
140,2025-01-14 15:53:41.670369,6.326802713863667,6.221934749342072,62.97782038067025,60.0244620884331,57.56740232590344,57.48933354562236,57.567402018121086,0.0,0.0,229.31339021807733,1.0,-102.93744184593834,1.0
141,2025-01-14 15:53:46.334794,6.37911311621877,6.251010635611712,62.99257454127846,60.04503877815161,57.62185503023974,57.51695227843903,57.62185472844926,0.0,0.0,228.6714146435672,1.0,-100.93347167810407,1.0
142,2025-01-14 15:53:50.965134,6.429654250272349,6.281182095881487,63.00703061136897,60.06611380892883,57.67416221665106,57.54602940770797,57.67416191979977,0.0,0.0,228.04240943290532,1.0,-99.28156222599682,1.0
143,2025-01-14 15:53:55.441564,6.478674489016623,6.312212585872212,63.02123289018122,60.08754755806853,57.724700661544105,57.57620186984618,57.724700368938656,0.0,0.0,227.42444705998847,1.0,-97.86154759638066,1.0
144,2025-01-14 15:53:59.664443,6.526354761781369,6.343931645019144,63.03521059348434,60.10924935616483,57.77371858905414,57.60723318015371,57.77371830018944,0.0,0.0,226.81625630304606,1.0,-96.61046057146905,1.0
145,2025-01-14 15:54:04.049985,6.583748819974755,6.382422681955938,63.09185684515329,60.25597110019655,57.821416821802465,57.638961115516125,57.82141652403667,0.0,0.0,224.35149324910589,1.0,-99.58741955415462,1.0
146,2025-01-14 15:54:08.627518,6.639746283088373,6.421536851907682,63.10845364813714,60.28229788339483,57.87880812163494,57.67745304213521,57.878807827767965,0.0,0.0,223.62934155145783,1.0,-98.28346243352826,1.0
147,2025-01-14 15:54:12.987766,6.694473464492991,6.461157779391958,63.124837320085696,60.30878631150833,57.934803126156446,57.71656794457723,57.93480283583567,0.0,0.0,222.9164635036271,1.0,-97.09744027816214,1.0
148,2025-01-14 15:54:17.420066,6.748034214380676,6.501190868564083,63.141022639572924,60.335393237787045,57.98952809230418,57.75618947373685,57.98952780523972,0.0,0.0,222.21221606777763,1.0,-96.00837077584856,1.0
149,2025-01-14 15:54:21.836032,6.8005158419159395,6.541557474651905,63.157021786134116,60.36208368771145,58.04308682896125,57.79622305365866,58.04308654490932,0.0,0.0,221.51606929412944,1.0,-95.00083155046468,1.0
150,2025-01-14 15:54:26.127430,6.851993064334709,6.582191078976392,63.17284503384652,60.388828672507856,58.09556661402639,57.836590055116616,58.09556633277843,0.0,0.0,220.8275761422291,1.0,-94.0630450406843,1.0
151,2025-01-14 15:54:30.519757,6.902530696155431,6.62303465187065,63.18850121012097,60.41560375119602,58.14704214032634,57.87722397192105,58.147041861701396,0.0,0.0,220.14635251824188,1.0,-93.18578331715344,1.0
152,2025-01-14 15:54:35.093752,6.9521856044668535,6.6640387632554585,63.20399800304489,60.44238803471282,58.197578202928966,57.918067784657616,58.19757792676831,0.0,0.0,219.47206390199432,1.0,-92.36160609020772,1.0
153,2025-01-14 15:54:39.587923,7.001008114597249,6.705160187438784,63.2193421869949,60.46916347575364,58.247231653060915,57.95907207181292,58.247231379224026,0.0,0.0,218.80441553023857,1.0,-91.58442321620441,1.0
154,2025-01-14 15:54:44.204281,6.87943895583502,6.682324531933204,58.09144818560408,57.963068180838235,58.295759945385065,58.00014898138319,58.295760147225586,0.0,0.0,0.0,0.0,67.50532511773599,1.0
155,2025-01-14 15:54:48.500797,6.763827639461727,6.65353103664988,58.00298581737465,57.90889374114045,58.174212838361186,57.97730731662431,58.17421302356939,0.0,0.0,0.0,0.0,61.942665562355614,1.0
156,2025-01-14 15:54:52.714571,6.654227143371022,6.618726721373023,57.914026914333974,57.84578323057477,58.058622810359076,57.948506579486306,58.05862297878704,0.0,0.0,0.0,0.0,56.330534454787085,1.0
157,2025-01-14 15:54:57.001297,6.559962051504433,6.581667838390696,57.84400076348783,57.801425132518006,57.94907219518159,57.91369924943697,57.94907233325727,0.0,0.0,0.0,0.0,46.179247190138994,1.0
158,2025-01-14 15:55:01.460502,6.477465948169652,6.532839975698386,57.764931455038486,57.7350248800241,57.85484101564755,57.8766220543391,57.854841120868095,0.0,0.0,0.0,0.0,35.19088677592208,1.0
159,2025-01-14 15:55:06.089747,6.398768754705642,6.480213204654245,57.69086896247626,57.6674561654732,57.77235503357206,57.8277873768381,57.7723551281873,0.0,0.0,0.0,0.0,31.643954668538754,1.0
160,2025-01-14 15:55:10.508274,6.322453568272372,6.4252044258482135,57.61844697730863,57.599562850143144,57.69366397868498,57.77515611180895,57.69366406665045,0.0,0.0,0.0,0.0,29.41994836419326,1.0
161,2025-01-14 15:55:14.895197,6.2479037109355025,6.368430320085648,57.54709584571567,57.5315832835217,57.617353237901014,57.72014389350598,57.61735332093826,0.0,0.0,0.0,0.0,27.77170980266419,1.0
162,2025-01-14 15:55:19.271243,6.174740090124413,6.310269977651825,57.47657458432921,57.46364419238719,57.54280680928205,57.6633670219947,57.542806888449384,0.0,0.0,0.0,0.0,26.47742100236883,1.0
163,2025-01-14 15:55:23.484415,6.102698973297506,6.250987135774447,57.40673142635367,57.3958144130739,57.46964592472114,57.60520439845224,57.46964600075481,0.0,0.0,0.0,0.0,25.42937160171732,1.0
164,2025-01-14 15:55:27.963152,6.031583814853274,6.19077833420953,57.33745648431015,57.328130050398265,57.397607037918505,57.54591964694586,57.39760711136719,0.0,0.0,0.0,0.0,24.56482906495694,1.0
165,2025-01-14 15:55:32.362218,5.961242098324813,6.129796094278238,57.268664136935946,57.260607474384095,57.326493723354574,57.48570923099406,57.32649379464409,0.0,0.0,0.0,0.0,23.84269216577195,1.0
166,2025-01-14 15:55:36.872029,6.060062989352681,6.145316707155131,62.97650773016467,60.166575838974666,57.25641145057839,57.42480157534179,57.256411049621626,0.0,0.0,229.3705056030071,1.0,-134.09951607172843,1.0
167,2025-01-14 15:55:41.419049,6.153592864904355,6.165059648121013,62.999439838500514,60.18626323750449,57.35521595696477,57.440325265784125,57.35521557077878,0.0,0.0,228.37269530294523,1.0,-129.1594476708724,1.0
168,2025-01-14 15:55:45.718114,6.2398561049163455,6.191030097379535,63.02173730847524,60.207444431370305,57.448724587111315,57.46007386870806,57.44872422121138,0.0,0.0,227.40249906628654,1.0,-122.37480166277237,1.0
169,2025-01-14 15:55:49.915669,6.29893135796202,6.217902384723794,62.979183516892064,60.0446623884041,57.53492157630142,57.4860452459197,57.53492125937575,0.0,0.0,229.25407812419624,1.0,-105.99541538454105,1.0
170,2025-01-14 15:55:54.388455,6.355171885567461,6.246879114857198,62.99485394333903,60.065383804328995,57.59399115000345,57.51291980347657,57.59399084099139,0.0,0.0,228.5722344539088,1.0,-103.34871776422005,1.0
171,2025-01-14 15:55:58.660070,6.4092471953460874,6.277308476205601,63.01014458277291,60.08684627173688,57.650227499902144,57.54189818506686,57.65022719693467,0.0,0.0,227.90691588405915,1.0,-101.32711457345067,1.0
172,2025-01-14 15:56:03.059981,6.461529899145537,6.308831891242814,63.02513411664388,60.10879980919915,57.704299457038076,57.57232883580811,57.70429915907495,0.0,0.0,227.25469886717903,1.0,-99.65341445990816,1.0
173,2025-01-14 15:56:07.604652,6.512267113917959,6.341214239217484,63.039866282516485,60.131107266704866,57.756579347644205,57.60385329018371,57.7565790539956,0.0,0.0,226.61368031648075,1.0,-98.21042996406959,1.0
174,2025-01-14 15:56:11.845344,6.561639561167157,6.374285433992885,63.05437011312843,60.15367898082764,57.80731413799116,57.636236488840424,57.807313848152525,0.0,0.0,225.98259697416398,1.0,-96.93619054246483,1.0
175,2025-01-14 15:56:16.132196,6.6097870408224075,6.4079153331348415,63.06866689220657,60.17645028644543,57.85668445713349,57.6693083847648,57.85668417071457,0.0,0.0,225.36052275347083,1.0,-95.79246909936501,1.0
176,2025-01-14 15:56:20.772755,6.656821880201443,6.442000482432604,63.082773140754924,60.19937186018077,57.90483004330677,57.70293886261523,57.904829759993966,0.0,0.0,224.74673880082983,1.0,-94.75363024421313,1.0
177,2025-01-14 15:56:25.197055,6.702836865140289,6.4764563534059265,63.09670218445967,60.222404614626676,57.95186318023525,57.73702448806255,57.95186289976954,0.0,0.0,224.1406652957227,1.0,-93.8014267245535,1.0
178,2025-01-14 15:56:29.541093,6.747910246382494,6.511212445025468,63.11046507926369,60.24551671359961,57.997876621574235,57.771480747848386,57.997876343737175,0.0,0.0,223.54182117755457,1.0,-92.92227595551594,1.0
179,2025-01-14 15:56:33.818537,6.792109066742343,6.54620901251872,63.1240711931096,60.26868168818192,58.042948593471166,57.80623715297729,58.04294831807558,0.0,0.0,222.94979883314474,1.0,-92.10572734332345,1.0
180,2025-01-14 15:56:38.188433,6.835491533603303,6.5813947833354005,63.13752858915163,60.29187717622976,58.087146119509136,57.84123396842964,58.08714584639256,0.0,0.0,222.36424742260357,1.0,-91.3435177625388,1.0
181,2025-01-14 15:56:42.544005,6.890328754394811,6.623673983708009,63.19861610138013,60.45337265716743,58.1305485818399,57.87642984950532,58.13054829712353,0.0,0.0,219.70623848535007,1.0,-95.2230551553157,1.0
182,2025-01-14 15:56:46.891190,6.944124448755668,6.666221726873988,63.21520280333378,60.48132758367065,58.18538381922951,57.91870946349006,58.18538353742073,0.0,0.0,218.98452629861995,1.0,-94.25061103456756,1.0
183,2025-01-14 15:56:51.281080,6.996944798367265,6.708979882146975,63.231616837704216,60.509309288569035,58.23917768559708,57.961257532290304,58.239177406511146,0.0,0.0,218.27032713644468,1.0,-93.33996072143691,1.0
184,2025-01-14 15:56:55.758277,7.048847893611646,6.751898030208104,63.247866043811044,60.537296665501124,58.291996342084325,58.004015936084194,58.29199606555907,0.0,0.0,217.5632998983136,1.0,-92.48354513658796,1.0
185,2025-01-14 15:57:00.286582,6.931075998066989,6.731471701804615,58.14666080430803,58.01906622212915,58.34361388235116,58.046888914888946,58.34361407950257,0.0,0.0,0.0,0.0,65.9370580808627,1.0
186,2025-01-14 15:57:04.644435,6.819260877112094,6.705088602234896,58.06224272387973,57.96967329078339,58.22586343216751,58.026457059918464,58.22586361268959,0.0,0.0,0.0,0.0,60.37539519979873,1.0
187,2025-01-14 15:57:09.000393,6.713400507561358,6.672750752548642,57.97707338278382,57.91068262799173,58.114068798672406,58.00006725770335,58.11406896257077,0.0,0.0,0.0,0.0,54.81561556962333,1.0
188,2025-01-14 15:57:13.451874,6.614023920257139,6.633929118563049,57.892297344619294,57.845111117243505,58.00822964677364,57.96772081158081,58.00822979257142,0.0,0.0,0.0,0.0,48.76189399908526,1.0
189,2025-01-14 15:57:17.798430,6.526675443316234,6.5830793771061344,57.8090572455761,57.77537807303546,57.908889374849714,57.92887976160627,57.90888948706897,0.0,0.0,0.0,0.0,37.531596689177604,1.0
190,2025-01-14 15:57:22.324451,6.443436170983561,6.528120430804108,57.73089741561872,57.704346738832164,57.82155238664466,57.8780223800476,57.82155248739238,0.0,0.0,0.0,0.0,33.694953957024154,1.0
191,2025-01-14 15:57:26.648545,6.362724520337528,6.4706338608710725,57.65450430428468,57.632943492519004,57.73831994646673,57.82305848404616,57.73832004015815,0.0,0.0,0.0,0.0,31.33498273314217,1.0
192,2025-01-14 15:57:31.191406,6.28388490839596,6.411275257682644,57.57923760414797,57.56142046582381,57.65761324024975,57.765568126454916,57.65761332871506,0.0,0.0,0.0,0.0,29.587117302298793,1.0
193,2025-01-14 15:57:35.825176,6.204736157813915,6.349625114415824,57.50123008898135,57.485135086374406,57.57877282105901,57.70620474627904,57.57877290791027,0.0,0.0,0.0,0.0,29.047299370290602,1.0
194,2025-01-14 15:57:40.201163,6.12684646883371,6.286715913020153,57.426001547467244,57.41235405175794,57.49962735121294,57.64455191287746,57.4996274345493,0.0,0.0,0.0,0.0,27.871748089864923,1.0
195,2025-01-14 15:57:44.717743,6.0499989034980075,6.222764587275968,57.351398576905005,57.33970096702161,57.42174034380337,57.581640449863706,57.42174042423047,0.0,0.0,0.0,0.0,26.89874768577738,1.0
196,2025-01-14 15:57:49.137604,5.974025779721634,6.15793882222092,57.277329213342156,57.26720113753892,57.344895004824636,57.51768720201389,57.34489508281058,0.0,0.0,0.0,0.0,26.082306274020084,1.0
197,2025-01-14 15:57:53.604027,6.067993851929273,6.169585431540999,62.960454889183346,60.119497230592366,57.269180084144544,57.45294204257114,57.26917968771067,0.0,0.0,230.06898870110822,1.0,-132.58684260108566,1.0
198,2025-01-14 15:57:58.026232,6.156997549377507,6.185193191454132,62.98198201224966,60.1366545862402,57.36313342363406,57.46459096973624,57.36313304105907,0.0,0.0,229.13231140952715,1.0,-127.95175364374245,1.0
199,2025-01-14 15:58:02.268927,6.2398392201868464,6.205987568481579,63.00291251587217,60.15523245452923,57.4521197851146,57.480202613202074,57.452119419741976,0.0,0.0,228.22159392144718,1.0,-122.19844246033063,1.0
200,2025-01-14 15:58:07.367529,6.310897775081789,6.237624790426033,63.02308873158062,60.17568697856334,57.53493127923069,57.501008064473226,57.534930946752624,0.0,0.0,227.34369662760383,1.0,-111.19689639258468,1.0
201,2025-01-14 15:58:11.757582,6.378228229323589,6.272116982002512,63.04182445257095,60.200131184371635,57.60598111077574,57.532648842936986,57.60598078870531,0.0,0.0,226.52847741140965,1.0,-107.7160721860082,1.0
202,2025-01-14 15:58:16.079193,6.442906434926532,6.308410948141584,63.060073932878964,60.22556803095773,57.67330560289515,57.56714341259246,57.673305288228924,0.0,0.0,225.73441525386966,1.0,-105.23974792761237,1.0
203,2025-01-14 15:58:20.323062,6.505437238009803,6.346018621089116,63.077963358499545,60.25160297326735,57.73797913169028,57.603439178212334,57.73797882301889,0.0,0.0,224.9560196137926,1.0,-103.23478108546169,1.0
204,2025-01-14 15:58:24.623451,6.566132645540285,6.384642031847209,63.095551602610776,60.27805357403171,57.80050604399429,57.64104827954021,57.80050574044672,0.0,0.0,224.19072883122834,1.0,-101.52112707999095,1.0
205,2025-01-14 15:58:28.953230,6.605404925945953,6.412784750231267,63.03531044853232,60.079144474420296,57.86116351018865,57.67965853342483,57.86116323338601,0.0,0.0,226.81191146069986,1.0,-92.57631697266788,1.0
206,2025-01-14 15:58:33.351823,6.643790526772029,6.441273235043492,63.04691727215728,60.098341674236316,57.90043452144888,57.707801629329396,57.90043424712155,0.0,0.0,226.30688122124815,1.0,-91.74845147128963,1.0
207,2025-01-14 15:58:37.742495,6.681360972636798,6.470042786718084,63.058377720646554,60.117620533524345,57.93881897727048,57.73629042384901,57.938818705218786,0.0,0.0,225.80821998267177,1.0,-90.98736604642,1.0
208,2025-01-14 15:58:41.942471,6.718177448929928,6.4990386305060435,63.069700638773945,60.13695646841624,57.97638838270625,57.765060226755935,57.976388112759395,0.0,0.0,225.31554289564593,1.0,-90.28340396696422,1.0
209,2025-01-14 15:58:46.464873,6.754292929154918,6.528213848240624,63.080893504841654,60.156328546531235,58.013203907781154,57.79405627087798,58.01320363979124,0.0,0.0,224.8285245680679,1.0,-89.62891054238753,1.0
210,2025-01-14 15:58:50.563506,6.789753764745719,6.557527852168489,63.091962828940005,60.175718892079836,58.04931851374305,57.82323164433816,58.049318247580686,0.0,0.0,224.34688173617903,1.0,-89.01768842861202,1.0
211,2025-01-14 15:58:54.722877,6.824600848965161,6.5869452465678995,63.10291434037939,60.19511209016537,58.0847785420483,57.85254576468484,58.08477827759936,0.0,0.0,223.87036510912364,1.0,-88.44463546438419,1.0
212,2025-01-14 15:58:59.069349,6.858870495292942,6.616434956975422,63.11375312226908,60.214494739869345,58.11962487770055,57.88196324072038,58.1196246148636,0.0,0.0,223.398753513223,1.0,-87.90550709193212,1.0
213,2025-01-14 15:59:03.431473,6.892595185931624,6.645969549970804,63.12448371158652,60.233855111044235,58.15389382733476,57.91145300188085,58.15389356601915,0.0,0.0,222.9318495378066,1.0,-87.396699058786,1.0
214,2025-01-14 15:59:07.613616,6.925804105651436,6.6755246945353806,63.1351101912925,60.25318288390187,58.18761786734593,57.94098761813777,58.18761760747017,0.0,0.0,222.4694755271523,1.0,-86.91513732003386,1.0
215,2025-01-14 15:59:12.244510,6.958523592486435,6.705078727057503,63.14563624992338,60.272468935725094,58.22082617755387,57.97054276144332,58.22082591904445,0.0,0.0,222.0114709875286,1.0,-86.45816794057737,1.0
216,2025-01-14 15:59:16.696071,6.990777522740749,6.734612295621251,63.156065234090484,60.2917051710889,58.25354509175809,58.00009677080379,58.25354483454835,0.0,0.0,221.5576903028789,1.0,-86.02349335433246,1.0
217,2025-01-14 15:59:20.872786,7.033628772936764,6.770411648638402,63.20900882307594,60.433952078470625,58.28581374104995,58.02963806348446,58.285813472667634,0.0,0.0,219.25403563501112,1.0,-89.76014995084824,1.0
218,2025-01-14 15:59:25.192255,6.906520109358667,6.741340594322787,58.118928165012655,57.99852678831138,58.32835926830882,58.0653941247319,58.32835947439858,0.0,0.0,0.0,0.0,68.92647549250341,1.0
219,2025-01-14 15:59:29.672680,6.785408237906453,6.706272754835764,58.02283883904757,57.933260041148074,58.20127367728286,58.03631579309974,58.20127386663157,0.0,0.0,0.0,0.0,63.32744891381026,1.0
220,2025-01-14 15:59:34.259288,6.670580179455388,6.664921096871594,57.92693562445516,57.86080679274916,58.08018496046233,58.00123910007895,58.08018513226869,0.0,0.0,0.0,0.0,57.46043283636482,1.0
221,2025-01-14 15:59:38.570330,6.564217740142628,6.615103829844383,57.832200145845434,57.783445006484925,57.965386427666594,57.95987357988425,57.96538657583975,0.0,0.0,0.0,0.0,49.55633614315502,1.0
222,2025-01-14 15:59:42.916480,6.468332438730653,6.554809421837329,57.740422600371154,57.70336174195296,57.85905784711468,57.91003616319322,57.859057966039096,0.0,0.0,0.0,0.0,39.77413128495755,1.0
223,2025-01-14 15:59:47.176219,6.375577465893206,6.4913846962106545,57.653320495662776,57.622868150935005,57.763182080055486,57.84973510545907,57.76318219024108,0.0,0.0,0.0,0.0,36.851441798262385,1.0
224,2025-01-14 15:59:51.794592,6.285079066312013,6.425703392185899,57.5675778894287,57.542126217644075,57.670433812878336,57.78630540888523,57.67043391676431,0.0,0.0,0.0,0.0,34.74454182878617,1.0
225,2025-01-14 15:59:56.051118,6.196348422547672,6.35825433455044,57.482854116376124,57.46131472326214,57.57994056807682,57.720620107583635,57.57994066702781,0.0,0.0,0.0,0.0,33.09404046888176,1.0
226,2025-01-14 16:00:00.617187,6.109057059391691,6.2893659966678825,57.398959802927365,57.380539110186,57.49121405718699,57.65316772866824,57.49121415211997,0.0,0.0,0.0,0.0,31.750225067526117,1.0
227,2025-01-14 16:00:04.998116,6.022964523514856,6.219278834810413,57.31576463336696,57.29986243668052,57.40392609250105,57.5842765788551,57.40392618408731,0.0,0.0,0.0,0.0,30.630916350560256,1.0
228,2025-01-14 16:00:09.613033,5.937885341770457,6.14817831887972,57.233169827086876,57.219321625357296,57.31783639808818,57.5141870079064,57.31783648684548,0.0,0.0,0.0,0.0,29.68477400145275,1.0
229,2025-01-14 16:00:13.986358,6.022499800013932,6.15259757959009,62.908632310557465,59.98552325823753,57.23301247464227,57.443178854046465,57.23301208622744,0.0,0.0,232.32386653315666,1.0,-129.9048818322035,1.0
230,2025-01-14 16:00:18.373272,6.102653687288763,6.160601949825196,62.927417992176636,59.99783003561639,57.31761482489294,57.4475991875064,57.31761444893056,0.0,0.0,231.50647345534793,1.0,-125.74017389795245,1.0
231,2025-01-14 16:00:22.636699,6.177718600571395,6.172844844813841,62.945666910303856,60.01146031615224,57.3977555829026,57.45560548216096,57.397755221146944,0.0,0.0,230.71243575913425,1.0,-120.98874928994974,1.0
232,2025-01-14 16:00:26.804190,6.242307923649483,6.194741973824849,62.96329162298967,60.02666161475017,57.4727957964243,57.46785521289498,57.47279546391306,0.0,0.0,229.9455581743968,1.0,-111.20799308628193,1.0
233,2025-01-14 16:00:31.226250,6.301342480546018,6.221432046577239,62.97963885022227,60.04551318640343,57.537373312087496,57.48975693276313,57.53737299508333,0.0,0.0,229.23426589061535,1.0,-106.02166790192769,1.0
234,2025-01-14 16:00:35.564776,6.357513095076071,6.250256949234549,62.995284109865636,60.066139878475546,57.59640213571283,57.516449296679205,57.59640182670385,0.0,0.0,228.5535172655584,1.0,-103.34768921950399,1.0
235,2025-01-14 16:00:39.919454,6.411506060916638,6.280548257506634,63.010546107826904,60.08751966692211,57.65256855347793,57.54527585951036,57.652568250548235,0.0,0.0,227.88944492897897,1.0,-101.31447651133385,1.0
236,2025-01-14 16:00:44.345555,6.463699602457875,6.311941836643394,63.02550552935638,60.10939610300874,57.70655815854811,57.57556846207925,57.70655786064181,0.0,0.0,227.23853814507342,1.0,-99.63441100978798,1.0
237,2025-01-14 16:00:48.670679,6.514343488768148,6.344199954572923,63.04020678246522,60.131629855661785,57.75874888356506,57.60696308379434,57.75874858998488,0.0,0.0,226.59886465491752,1.0,-98.1875441198099,1.0
238,2025-01-14 16:00:53.101801,6.563619949513236,6.377151038133344,63.054679219460304,60.15413023076511,57.80939034463664,57.639222054770116,57.80939005487385,0.0,0.0,225.9691472957809,1.0,-96.91082170434129,1.0
239,2025-01-14 16:00:57.621355,6.611669734652276,6.410664011656159,63.06894430691142,60.17683197225999,57.85866467790851,57.67217384134179,57.85866439157021,0.0,0.0,225.34845202513478,1.0,-95.76550674125883,1.0
240,2025-01-14 16:01:01.794271,6.658605809377905,6.444634794545964,63.08301868250526,60.19968538407857,57.90671257107252,57.70568739513232,57.90671228784333,0.0,0.0,224.73605491237115,1.0,-94.72566831448148,1.0
241,2025-01-14 16:01:06.072988,6.721360609530373,6.488546144797508,63.16315025133481,60.41482629037006,57.95367897783432,57.73967240890113,57.95367867853627,0.0,0.0,221.24941061576973,1.0,-100.09987819671551,1.0
242,2025-01-14 16:01:10.646844,6.782714984790599,6.533001103656399,63.181535775082004,60.44440133230287,58.01643079113673,57.783584626104584,58.01643049574819,0.0,0.0,220.44942900490875,1.0,-98.79234869401898,1.0
243,2025-01-14 16:01:14.913456,6.842781099807875,6.577897541023775,63.199705983233294,60.474097539492085,58.07778246950399,57.82804029570821,58.077782177711846,0.0,0.0,219.65881609735962,1.0,-97.58953663265402,1.0
244,2025-01-14 16:01:19.495520,6.901653153994427,6.623150690632442,63.2176739368238,60.50387786845281,58.13784612837635,57.87293731172109,58.13784583991765,0.0,0.0,218.8770035879705,1.0,-96.47467238778518,1.0
245,2025-01-14 16:01:23.900702,6.959411697105802,6.668688915212829,63.235450574125366,60.53371159852573,58.19671592997018,57.91819092657119,58.19671564462003,0.0,0.0,218.10351553618855,1.0,-95.43502228609668,1.0
246,2025-01-14 16:01:28.169377,7.0161266087455685,6.7144508101555,63.25304527444237,60.56357284622569,58.25447239512127,57.96372951792281,58.25447211268459,0.0,0.0,217.33794383446377,1.0,-94.4606137898063,1.0
247,2025-01-14 16:01:32.370260,6.902945406990729,6.697330708798237,58.121294424194716,57.99265967403156,58.31090920098338,58.00944423728097,58.31090939284067,0.0,0.0,0.0,0.0,64.16644297928542,1.0
248,2025-01-14 16:01:36.710685,6.795743392451316,6.674231429477833,58.0422195786994,57.95016576778929,58.19774878841114,57.992319261950485,58.19774896357652,0.0,0.0,0.0,0.0,58.583855732194934,1.0
249,2025-01-14 16:01:40.952139,6.694438457139639,6.64523507462089,57.961951190215366,57.89690429190077,58.09056633307236,57.96921398887104,58.09056649177504,0.0,0.0,0.0,0.0,53.07792548819634,1.0
250,2025-01-14 16:01:45.249541,6.599371858167852,6.610000378550939,57.881781829245,57.83635102358816,57.98928105907966,57.94021005442042,57.98928120036695,0.0,0.0,0.0,0.0,47.25336947501546,1.0
251,2025-01-14 16:01:49.677407,6.515849410422895,6.563221534685748,57.80285928047885,57.77115430545889,57.89424801735632,57.90495808898373,57.89424812641614,0.0,0.0,0.0,0.0,36.474927794074574,1.0
252,2025-01-14 16:01:53.968293,6.4370387434914615,6.511730911615385,57.72865151296678,57.70424595507574,57.81073819840366,57.85817101947788,57.81073829430976,0.0,0.0,0.0,0.0,32.07567979416126,1.0
253,2025-01-14 16:01:58.416742,6.3746829034941745,6.464123848634583,57.681562224841144,57.6705065231231,57.73196666062539,57.80668722493665,57.73196672996673,0.0,0.0,0.0,0.0,23.191130817963312,1.0
254,2025-01-14 16:02:02.688464,6.313656880656091,6.4151869736796225,57.62253760796309,57.61360084384641,57.66961364275789,57.75907787511943,57.66961370838682,0.0,0.0,0.0,0.0,21.949517993675727,1.0
255,2025-01-14 16:02:07.211133,6.25367202998962,6.36520892878483,57.5641689694422,57.55681630844565,57.60858979327867,57.71013917226428,57.60858985600099,0.0,0.0,0.0,0.0,20.9774070634694,1.0
256,2025-01-14 16:02:11.475777,6.194521815491834,6.314396250753961,57.50633396701505,57.50018649646434,57.54860666184829,57.66015963843514,57.54860672224059,0.0,0.0,0.0,0.0,20.198135229634318,1.0
257,2025-01-14 16:02:16.130211,6.13605076109016,6.262904408788667,57.44894053102832,57.443722542159804,57.48945783119056,57.60934573333213,57.48945788968686,0.0,0.0,0.0,0.0,19.564018579671938,1.0
258,2025-01-14 16:02:20.433592,6.078138094480551,6.21085418115577,57.39191596995133,57.38742298082393,57.43098790435388,57.55785287212139,57.43098796129134,0.0,0.0,0.0,0.0,19.04266809560795,1.0
259,2025-01-14 16:02:24.710080,6.020687943387287,6.158341437007633,57.33520137950157,57.331279443916706,57.373076164737526,57.50580179315017,57.3730762203838,0.0,0.0,0.0,0.0,18.61082997493213,1.0
260,2025-01-14 16:02:28.922141,5.963623034105057,6.105443450262578,57.278748248534455,57.27528001327835,57.31562678093228,57.453288335003805,57.315626835503075,0.0,0.0,0.0,0.0,18.25113774714282,1.0
261,2025-01-14 16:02:33.201768,6.073351950602156,6.129216387555469,63.02373078727253,60.29694714029484,57.25882855018073,57.40045552303585,57.25882813911813,0.0,0.0,227.31575982505504,1.0,-137.47940092798672,1.0
262,2025-01-14 16:02:37.654216,6.17697061084571,6.157885400226503,63.04978475740181,60.32202605958711,57.368536800569956,57.42423346525823,57.36853640656518,0.0,0.0,226.18211265351036,1.0,-131.77443424353896,1.0
263,2025-01-14 16:02:42.092903,6.26778958511629,6.1981739342890645,63.07510876729601,60.34878948355392,57.47211546122388,57.452917469928266,57.472115102951605,0.0,0.0,225.08022714253966,1.0,-119.82373841988192,1.0
264,2025-01-14 16:02:46.408902,6.353394116989725,6.242568695736486,63.098888915947185,60.37964526332816,57.562919433331864,57.49321231890413,57.56291908961661,0.0,0.0,224.04551734117075,1.0,-114.95516112006499,1.0
265,2025-01-14 16:02:50.755416,6.420666624403606,6.280728677896511,63.061978036295514,60.23778976759324,57.648477315927515,57.53759769853677,57.64847699835169,0.0,0.0,225.65156486900307,1.0,-106.21285842944417,1.0
266,2025-01-14 16:02:55.405339,6.485754815489846,6.320205336044883,63.08059580405098,60.26501392694537,57.71574490222483,57.57575956111295,57.71574459074689,0.0,0.0,224.84147797431015,1.0,-104.1734280960327,1.0
267,2025-01-14 16:02:59.980010,6.548970268726655,6.360701330600655,63.09890825294357,60.292649379083834,57.78082898459771,57.615237712426705,57.780828678347845,0.0,0.0,224.044675959564,1.0,-102.42490497603285,1.0
268,2025-01-14 16:03:04.057992,6.61053351294021,6.402008673075711,63.11695147654837,60.32058595010735,57.84404089782819,57.65573491858329,57.84404059619076,0.0,0.0,223.2595883393806,1.0,-100.88228202164373,1.0
269,2025-01-14 16:03:08.501488,6.670612213603775,6.443971052601321,63.13475100037401,60.34874678969087,57.90560102942715,57.69704325414836,57.905600731934086,0.0,0.0,222.48510446073718,1.0,-99.49620647034862,1.0
270,2025-01-14 16:03:12.791903,6.729339668724465,6.486465624438586,63.1523262469831,60.3770743127972,57.965676953250686,57.73900645030951,57.96567665952984,0.0,0.0,221.72037921891308,1.0,-98.23459062431539,1.0
271,2025-01-14 16:03:17.196373,6.786825238746518,6.529392755477618,63.169692685627496,60.40552340081675,58.02440190373971,57.78150169235137,58.024401613485786,0.0,0.0,220.96473952364417,1.0,-97.07508174415125,1.0
272,2025-01-14 16:03:21.269465,6.843160777763222,6.5726697357549035,63.186863038464594,60.43405757213254,58.08188519505888,57.82442936967155,58.081884908015454,0.0,0.0,220.21763181485295,1.0,-96.00133321214344,1.0
273,2025-01-14 16:03:25.737963,6.898424815872082,6.616226670714905,63.20384802366717,60.462646636530536,58.13821864628056,57.867706789810775,58.13821836222843,0.0,0.0,219.47858972882656,1.0,-95.0009010858821,1.0
274,2025-01-14 16:03:30.213564,6.952685461788428,6.660003662705469,63.22065683394122,60.491265159818454,58.193480760270546,57.911264072217634,58.19348047901955,0.0,0.0,218.74721327718976,1.0,-94.06406199616413,1.0
275,2025-01-14 16:03:34.611574,7.006002466366243,6.703948801337597,63.23729747047909,60.51989141396397,58.2477396240506,57.9550413306991,58.247739345433935,0.0,0.0,218.02315431610768,1.0,-93.18301348969271,1.0
276,2025-01-14 16:03:39.093924,6.889138201245825,6.684563212994809,58.104289894320246,57.974968239658516,58.300771782011545,57.99894052745294,58.30077197848492,0.0,0.0,0.0,0.0,65.71028859809758,1.0
277,2025-01-14 16:03:43.281960,6.777478358256558,6.658774097305354,58.019666570725626,57.9257029771067,58.18392618097219,57.97954917574852,58.18392636177442,0.0,0.0,0.0,0.0,60.46909127746858,1.0
278,2025-01-14 16:03:47.641655,6.6717601326945735,6.627043359474983,57.9349675223467,57.86763182542781,58.07228675647476,57.95375348897164,58.07228692068995,0.0,0.0,0.0,0.0,54.921575956541346,1.0
279,2025-01-14 16:03:51.995837,6.572446583916734,6.5889079485916895,57.85058436590709,57.802789633226936,57.96658947186235,57.92201439127475,57.96658961819779,0.0,0.0,0.0,0.0,48.94171548585291,1.0
280,2025-01-14 16:03:56.218945,6.485100154429499,6.538805421063443,57.76764508743766,57.73363249521803,57.86731204364744,57.88385992644667,57.86731215657463,0.0,0.0,0.0,0.0,37.76836478550649,1.0
281,2025-01-14 16:04:00.793607,6.402105090137798,6.484351532055985,57.689705322595614,57.663025132530834,57.779977765012994,57.83374939031465,57.77997786579261,0.0,0.0,0.0,0.0,33.70562184898063,1.0
282,2025-01-14 16:04:05.216382,6.3216966500673895,6.427311019482031,57.61363552467983,57.59202273883507,57.69698967243307,57.7792904725468,57.696989765991674,0.0,0.0,0.0,0.0,31.2905640879535,1.0
283,2025-01-14 16:04:09.545121,6.243189622691196,6.368369094851506,57.538715322875284,57.52088898510255,57.61658623734418,57.722246137097045,57.61658632559467,0.0,0.0,0.0,0.0,29.515272729554454,1.0
284,2025-01-14 16:04:13.813186,6.16617361673483,6.307936154824174,57.464677896618646,57.449766673839065,57.538083063144676,57.66330114001123,57.53808314723273,0.0,0.0,0.0,0.0,28.123150494252513,1.0
285,2025-01-14 16:04:18.138155,6.090366435085744,6.246294388953744,57.391360834700954,57.37873539017753,57.46107013492262,57.60286566114134,57.46107021563603,0.0,0.0,0.0,0.0,26.994503750188414,1.0
286,2025-01-14 16:04:22.351434,6.015558858943112,6.1836530171060895,57.318648405587005,57.307838937148354,57.38526546699978,57.54122176353449,57.385265544922625,0.0,0.0,0.0,0.0,26.061202274831885,1.0
287,2025-01-14 16:04:26.800379,5.941588872067124,6.120174061962487,57.24645107603069,57.23709933238394,57.31045997527536,57.4785785830059,57.310460050859945,0.0,0.0,0.0,0.0,25.279175100081375,1.0
288,2025-01-14 16:04:31.173966,6.037561114349973,6.133312683837484,62.95731693147933,60.11891499225251,57.23674931341183,57.41517808779656,57.23674891457369,0.0,0.0,230.2055259297124,1.0,-133.39094437355925,1.0
289,2025-01-14 16:04:35.539259,6.134498189961952,6.153939118966303,63.00363280674932,60.20733765041172,57.33272454080694,57.42832196527209,57.33272414938205,0.0,0.0,228.19025298908542,1.0,-130.9115924271964,1.0
290,2025-01-14 16:04:40.114388,6.224577490370508,6.18034711643367,63.02672620014147,60.22935800949971,57.429640882269766,57.44895378601821,57.42964050998952,0.0,0.0,227.18542493522364,1.0,-124.5086900661363,1.0
291,2025-01-14 16:04:44.542335,6.3028552017325925,6.217519339209712,63.04898599433836,60.2534317166496,57.519687558053874,57.47537474407561,57.51968721871979,0.0,0.0,226.21686802795543,1.0,-113.48988472832389,1.0
292,2025-01-14 16:04:48.978539,6.377474392815752,6.257379850219347,63.06980515545219,60.281381994885095,57.59795595098891,57.51255078097869,57.59795562186819,0.0,0.0,225.3109952188012,1.0,-110.07403557471207,1.0
293,2025-01-14 16:04:53.389237,6.44937722906165,6.299008703040696,63.09014766559025,60.310236803574846,57.672568469163025,57.552413923581945,57.67256814762547,0.0,0.0,224.42586220583976,1.0,-107.53785580845943,1.0
294,2025-01-14 16:04:57.707288,6.519041375038478,6.3419453348843025,63.11012323196401,60.33965792538973,57.74446596515053,57.5940447856438,57.744465649862676,0.0,0.0,223.55669546436982,1.0,-105.4476501337831,1.0
295,2025-01-14 16:05:01.954530,6.586771353616147,6.3858997483829185,63.129787076808114,60.369476370027265,57.81412561309892,57.63698301757044,57.81412530321062,0.0,0.0,222.70109219244614,1.0,-103.64177767826277,1.0
296,2025-01-14 16:05:06.166557,6.652785971131354,6.430666025750898,63.14917426117315,60.39958599234878,57.881851692811175,57.680938730254624,57.88185138771159,0.0,0.0,221.85752683136795,1.0,-102.04019448451618,1.0
297,2025-01-14 16:05:10.543965,6.717252830197298,6.476088289904258,63.16830993969495,60.4299116257946,57.947862865567295,57.72570607213698,57.94786256478855,0.0,0.0,221.02490486534165,1.0,-100.59509495306429,1.0
298,2025-01-14 16:05:14.883509,6.780305903827618,6.5220433811505325,63.18721338054039,60.460396534133906,58.01232663892105,57.77112921064375,58.01232634208913,0.0,0.0,220.20238790763565,1.0,-99.27508674024921,1.0
299,2025-01-14 16:05:19.077668,6.842055626675555,6.568430988429366,63.205899999684064,60.49099602039573,58.07537691952891,57.8170850180184,58.07537662633551,0.0,0.0,219.38930518615976,1.0,-98.0581850649287,1.0
300,2025-01-14 16:05:23.669292,6.9025950539298755,6.615167547627263,63.22438252974527,60.521673792752196,58.137124093281734,57.86347320722916,58.13712380346708,0.0,0.0,218.58510268562358,1.0,-96.92817079098859,1.0
