iteration,timestamp,T1,PU1F,PU2F,J280,J269,PU1,PU2
0,2025-02-20 01:19:11.394259,3.0,0.0,0.0,0.0,0.0,0,1
1,2025-02-20 01:20:37.442898,3.0319082736968994,90.6913592701852,90.708647656574,2.97794059526657,37.935620892361,1,1
2,2025-02-20 01:22:06.505705,3.026608943939209,96.124506279897,96.143365891218,2.97543070109329,35.0541535176825,1,1
3,2025-02-20 01:23:36.316665,3.0213685035705566,96.1269822082158,96.145842545806,2.97542952606938,35.0528268358188,1,1
4,2025-02-20 01:25:03.460549,3.016186475753784,96.1294274953153,96.1482885501999,2.97542837347213,35.0515165625884,1,1
5,2025-02-20 01:26:33.066817,3.0110628604888916,96.1318264380637,96.1506881966572,2.97542723785569,35.050231105841,1,1
6,2025-02-20 01:27:58.445260,3.0009894371032715,96.1341822855864,96.1530447352556,2.97542611750561,35.0489687251129,1,1
7,2025-02-20 01:29:27.270670,2.9960391521453857,96.1364952064525,96.1553583346133,2.97542502578065,35.047729344105,1,1
8,2025-02-20 01:30:50.587492,2.9960391521453857,96.1387723037378,96.1576360998892,2.97542394816316,35.0465091460377,1,1
9,2025-02-20 01:32:19.053477,2.9911463260650635,96.1409983728484,96.1598628220288,2.975422895978,35.0453162830127,1,1
10,2025-02-20 01:33:40.661643,2.976238965988159,96.5758871826452,96.5948793521755,2.975216593809,34.8120869112017,1,1
11,2025-02-20 01:35:07.131352,2.961408853530884,96.5854198075844,96.604414779831,2.97521206712669,34.8069704782384,1,1
12,2025-02-20 01:36:35.482635,2.9466564655303955,96.5948742001522,96.6138719523178,2.97520756635278,34.8018957552904,1,1
13,2025-02-20 01:38:00.499451,2.924368143081665,96.0369079088544,96.0557418305739,2.97547214906335,35.1010837677544,1,1
14,2025-02-20 01:39:26.306782,2.924368143081665,96.0431870250091,96.0620227877627,2.97546918152143,35.0977203232694,1,1
15,2025-02-20 01:40:48.663713,2.9133362770080566,96.049382261204,96.0682198404866,2.97546625064057,35.0944016899578,1,1
16,2025-02-20 01:42:17.817594,2.902379035949707,96.055531893525,96.074371276022,2.97546334085799,35.09110740997,1,1
17,2025-02-20 01:43:40.359817,2.891496181488037,96.0616341961238,96.0804753680137,2.97546045217271,35.087838408214,1,1
18,2025-02-20 01:45:03.359941,2.880687713623047,96.0676958932807,96.0865388427121,2.97545758623189,35.0845910890334,1,1
19,2025-02-20 01:46:30.603478,2.869952917098999,96.0737015612873,96.0925462718852,2.97545474731712,35.0813737135526,1,1
20,2025-02-20 01:47:58.311895,2.8592917919158936,96.0796650359465,96.0985114953914,2.97545192231378,35.0781788651549,1,1
21,2025-02-20 01:49:23.785568,2.8487040996551514,96.0855818557777,96.1044300504407,2.97544912411981,35.0750089461647,1,1
22,2025-02-20 01:50:49.994256,2.8381893634796143,96.0914442990956,96.1102942130822,2.97544634964487,35.0718680884586,1,1
23,2025-02-20 01:52:18.586795,2.817377805709839,96.0972663884362,96.1161180099626,2.97544359420183,35.0687487832003,1,1
24,2025-02-20 01:53:44.381421,2.817377805709839,96.1030479275094,96.1219012447334,2.97544085975901,35.0656511386727,1,1
25,2025-02-20 01:55:11.182499,2.8079872131347656,95.9722092483795,95.9910242036436,2.97550274752728,35.1357358317258,1,1
26,2025-02-20 01:56:39.324820,2.789418935775757,95.977114615194,95.99593100823,2.97550043366898,35.1331088795326,1,1
27,2025-02-20 01:58:10.653478,2.789418935775757,95.9819515790559,96.0007693898686,2.9754981438213,35.1305184800089,1,1
28,2025-02-20 01:59:35.502178,2.7802412509918213,95.986748787237,96.0055680042081,2.97549587746149,35.1279493302818,1,1
29,2025-02-20 02:01:00.154620,2.7711341381073,95.9915004655972,96.0103210754155,2.97549362808978,35.1254045143587,1,1
30,2025-02-20 02:02:23.545707,2.7620973587036133,95.996209531666,96.0150315218742,2.97549139931988,35.1228824760537,1,1
31,2025-02-20 02:03:48.663244,2.7531306743621826,96.0008665774593,96.0196899328416,2.9754891979806,35.1203882575996,1,1
32,2025-02-20 02:06:32.973755,2.740673542022705,96.0100495416089,96.0288755889963,2.97548485405759,35.1154699203274,1,1
33,2025-02-20 02:08:00.528993,2.735650062561035,95.9970788460584,96.0159010911122,2.97549098976996,35.1224168729856,1,1
34,2025-02-20 02:09:26.460903,2.7272720336914062,95.999595500301,96.0184184830862,2.97548979964034,35.1210690102255,1,1
35,2025-02-20 02:10:54.571471,2.7107274532318115,96.0037002001029,96.0225243861575,2.97548785856625,35.1188706016461,1,1
36,2025-02-20 02:12:18.179382,2.7055861949920654,96.0077653904712,96.0265907682465,2.97548593604066,35.1166933097849,1,1
37,2025-02-20 02:13:43.891401,2.7005133628845215,95.6159735042598,95.6346841421969,2.97567089177437,35.3263830317104,1,1
38,2025-02-20 02:15:04.270223,2.7005133628845215,95.6173415012862,95.6360525394481,2.97567024981613,35.325651408362,1,1
39,2025-02-20 02:16:32.374308,2.695510149002075,95.6186423347375,95.6373537534788,2.975669635957,35.3249556961702,1,1
40,2025-02-20 02:17:57.039754,2.6905760765075684,95.6198977787536,95.6386095647972,2.97566904723172,35.3242842597411,1,1
41,2025-02-20 02:19:22.138513,2.685711145401001,95.6211032424194,95.6398153811452,2.97566847775607,35.3236395466378,1,1
42,2025-02-20 02:20:47.841756,2.680914878845215,95.6222677839406,95.6409802633778,2.9756679264875,35.3230167158974,1,1
43,2025-02-20 02:22:14.068468,2.67152738571167,95.6233853359927,95.6420981423955,2.97566740089819,35.3224190173711,1,1
44,2025-02-20 02:23:34.697518,2.6713123321533203,95.624463829381,95.6431769513239,2.97566689160199,35.3218422041038,1,1
45,2025-02-20 02:24:59.461693,2.6713123321533203,95.3088781430224,95.3274990077917,2.9758154166946,35.4905280440327,1,1
46,2025-02-20 02:26:26.082564,2.671196937561035,95.3030797480923,95.3216989191694,2.97581814234007,35.4936255489296,1,1
47,2025-02-20 02:27:50.266835,2.67118239402771,95.2971791873342,95.315796634952,2.97582091435033,35.4967775299519,1,1
48,2025-02-20 02:29:17.060898,2.6712677478790283,95.2911600358943,95.3097757254689,2.97582374439693,35.4999927909116,1,1
49,2025-02-20 02:30:38.608823,2.6731555461883545,95.0510331600709,95.0695787594583,2.97593645381537,35.6282024709445,1,1
50,2025-02-20 02:32:05.261659,2.6751351356506348,95.042161083742,95.0607040951689,2.97594061565274,35.632937258906,1,1
51,2025-02-20 02:33:31.067440,2.677206516265869,95.0331242103825,95.0516645858843,2.97594485059512,35.6377598484332,1,1
52,2025-02-20 02:34:51.344441,2.6887502670288086,94.6621138827549,94.6805461472648,2.97611849339132,35.8356102699357,1,1
53,2025-02-20 02:36:17.851832,2.70432448387146,94.0937802307866,94.112047291481,2.97638336707495,36.1381508609084,1,1
54,2025-02-20 02:37:45.069881,2.7317001819610596,93.0892442526548,93.1072205211463,2.97684821248783,36.6712968930445,1,1
55,2025-02-20 02:39:07.255714,2.7865676879882812,93.0498586107943,93.0678235082851,2.97686635004084,36.6921602130316,1,1
56,2025-02-20 02:40:30.362800,2.7865676879882812,93.010469024056,93.028422552978,2.97688448049928,36.7130208914717,1,1
57,2025-02-20 02:41:58.844150,2.814059257507324,92.9710586714221,92.9890008281663,2.97690262081153,36.733889414931,1,1
58,2025-02-20 02:43:19.241880,2.8415892124176025,92.9316122232415,92.9495429997808,2.97692076766963,36.7547738825776,1,1
59,2025-02-20 02:44:46.617883,2.869157075881958,92.89214988222,92.9100692763632,2.97693891714643,36.775663593731,1,1
60,2025-02-20 02:46:07.824509,2.8967628479003906,92.8526585535606,92.8705665593421,2.9769570713821,36.7965654727493,1,1
61,2025-02-20 02:47:39.954487,2.923691987991333,92.9899897595673,93.0079373799249,2.97689390658899,36.7238638651733,1,1
62,2025-02-20 02:49:07.340773,2.95065975189209,92.9512016084073,92.9691380361766,2.97691175551558,36.744402852302,1,1
63,2025-02-20 02:50:31.269224,3.0047106742858887,92.9123685752021,92.9302938009013,2.97692961797268,36.7649610099925,1,1
64,2025-02-20 02:51:53.687099,3.0047106742858887,92.8735107903721,92.8914248091822,2.97694748445503,36.7855291939165,1,1
65,2025-02-20 02:53:20.411980,3.0317935943603516,92.8346351845635,92.8525379936678,2.9769653548293,36.8061037337707,1,1
66,2025-02-20 02:54:47.668886,3.0589141845703125,92.7957362696919,92.8136278646948,2.97698322780942,36.8266875255383,1,1
67,2025-02-20 02:56:12.728800,3.0860726833343506,92.7568057340481,92.774686108163,2.97700111164307,36.8472849647565,1,1
68,2025-02-20 02:57:41.634337,3.1132686138153076,92.7178505650645,92.7357197135252,2.97701899268503,36.8678923353409,1,1
69,2025-02-20 02:59:11.763757,3.1405019760131836,92.6788712393964,92.6967291575786,2.97703688327992,36.8885093915825,1,1
70,2025-02-20 03:00:34.913076,3.189842939376831,92.6398679954,92.6577146787529,2.97705477782497,36.9091359953765,1,1
71,2025-02-20 03:01:59.293119,3.189842939376831,93.5150366693956,93.5331360072147,2.97665169618061,36.445562264319,1,1
72,2025-02-20 03:03:27.107424,3.2119269371032715,93.4870892840048,93.5051805349029,2.97666461905096,36.4603907020504,1,1
73,2025-02-20 03:04:51.577574,3.2324841022491455,93.7934231026518,93.8116030543294,2.97652280023983,36.2977763233149,1,1
74,2025-02-20 03:06:12.934584,3.2530558109283447,93.7671814653002,93.7853538124773,2.97653497061552,36.3117144992425,1,1
75,2025-02-20 03:07:40.108648,3.2736423015594482,93.7409281127427,93.7590928535811,2.97654713683668,36.3256568296922,1,1
76,2025-02-20 03:09:06.364693,3.294243097305298,93.7146681308628,93.732825264497,2.97655929702745,36.3396012778017,1,1
77,2025-02-20 03:10:35.380521,3.3148579597473145,93.6884091331027,93.7065586608733,2.97657146493421,36.353543817155,1,1
78,2025-02-20 03:12:00.899259,3.3354873657226562,93.6621454886424,93.6802874102586,2.97658362454551,36.3674874190452,1,1
79,2025-02-20 03:13:25.365882,3.356130838394165,93.6358721879277,93.6540065016494,2.97659578672667,36.3814347502113,1,1
80,2025-02-20 03:14:50.734241,3.3767881393432617,93.6095975759641,93.6277242824687,2.97660795387088,36.395381385081,1,1
81,2025-02-20 03:16:11.219534,3.3974592685699463,93.583319623797,93.6014387231745,2.97662010909154,36.409328382731,1,1
82,2025-02-20 03:17:39.896792,3.438843011856079,93.5570396296635,93.5751511223803,2.97663226597378,36.4232750674508,1,1
83,2025-02-20 03:19:03.429239,3.438843011856079,93.5307492812703,93.5488531653875,2.97664443013418,36.4372258515815,1,1
84,2025-02-20 03:20:33.950650,3.459555149078369,93.5044608917561,93.5225571688998,2.97665658731509,36.4511741906647,1,1
85,2025-02-20 03:22:03.022918,3.4776930809020996,94.0216703018634,94.0399164366641,2.97641687912072,36.1764906452855,1,1
86,2025-02-20 03:23:26.921684,3.4958481788635254,93.9980616415563,94.0163009267382,2.97642783914706,36.1890410724265,1,1
87,2025-02-20 03:24:51.966207,3.5140202045440674,93.9744194453722,93.9926518723476,2.97643882412803,36.2016078147535,1,1
88,2025-02-20 03:26:16.927497,3.5322091579437256,93.950783980954,93.969009552531,2.97644979691898,36.2141698404543,1,1
89,2025-02-20 03:27:38.045469,3.550414800643921,93.9271268712937,93.9453455820479,2.97646078120888,36.2267422441789,1,1
90,2025-02-20 03:29:02.772654,3.5868756771087646,93.9034709383708,93.9216827894998,2.97647175841908,36.2393128852752,1,1
91,2025-02-20 03:30:19.871494,3.5868756771087646,93.8798056469903,93.8980106366357,2.97648274185219,36.2518873713287,1,1
92,2025-02-20 03:31:42.001652,3.605130910873413,93.8561352454196,93.8743333729566,2.97649372248247,36.2644634360543,1,1
93,2025-02-20 03:33:03.102623,3.6123952865600586,94.4539296399154,94.4723013320595,2.97621567593056,35.9465084051156,1,1
94,2025-02-20 03:34:28.556597,3.619703769683838,94.441145354836,94.4595133293488,2.97622163560003,35.9533158112885,1,1
95,2025-02-20 03:35:53.714530,3.6344544887542725,94.4282735802861,94.4466378121011,2.97622763829554,35.960169311004,1,1
96,2025-02-20 03:37:17.129678,3.6344544887542725,94.4153664377128,94.4337269168007,2.97623365778865,35.9670413064919,1,1
97,2025-02-20 03:38:43.686740,3.6391751766204834,94.8060738792077,94.8245480681122,2.97605118440103,35.7588730759389,1,1
98,2025-02-20 03:40:08.421174,3.6496212482452393,94.1868532588552,94.2051473403511,2.9763400852301,36.0886500297393,1,1
99,2025-02-20 03:41:37.419712,3.660139799118042,94.1656784018382,94.1839663344034,2.9763499348605,36.0999138247308,1,1
100,2025-02-20 03:43:02.470889,3.6707305908203125,94.1443634681157,94.1626452120765,2.97635984626969,36.111250804123,1,1
101,2025-02-20 03:44:29.141769,3.681393623352051,94.1229875170735,94.1412630554133,2.97636978738719,36.1226193156584,1,1
102,2025-02-20 03:45:53.483526,3.6921286582946777,94.1015334986086,94.1198028093645,2.97637976348002,36.1340284195306,1,1
103,2025-02-20 03:47:19.185484,3.702934741973877,94.0799951628988,94.0982582223024,2.97638977527144,36.1454814260363,1,1
104,2025-02-20 03:48:44.972827,3.7138121128082275,94.0584003164849,94.0766571088466,2.97639981177867,36.1569635402112,1,1
105,2025-02-20 03:50:13.081567,3.7247602939605713,94.0367268187232,94.054977321933,2.97640988275312,36.1684865270316,1,1
106,2025-02-20 03:51:39.474856,3.73577880859375,94.0149882379844,94.033232433878,2.97641997834146,36.1800431580375,1,1
107,2025-02-20 03:53:02.972647,3.7468671798706055,93.9931774373436,94.0114153056921,2.976430112718,36.1916372299398,1,1
108,2025-02-20 03:54:28.728623,3.765044927597046,93.9712857122246,93.9895172302816,2.97644028185149,36.2032733516144,1,1
109,2025-02-20 03:55:47.238035,3.765044927597046,94.6732699908799,94.691705503185,2.97611327919562,35.829665032575,1,1
110,2025-02-20 03:57:12.342905,3.779322862625122,94.6564623361854,94.6748929554747,2.9761211345416,35.8386219580567,1,1
111,2025-02-20 03:58:32.228824,3.779322862625122,94.6395631557398,94.657988855802,2.97612902859775,35.8476270821701,1,1
112,2025-02-20 03:59:58.295880,3.7939162254333496,94.6225789971083,94.6409997536451,2.97613696630235,35.8566769148372,1,1
113,2025-02-20 04:01:28.243840,3.7939162254333496,94.6054984859963,94.6239142714057,2.97614493975751,35.8657774941708,1,1
114,2025-02-20 04:02:52.495699,3.797278642654419,95.1175135183538,95.1360785138656,2.9759052712437,35.5927184600016,1,1
115,2025-02-20 04:04:20.190801,3.797278642654419,95.1121093716557,95.1306727902019,2.97590780905147,35.5956032878893,1,1
116,2025-02-20 04:05:48.323722,3.786627769470215,95.4164365769743,95.4350888680258,2.9757648464942,35.4330586569624,1,1
117,2025-02-20 04:07:17.815996,3.7760579586029053,95.4209182294853,95.4395718303456,2.97576273600834,35.4306635868674,1,1
118,2025-02-20 04:08:39.150619,3.7655694484710693,95.4253443226427,95.4439992171194,2.97576065162611,35.4282981488559,1,1
119,2025-02-20 04:10:11.218778,3.7551615238189697,95.4297284653678,95.448384641229,2.97575858818282,35.4259550931378,1,1
120,2025-02-20 04:11:33.443787,3.7448339462280273,95.4340563043586,95.4527137451769,2.97575655455253,35.4236420938357,1,1
121,2025-02-20 04:13:00.965605,3.7337160110473633,95.5665838242483,95.5852800144576,2.97569416229278,35.3527949609914,1,1
122,2025-02-20 04:14:25.051003,3.722676992416382,95.5716471848996,95.5903448560802,2.97569177702085,35.3500874970542,1,1
123,2025-02-20 04:15:57.798553,3.711716890335083,95.5766663646788,95.5953655039663,2.97568941533881,35.3474035838282,1,1
124,2025-02-20 04:17:23.532112,3.7008349895477295,95.5816331903611,95.6003337824796,2.97568707636558,35.3447476144737,1,1
125,2025-02-20 04:18:51.822817,3.6900312900543213,95.5865676037759,95.6052696392814,2.97568474924256,35.342108925338,1,1
126,2025-02-20 04:20:18.655710,3.679305076599121,95.5914496348567,95.610153098463,2.97568245099142,35.3394982039213,1,1
127,2025-02-20 04:21:41.482859,3.668656349182129,95.5962897973986,95.614994676894,2.97568016744559,35.3369098203167,1,1
128,2025-02-20 04:23:11.385725,3.6580848693847656,95.6010946499404,95.6198009350307,2.97567790428931,35.3343402770597,1,1
129,2025-02-20 04:24:38.063842,3.647589683532715,95.6058485825404,95.6245562583642,2.97567566299675,35.3317979171977,1,1
130,2025-02-20 04:26:08.331543,3.62682843208313,95.6105646226232,95.6292736781289,2.97567344279746,35.3292757806954,1,1
131,2025-02-20 04:27:31.529924,3.62682843208313,95.6152316222551,95.6339420431291,2.9756712426074,35.3267798241297,1,1
132,2025-02-20 04:28:52.885580,3.6165614128112793,95.6198650902754,95.6385768667404,2.97566905790936,35.3243017574241,1,1
133,2025-02-20 04:30:16.296659,3.6073319911956787,95.4612965283658,95.4799619317223,2.97574373319153,35.4090827506446,1,1
134,2025-02-20 04:31:40.578761,3.598174571990967,95.4651548371872,95.4838213684368,2.97574192185006,35.407020464798,1,1
135,2025-02-20 04:33:02.516551,3.5890889167785645,95.4689727601771,95.4876404075471,2.97574012142786,35.4049797138744,1,1
136,2025-02-20 04:34:32.916596,3.5800750255584717,95.4727433179021,95.4914120675676,2.97573835213346,35.4029642607272,1,1
137,2025-02-20 04:36:00.430839,3.571131944656372,95.4764858526857,95.4951556964756,2.97573658420128,35.4009637467869,1,1
138,2025-02-20 04:37:20.908616,3.5884246826171875,92.1939323523438,92.2116507522949,2.97725891963148,37.1447436303477,1,1
139,2025-02-20 04:38:50.247703,3.6057040691375732,92.1760682881648,92.1937815552159,2.97726708064141,37.1541739225262,1,1
140,2025-02-20 04:40:16.488373,3.62296986579895,92.1582194179026,92.1759275571521,2.97727523312341,37.1635952188281,1,1
141,2025-02-20 04:41:41.481144,3.6402223110198975,92.1403987744199,92.1581017944681,2.97728337231295,37.1730009656636,1,1
142,2025-02-20 04:44:27.897942,3.666476011276245,92.1047581347397,92.1224509180401,2.97729964112696,37.1918101632433,1,1
143,2025-02-20 04:45:52.694722,3.6747443675994873,92.0843404682679,92.1020273883097,2.97730896283991,37.2025840083347,1,1
144,2025-02-20 04:47:17.414431,3.6920840740203857,92.0757994254279,92.0934838928052,2.97731285891218,37.2070908375163,1,1
145,2025-02-20 04:48:38.385963,3.7049012184143066,93.0325047000556,93.0504645883237,2.97687434060149,36.701351405436,1,1
146,2025-02-20 04:50:05.227886,3.7177090644836426,93.0190250586693,93.0369810578716,2.97688054529579,36.7084885057308,1,1
147,2025-02-20 04:51:26.933852,3.7305073738098145,93.0055697039565,93.0235218200628,2.97688673932121,36.7156139571652,1,1
148,2025-02-20 04:52:53.921684,3.7432963848114014,92.992125711512,93.0100739480787,2.97689292400194,36.7227330204914,1,1
149,2025-02-20 04:54:21.919200,3.7560760974884033,92.9786836348973,92.9966279927547,2.97689911299088,36.7298507076497,1,1
150,2025-02-20 04:55:46.757854,3.768846273422241,92.9652506531459,92.9831911351956,2.97690528997069,36.7369632042355,1,1
151,2025-02-20 04:57:14.354920,3.781606912612915,92.9518353262566,92.9697719378697,2.97691145940705,36.7440659873248,1,1
152,2025-02-20 04:58:34.411288,3.794358253479004,92.9384180798993,92.956350820798,2.97691763847901,36.7511694301576,1,1
153,2025-02-20 04:59:56.887556,3.807100296020508,92.925018052244,92.9429469276722,2.97692379524262,36.7582633768897,1,1
154,2025-02-20 05:01:19.413671,3.8198328018188477,92.911613904639,92.929538913684,2.97692996034332,36.7653591466052,1,1
155,2025-02-20 05:02:45.229317,3.8325562477111816,92.8982249795122,92.9161461268407,2.97693612262119,36.7724464970281,1,1
156,2025-02-20 05:04:13.115585,3.8452701568603516,92.8848505006874,92.9027677907414,2.97694227016803,36.7795258284831,1,1
157,2025-02-20 05:05:41.123773,3.8607776165008545,92.2841270196267,92.3018713413844,2.97721769949641,37.0971225410361,1,1
158,2025-02-20 05:07:02.844733,3.8762736320495605,92.2679296357174,92.2856693014329,2.97722510286148,37.1056757185974,1,1
159,2025-02-20 05:08:28.580502,3.891758680343628,92.2517521741597,92.2694871899394,2.97723249923088,37.114217853598,1,1
160,2025-02-20 05:09:58.792754,3.9072325229644775,92.235577641808,92.2533080088969,2.97723988929578,37.1227579032089,1,1
161,2025-02-20 05:11:23.172748,3.9226949214935303,92.2194109498848,92.2371366709396,2.97724728083851,37.1312932841118,1,1
162,2025-02-20 05:12:47.787267,3.9535861015319824,92.2032605420498,92.2209816221532,2.97725465670819,37.1398195261121,1,1
163,2025-02-20 05:14:15.234684,3.9535861015319824,92.187118048933,92.2048344907614,2.97726203568698,37.1483410642821,1,1
164,2025-02-20 05:15:37.299006,3.9690146446228027,92.170984852942,92.1886966595682,2.97726940215863,37.1568571543414,1,1
165,2025-02-20 05:16:58.310590,3.9844322204589844,92.1548644312946,92.1725716067903,2.97727676299028,37.1653659702181,1,1
166,2025-02-20 05:18:26.520379,3.999838352203369,92.1387524642776,92.1564550114721,2.97728412086503,37.1738697939366,1,1
167,2025-02-20 05:19:52.160194,4.015233516693115,92.1226449931585,92.1403429137438,2.97729147893925,37.1823707168146,1,1
168,2025-02-20 05:21:16.836452,4.0306172370910645,92.1065499319084,92.1242432298493,2.97729882320084,37.1908645521405,1,1
169,2025-02-20 05:22:40.123929,4.0442585945129395,92.4713736257736,92.4891718026149,2.97713200884266,36.998205912396,1,1
170,2025-02-20 05:24:10.101609,4.057890892028809,92.4569620655332,92.4747560953542,2.97713861072222,37.0058217926679,1,1
171,2025-02-20 05:25:36.991760,4.07151460647583,92.4425354436034,92.4603253225134,2.97714521843142,37.0134450408022,1,1
172,2025-02-20 05:27:04.678944,4.085129737854004,92.4281207143142,92.4459064460558,2.97715181812617,37.0210615774006,1,1
173,2025-02-20 05:28:25.893320,4.09873628616333,92.4137126997616,92.4314942865865,2.9771584147568,37.0286741426962,1,1
174,2025-02-20 05:29:49.980265,4.11233377456665,92.3993081743559,92.4170856175877,2.97716500645613,37.0362844379555,1,1
175,2025-02-20 05:31:14.304450,4.139503479003906,92.3849169401321,92.4026902439136,2.97717159523617,37.0438872913138,1,1
176,2025-02-20 05:32:37.040207,4.153075695037842,92.3705318994017,92.3883010658333,2.97717817229079,37.051486441719,1,1
177,2025-02-20 05:34:03.768593,4.153075695037842,92.3561546091071,92.3739196407367,2.97718475630681,37.0590810864051,1,1
178,2025-02-20 05:35:28.765255,4.1666388511657715,92.3417816219003,92.3595425202838,2.97719133009432,37.0666730282621,1,1
179,2025-02-20 05:36:48.869876,4.1801934242248535,92.3274164575516,92.3451732252569,2.97719790037664,37.0742604167355,1,1
180,2025-02-20 05:38:15.202143,4.193739414215088,92.3130629797232,92.3308156204286,2.97720446634847,37.0818412128849,1,1
181,2025-02-20 05:39:36.764283,4.208395957946777,92.0577581916665,92.0754374788221,2.97732109180688,37.2166098964085,1,1
182,2025-02-20 05:40:57.633977,4.2230424880981445,92.0423311343062,92.0600059920344,2.97732813450797,37.2247494088693,1,1
183,2025-02-20 05:42:20.076050,4.2376790046691895,92.0268787250495,92.044549146616,2.97733517687681,37.2329015631741,1,1
184,2025-02-20 05:43:43.682706,4.2523064613342285,92.0114304869522,92.0290964739238,2.97734222594414,37.2410510364199,1,1
185,2025-02-20 05:45:13.006007,4.266923904418945,91.995998368309,92.0136599256814,2.97734926160039,37.2491915122791,1,1
186,2025-02-20 05:46:37.892424,4.281532287597656,91.9805647736615,91.9982219013783,2.97735629841556,37.2573322805168,1,1
187,2025-02-20 05:47:58.783181,4.296130657196045,91.9651552632681,91.9828079686098,2.97736332317271,37.2654598569394,1,1
188,2025-02-20 05:49:25.235637,4.310719966888428,91.9497365800435,91.9673848607437,2.97737035161024,37.273591785718,1,1
189,2025-02-20 05:50:50.757991,4.339869499206543,91.9343346835571,91.9519785448003,2.9773773769662,37.2817143790938,1,1
190,2025-02-20 05:52:13.828038,4.339869499206543,91.918941187032,91.9365806315947,2.97738439071452,37.2898320499235,1,1
191,2025-02-20 05:53:37.515941,4.354429721832275,91.9035530874629,91.9211881172595,2.97739139996098,37.2979463879923,1,1
192,2025-02-20 05:55:00.554894,4.368980407714844,91.8881807693493,91.905811389273,2.97739840572988,37.3060519237043,1,1
193,2025-02-20 05:56:24.587293,4.3805670738220215,92.455068730878,92.4728622157504,2.97713947603936,37.0068224786251,1,1
194,2025-02-20 05:57:55.442802,4.3921427726745605,92.4429080397564,92.4606980259143,2.97714504657734,37.0132480980134,1,1
195,2025-02-20 05:59:23.883698,4.4037089347839355,92.4307629760675,92.4485494680196,2.97715060165961,37.0196654075812,1,1
196,2025-02-20 06:00:48.874176,4.41526460647583,92.4186141436759,92.4363971405652,2.97715616993388,37.0260844194601,1,1
197,2025-02-20 06:02:13.675450,4.426810264587402,92.4064771647391,92.4242566702029,2.97716172321154,37.0324968578359,1,1
198,2025-02-20 06:03:36.141898,4.438345909118652,92.3943537249543,92.4121297431141,2.97716727222717,37.038901844858,1,1
199,2025-02-20 06:05:00.289944,4.462353229522705,91.2820569963199,91.2995140284661,2.97767374954142,37.6252623962945,1,1
200,2025-02-20 06:06:23.185792,4.486339569091797,91.2575877616769,91.2750377975585,2.9776848325647,37.6381336846009,1,1
201,2025-02-20 06:07:47.498981,4.5103044509887695,91.2331406112801,91.2505836586035,2.97769590635714,37.6509915115039,1,1
202,2025-02-20 06:09:15.560791,4.507241725921631,112.868944673651,0.0,2.99083853284019,25.836219289621,1,0
203,2025-02-20 06:10:42.911697,4.504180908203125,112.873392896243,0.0,2.9908378611141,25.8336938207213,1,0
204,2025-02-20 06:12:08.805488,4.501121997833252,112.877855874687,0.0,2.99083718996567,25.8311627902301,1,0
205,2025-02-20 06:13:31.676657,4.501710414886475,112.496257992304,0.0,2.9908944771591,26.0474443469753,1,0
206,2025-02-20 06:14:57.441580,4.502297878265381,112.495407025374,0.0,2.9908946005807,26.0479261402059,1,0
207,2025-02-20 06:16:24.565956,4.502885341644287,112.494557622688,0.0,2.9908947308248,26.0484072727735,1,0
208,2025-02-20 06:17:45.578485,4.503471851348877,112.493712186093,0.0,2.99089485541008,26.0488861524605,1,0
209,2025-02-20 06:19:09.869730,4.50405740737915,112.492864761876,0.0,2.99089498193941,26.0493661583653,1,0
210,2025-02-20 06:20:33.934918,4.4681220054626465,117.222963584394,0.0,2.99017327409731,23.3501555692328,1,0
211,2025-02-20 06:21:59.577008,4.398694038391113,117.254413034093,0.0,2.99016839088465,23.3320767638681,1,0
212,2025-02-20 06:23:28.324236,4.398694038391113,116.810538053568,0.0,2.99023720800461,23.5870790871296,1,0
213,2025-02-20 06:24:53.101402,4.3652262687683105,116.834994799043,0.0,2.99023342374782,23.5730378981633,1,0
214,2025-02-20 06:26:15.601038,4.3318772315979,116.859427576339,0.0,2.99022964039189,23.5590094193308,1,0
215,2025-02-20 06:27:41.773400,4.298647403717041,116.883823078429,0.0,2.99022585972454,23.5450012947913,1,0
216,2025-02-20 06:29:04.042147,4.265536308288574,116.90818233231,0.0,2.99022208704768,23.5310129451529,1,0
217,2025-02-20 06:30:31.836140,4.230212688446045,117.55336473921,0.0,2.99012191692667,23.1601370908314,1,0
218,2025-02-20 06:32:01.698787,4.195010662078857,117.578834418957,0.0,2.99011795062419,23.1454811584258,1,0
219,2025-02-20 06:33:36.690082,4.159930229187012,117.60427252678,0.0,2.9901139947801,23.1308422861303,1,0
220,2025-02-20 06:35:07.193303,4.12497091293335,117.629672264607,0.0,2.99011003667098,23.1162243584336,1,0
221,2025-02-20 06:36:39.231765,4.090132236480713,117.655042084444,0.0,2.99010608858929,23.1016225293927,1,0
222,2025-02-20 06:38:05.757695,4.05541467666626,117.680377400869,0.0,2.99010214148941,23.0870394328665,1,0
223,2025-02-20 06:39:28.613938,4.020817756652832,117.705685748662,0.0,2.99009820091692,23.0724707427635,1,0
224,2025-02-20 06:40:53.701625,3.9863409996032715,117.73095226176,0.0,2.99009425979215,23.0579250120193,1,0
225,2025-02-20 06:42:23.093808,3.951984405517578,117.756190269823,0.0,2.9900903291948,23.0433945848218,1,0
226,2025-02-20 06:43:49.635459,3.917747974395752,117.781393472259,0.0,2.99008639982155,23.0288830827004,1,0
227,2025-02-20 06:45:13.650896,3.8836312294006348,117.806563394424,0.0,2.99008247835777,23.0143896389533,1,0
228,2025-02-20 06:46:36.991557,3.8496341705322266,117.831702509588,0.0,2.99007855677051,22.9999128261408,1,0
229,2025-02-20 06:48:02.401778,3.8164966106414795,117.659188465999,0.0,2.99010544008413,23.0992359319837,1,0
230,2025-02-20 06:49:25.335998,3.7834768295288086,117.68395351122,0.0,2.99010158442743,23.0849809210639,1,0
231,2025-02-20 06:50:52.149361,3.7505745887756348,117.708688011584,0.0,2.99009772800577,23.0707424176042,1,0
232,2025-02-20 06:52:17.856721,3.6754043102264404,117.733387894599,0.0,2.99009388031824,23.0565227790933,1,0
233,2025-02-20 06:53:39.961577,3.633151054382324,119.46069681842,0.0,2.98982303668905,22.0594816262459,1,0
234,2025-02-20 06:55:03.917866,3.633151054382324,119.491839399599,0.0,2.98981812642136,22.0414579076795,1,0
235,2025-02-20 06:56:32.050687,3.5490405559539795,119.522936811984,0.0,2.98981321442825,22.0234586461923,1,0
236,2025-02-20 06:57:55.010391,3.5490405559539795,119.55399880867,0.0,2.98980831387866,22.0054782201078,1,0
237,2025-02-20 06:59:20.481876,3.5071825981140137,119.585034427694,0.0,2.98980341016369,21.9875113897703,1,0
238,2025-02-20 07:00:42.612742,3.465456008911133,119.616042519033,0.0,2.98979851397146,21.9695588360456,1,0
239,2025-02-20 07:02:12.112016,3.423860549926758,119.647020114032,0.0,2.98979362367326,21.9516222805496,1,0
240,2025-02-20 07:03:38.241935,3.3823962211608887,119.677972214662,0.0,2.98978872892685,21.933698822232,1,0
241,2025-02-20 07:05:03.308867,3.3387598991394043,120.389496680078,0.0,2.98967601309679,21.5212198006779,1,0
242,2025-02-20 07:06:31.040732,3.295255422592163,120.421731816369,0.0,2.98967089398702,21.5025120537242,1,0
243,2025-02-20 07:07:58.411686,3.251882791519165,120.453936013379,0.0,2.98966577620722,21.4838204687038,1,0
244,2025-02-20 07:09:21.274818,3.208641767501831,120.486112704371,0.0,2.98966066449875,21.4651430681716,1,0
245,2025-02-20 07:10:48.899980,3.165532350540161,120.518260465544,0.0,2.98965555634247,21.4464806808447,1,0
246,2025-02-20 07:12:14.263757,3.122553825378418,120.550381509103,0.0,2.98965044459478,21.4278320206202,1,0
247,2025-02-20 07:13:39.611721,3.0797064304351807,120.582475409113,0.0,2.98964534153195,21.4091973517326,1,0
248,2025-02-20 07:15:00.612835,3.03698992729187,120.614541633359,0.0,2.98964024035374,21.39057698117,1,0
249,2025-02-20 07:16:25.726493,2.951948642730713,120.646584939271,0.0,2.98963514612555,21.3719681566998,1,0
250,2025-02-20 07:17:51.598215,2.951948642730713,120.678600664188,0.0,2.98963004986952,21.3533735808272,1,0
251,2025-02-20 07:19:18.021734,2.909623622894287,120.710587108233,0.0,2.98962495861232,21.3347942526262,1,0
252,2025-02-20 07:20:40.730697,2.8674283027648926,120.742546973263,0.0,2.98961987269807,21.316228608367,1,0
253,2025-02-20 07:22:06.865475,2.8288609981536865,119.798329755892,0.0,2.9897697031295,21.863987558963,1,0
254,2025-02-20 07:23:38.424655,2.7904226779937744,119.827871379273,0.0,2.98976503240136,21.8468731861267,1,0
255,2025-02-20 07:25:04.580720,2.7521135807037354,119.857362971122,0.0,2.98976036762518,21.8297862917003,1,0
256,2025-02-20 07:26:33.079453,2.713933229446411,119.886827380598,0.0,2.98975570423763,21.8127136443308,1,0
257,2025-02-20 07:28:00.972460,2.6758816242218018,119.916275655007,0.0,2.98975104265534,21.7956488485417,1,0
258,2025-02-20 07:29:29.338378,2.6379587650299072,119.945682179077,0.0,2.98974638929593,21.778606755051,1,0
259,2025-02-20 07:30:55.249726,2.5624969005584717,119.975027832458,0.0,2.98974174097742,21.7615984464488,1,0
260,2025-02-20 07:32:21.800955,2.5249574184417725,120.004308121443,0.0,2.9897371044788,21.7446265431784,1,0
261,2025-02-20 07:33:51.500289,2.5249574184417725,120.03353451954,0.0,2.98973247572365,21.7276844017829,1,0
262,2025-02-20 07:35:19.127471,2.4875452518463135,120.062703372847,0.0,2.98972785340666,21.7107741471602,1,0
263,2025-02-20 07:36:42.459586,2.4502604007720947,120.091808207189,0.0,2.98972324227163,21.6938995457665,1,0
264,2025-02-20 07:38:08.636412,2.4131019115448,120.120856767082,0.0,2.98971863950229,21.6770561150831,1,0
265,2025-02-20 07:39:33.134901,2.3778915405273438,119.65989260815,0.0,2.98979158732975,21.9441683927117,1,0
266,2025-02-20 07:40:59.284878,2.3428046703338623,119.687660454847,0.0,2.98978719921138,21.928088306246,1,0
267,2025-02-20 07:42:22.287837,2.3078413009643555,119.715367515473,0.0,2.9897828227884,21.9120420934825,1,0
268,2025-02-20 07:43:50.175653,2.2730014324188232,119.743012706207,0.0,2.98977845172857,21.8960303860362,1,0
269,2025-02-20 07:45:11.884576,2.2382843494415283,119.770607781561,0.0,2.98977408803479,21.8800463879048,1,0
270,2025-02-20 07:46:37.165987,2.2036900520324707,119.798147775797,0.0,2.98976973358171,21.8640929842509,1,0
271,2025-02-20 07:47:57.651658,2.169218063354492,119.825633151453,0.0,2.98976538355621,21.8481699103781,1,0
272,2025-02-20 07:49:22.289450,2.1348683834075928,119.853066894133,0.0,2.98976104732678,21.8322754542561,1,0
273,2025-02-20 07:50:49.039600,2.100640296936035,119.880443470554,0.0,2.98975671053127,21.816412814411,1,0
274,2025-02-20 07:52:14.482093,2.0665340423583984,119.907766348705,0.0,2.9897523886096,21.8005800054477,1,0
275,2025-02-20 07:53:35.887686,2.0325489044189453,119.93504176206,0.0,2.98974807149222,21.7847734134957,1,0
276,2025-02-20 07:54:56.436771,1.9976372718811035,120.160009280227,0.0,2.98971242791807,21.6543517269154,1,0
277,2025-02-20 07:56:16.290788,1.964056134223938,119.897103579202,0.0,2.98975407741003,21.806758928012,1,0
278,2025-02-20 07:57:42.408781,1.8970921039581299,119.934326019464,0.0,2.98974818788017,21.7851894122171,1,0
279,2025-02-20 07:59:09.837851,1.8970921039581299,119.970437891556,0.0,2.98974246847356,21.7642599296739,1,0
280,2025-02-20 08:00:34.198464,1.863715648651123,120.006521760722,0.0,2.98973675585715,21.7433445010233,1,0
281,2025-02-20 08:02:02.409628,1.8304091691970825,120.042578302055,0.0,2.98973104229469,21.7224426644515,1,0
282,2025-02-20 08:03:27.022244,1.7971724271774292,120.078600516423,0.0,2.98972533495896,21.7015584890963,1,0
283,2025-02-20 08:04:51.885982,1.7640050649642944,120.114592664944,0.0,2.98971963027033,21.6806895087654,1,0
284,2025-02-20 08:06:18.096859,1.7309068441390991,120.1505525616,0.0,2.98971392909898,21.6598369973083,1,0
285,2025-02-20 08:07:39.271862,1.6978775262832642,120.186486065344,0.0,2.98970823157371,21.6389975646586,1,0
286,2025-02-20 08:09:05.979529,1.664916753768921,120.222382998964,0.0,2.98970253784911,21.6181771168553,1,0
287,2025-02-20 08:10:31.916623,1.6320242881774902,120.258252613968,0.0,2.98969684687071,21.597370295933,1,0
288,2025-02-20 08:11:58.980676,1.599199891090393,120.294086161643,0.0,2.98969116377103,21.5765821856719,1,0
289,2025-02-20 08:13:21.245502,1.569819688796997,119.54435564278,0.0,2.98980983412188,22.0110604007154,1,0
290,2025-02-20 08:14:50.606273,1.5405082702636719,119.576114357836,0.0,2.98980482361141,21.9926763515464,1,0
291,2025-02-20 08:16:15.576814,1.511269211769104,119.607275490557,0.0,2.98979990184214,21.9746356345937,1,0
292,2025-02-20 08:17:36.581258,1.482102394104004,119.638405579977,0.0,2.98979498309356,21.9566112434551,1,0
293,2025-02-20 08:18:59.375341,1.4530073404312134,119.66950047571,0.0,2.98979006951973,21.9386055572855,1,0
294,2025-02-20 08:20:22.126757,1.3950318098068237,119.70056372727,0.0,2.98978516254303,21.9206165287797,1,0
295,2025-02-20 08:21:51.675753,1.3950318098068237,119.731592597079,0.0,2.98978025639976,21.9026457423544,1,0
296,2025-02-20 08:23:17.876532,1.3661506175994873,119.762591886792,0.0,2.98977535561849,21.8846904281779,1,0
297,2025-02-20 08:24:41.937841,1.3373401165008545,119.793554204974,0.0,2.98977045961857,21.8667548707117,1,0
298,2025-02-20 08:26:14.463459,1.3086000680923462,119.824482915577,0.0,2.98976556793574,21.8488371278964,1,0
299,2025-02-20 08:27:35.540596,1.2799302339553833,119.855379638967,0.0,2.98976068100558,21.8309362671407,1,0
300,2025-02-20 08:29:03.092824,1.2513301372528076,119.886241902994,0.0,2.9897557970261,21.8130537239287,1,0
301,2025-02-20 08:30:28.701008,1.2234300374984741,119.789117681015,0.0,2.98977116172788,21.8693240924063,1,0
302,2025-02-20 08:31:55.917329,1.1956000328063965,119.818947580239,0.0,2.98976644132363,21.8520439415227,1,0
303,2025-02-20 08:33:20.338462,1.1678435802459717,119.848229954479,0.0,2.989761810206,21.8350786927825,1,0
304,2025-02-20 08:34:46.115934,1.140160322189331,119.877473837705,0.0,2.98975718587409,21.8181342941094,1,0
305,2025-02-20 08:36:07.013813,1.112549901008606,119.906668983456,0.0,2.98975256381461,21.8012166566679,1,0
306,2025-02-20 08:37:35.779789,1.0850123167037964,119.935823203282,0.0,2.98974794802257,21.7843212670675,1,0
307,2025-02-20 08:38:59.572080,1.030153512954712,119.964930272581,0.0,2.98974334048583,21.7674517397451,1,0
308,2025-02-20 08:40:22.993717,1.030153512954712,119.993986625867,0.0,2.9897387380712,21.7506101451777,1,0
309,2025-02-20 08:41:48.688834,1.0028319358825684,120.023010749615,0.0,2.98973414242984,21.733785780415,1,0
310,2025-02-20 08:43:11.841191,0.9755817651748657,120.051983749071,0.0,2.98972955087347,21.7169895970758,1,0
311,2025-02-20 08:44:45.042894,0.9714008569717407,97.8334846642858,97.8528477730857,2.97461555920577,34.1355308954363,1,1
312,2025-02-20 08:47:34.540273,0.9661182165145874,97.5646820691319,97.5839656927302,2.97474458096619,34.2804027779249,1,1
313,2025-02-20 08:48:58.396101,0.9721758365631104,97.0376181698536,97.0567462548413,2.97499669210811,34.5640508900414,1,1
314,2025-02-20 08:50:20.418004,0.9859369993209839,97.0314479468919,97.050574213465,2.97499963818155,34.5673682816654,1,1
315,2025-02-20 08:51:49.810743,0.9996843934059143,97.0174136693865,97.0365358001033,2.97500633469297,34.5749135323807,1,1
316,2025-02-20 08:53:13.819124,1.0134179592132568,97.0033930403968,97.0225110396947,2.97501302092671,34.5824508953829,1,1
317,2025-02-20 08:54:43.573964,1.0271378755569458,96.9893705909802,97.0084844586183,2.97501971278044,34.5899888534586,1,1
318,2025-02-20 08:56:06.635952,1.040844202041626,96.9753534910314,96.9944632288815,2.97502640080578,34.5975235457898,1,1
319,2025-02-20 08:57:33.095926,1.0682164430618286,96.9613264511792,96.9804320566083,2.97503309079295,34.6050631898509,1,1
320,2025-02-20 08:58:54.605688,1.0682164430618286,96.9473152546799,96.9664167326514,2.97503976833133,34.6125939238968,1,1
321,2025-02-20 09:00:19.384446,1.0818824768066406,96.9333054846991,96.9524028359282,2.97504644603855,34.6201235042273,1,1
322,2025-02-20 09:01:42.985284,1.0955352783203125,96.9192871634953,96.9383803857586,2.97505313237388,34.6276572966487,1,1
323,2025-02-20 09:03:08.470912,1.1091749668121338,96.9052822252866,96.9243713228215,2.97505981042624,34.6351835060014,1,1
324,2025-02-20 09:04:35.920035,1.1228015422821045,96.8912768077505,96.9103617807107,2.97506648532657,34.6427095818673,1,1
325,2025-02-20 09:06:02.132605,1.13621985912323,96.9227169611509,96.9418111937496,2.97505149709473,34.625813880847,1,1
326,2025-02-20 09:07:28.439906,1.1496262550354004,96.9087914518421,96.9278815828869,2.9750581348427,34.6332976906736,1,1
327,2025-02-20 09:08:57.381200,1.1630209684371948,96.8948641038141,96.9139501332013,2.97506477477316,34.640781914465,1,1
328,2025-02-20 09:10:27.235896,1.1764039993286133,96.8809371232588,96.9000190513883,2.97507141346294,34.6482655558762,1,1
329,2025-02-20 09:11:48.952535,1.1897754669189453,96.867020681142,96.8860985114089,2.97507804665171,34.6557431503384,1,1
330,2025-02-20 09:13:18.418529,1.2052074670791626,96.5800294048247,96.599022792229,2.97521462491433,34.809863651196,1,1
331,2025-02-20 09:14:41.820536,1.2206603288650513,96.5593756021865,96.5783629169813,2.97522444181412,34.8209493081368,1,1
332,2025-02-20 09:16:05.288843,1.2418787479400635,96.1310005483035,96.1498620646329,2.97542762466651,35.0506736444532,1,1
333,2025-02-20 09:17:29.459574,1.2681853771209717,95.2355724658034,95.2541719222603,2.97584985611524,35.5296826261037,1,1
334,2025-02-20 09:18:56.712529,1.294527530670166,95.1984807736747,95.2170693998992,2.97586727427274,35.5494915632085,1,1
335,2025-02-20 09:20:22.896133,1.3209049701690674,95.1613528558064,95.1799306443388,2.97588470680821,35.5693157332578,1,1
336,2025-02-20 09:21:48.181354,1.3473175764083862,95.1242043914909,95.1427713384297,2.97590214056974,35.5891481027083,1,1
337,2025-02-20 09:23:15.106393,1.3731679916381836,95.2321630450215,95.250761506001,2.97585145714206,35.5315034076218,1,1
338,2025-02-20 09:24:36.865606,1.3990540504455566,95.1956042082718,95.2141919947779,2.97586862667775,35.551027544389,1,1
339,2025-02-20 09:25:59.071910,1.4249756336212158,95.1590081732718,95.1775852774883,2.97588580443295,35.5705675234118,1,1
340,2025-02-20 09:27:26.757742,1.4509326219558716,95.1223940120357,95.1409604307078,2.97590298769846,35.5901144934257,1,1
341,2025-02-20 09:28:49.690368,1.4769247770309448,95.0857625908504,95.1043183209786,2.97592017123482,35.609667983896,1,1
342,2025-02-20 09:30:14.985459,1.502951741218567,95.0491154247291,95.0676604637588,2.97593735621428,35.6292271836624,1,1
343,2025-02-20 09:31:42.579496,1.5290135145187378,95.0124442556882,95.0309785986592,2.97595454550498,35.6487964948171,1,1
344,2025-02-20 09:33:07.718338,1.5551097393035889,94.9757527867087,94.9942764297454,2.97597174120008,35.6683739386914,1,1
345,2025-02-20 09:34:29.670770,1.5812404155731201,94.9390485151406,94.9575614565572,2.97598894142011,35.6879555119631,1,1
346,2025-02-20 09:36:00.791223,1.6336039304733276,94.9023254158771,94.9208276522335,2.97600613648126,35.7075444133266,1,1
347,2025-02-20 09:37:27.061171,1.6336039304733276,94.8655791393764,94.8840706659683,2.97602334039294,35.7271429694606,1,1
348,2025-02-20 09:38:53.179828,1.6598364114761353,94.8288207759081,94.8473015912681,2.97604054471137,35.7467452564306,1,1
349,2025-02-20 09:40:20.847478,1.684427261352539,95.1948405525364,95.2134281171123,2.97586898402427,35.5514339948375,1,1
350,2025-02-20 09:41:42.226327,1.7090541124343872,95.1597702961214,95.1783476228621,2.97588544870818,35.5701605177638,1,1
351,2025-02-20 09:43:10.257830,1.7337172031402588,95.1246675722682,95.1432346544833,2.97590192340388,35.588900694697,1,1
352,2025-02-20 09:44:37.600054,1.753342628479004,95.9275752343001,95.9463771087613,2.97552384446413,35.159636569455,1,1
353,2025-02-20 09:46:01.690648,1.772973895072937,95.9039748523412,95.9227698110832,2.97553499506249,35.172273107489,1,1
354,2025-02-20 09:47:26.397638,1.7926108837127686,95.8803769382235,95.8991649832316,2.97554614692106,35.184906664635,1,1
355,2025-02-20 09:48:52.621061,1.8122535943984985,95.8567858315998,95.8755669657104,2.97555728898134,35.1975354616601,1,1
356,2025-02-20 09:50:18.831767,1.8319017887115479,95.8331938019219,95.8519680257065,2.97556843110423,35.2101636438997,1,1
357,2025-02-20 09:51:42.418994,1.8515554666519165,95.8095978472922,95.8283651604434,2.97557956971514,35.2227928124577,1,1
358,2025-02-20 09:53:02.610709,1.8712146282196045,95.7860121703851,95.8047725767553,2.97559070181821,35.2354153688656,1,1
359,2025-02-20 09:54:33.025894,1.8908790349960327,95.7624228929645,95.7811763923411,2.97560183288709,35.2480387410016,1,1
360,2025-02-20 09:56:02.565060,1.9105486869812012,95.7388330086318,95.7575796016793,2.97561296966068,35.2606613337805,1,1
361,2025-02-20 09:57:26.984049,1.9263840913772583,96.4976336133986,96.5166027794634,2.97525377405438,34.8540824053366,1,1
362,2025-02-20 09:58:51.570148,1.9422292709350586,96.4779679244586,96.4969313113864,2.97526311259,34.8646338737393,1,1
363,2025-02-20 10:00:21.639961,1.9580844640731812,96.4583017916473,96.4772593996704,2.97527245594202,34.8751850511808,1,1
364,2025-02-20 10:01:45.532421,1.9627901315689087,96.9720369358102,96.9911456967071,2.97502797715953,34.5993060609655,1,1
365,2025-02-20 10:03:09.879815,1.9675334692001343,96.9632423620473,96.9823485319835,2.97503217554325,34.6040332761385,1,1
366,2025-02-20 10:04:40.200799,1.972314476966858,96.9544022635517,96.9735058292864,2.97503638807474,34.6087847290841,1,1
367,2025-02-20 10:06:03.399489,1.97713303565979,96.9455328892903,96.9646338423173,2.975040618608,34.6135517658573,1,1
368,2025-02-20 10:07:29.909873,1.9819889068603516,96.9366279686117,96.9557262985788,2.97504486159072,34.6183377468894,1,1
369,2025-02-20 10:08:57.082479,1.9745550155639648,97.1882241555182,97.2073966423557,2.97492477249139,34.4830558620471,1,1
370,2025-02-20 10:10:21.541218,1.9671940803527832,97.1903293586643,97.2095024663987,2.97492376171607,34.4819233773395,1,1
371,2025-02-20 10:11:47.467809,1.9599063396453857,97.1923776493806,97.2115513612362,2.97492278769684,34.4808215049608,1,1
372,2025-02-20 10:13:16.605562,1.9526913166046143,97.1943855675607,97.2135598716362,2.97492183009985,34.4797413401266,1,1
373,2025-02-20 10:14:38.467701,1.9467706680297852,97.0048228363533,97.0239412570974,2.97501234098041,34.581682078252,1,1
374,2025-02-20 10:16:04.255138,1.9409185647964478,97.0058660932017,97.0249848213526,2.9750118447965,34.5811212427714,1,1
375,2025-02-20 10:17:31.447381,1.9351348876953125,97.006871197696,97.0259902220122,2.9750113626356,34.5805809127833,1,1
376,2025-02-20 10:18:57.407461,1.9294190406799316,97.0078386107172,97.0269579200938,2.97501090259942,34.5800608473572,1,1
377,2025-02-20 10:20:26.737804,1.9237709045410156,97.0087683198535,97.0278879031821,2.97501045442236,34.5795610431092,1,1
378,2025-02-20 10:21:54.145218,1.9181901216506958,97.0096587181673,97.0287785638655,2.97501003696373,34.5790823822104,1,1
379,2025-02-20 10:23:17.712908,1.912676215171814,97.010511719476,97.0296318165253,2.97500962571588,34.5786238124281,1,1
380,2025-02-20 10:24:41.585709,1.9072290658950806,97.0113275338448,97.0304478712885,2.97500924058775,34.5781852410282,1,1
381,2025-02-20 10:26:11.672909,1.901848316192627,97.0121073253333,97.0312278925574,2.97500886194661,34.5777660233226,1,1
382,2025-02-20 10:27:33.634840,1.8965336084365845,97.0128506362111,97.031971422467,2.97500851224927,34.5773664277874,1,1
383,2025-02-20 10:28:56.564716,1.891284465789795,97.013554288965,97.0326752825672,2.97500817135555,34.5769881411469,1,1
384,2025-02-20 10:30:22.976439,1.8861007690429688,97.0142200547475,97.0333412445326,2.97500785673851,34.5766302297224,1,1
385,2025-02-20 10:31:42.228775,1.8790780305862427,97.2790339264801,97.2982332024303,2.97488135833062,34.4341972077549,1,1
386,2025-02-20 10:33:02.278332,1.8721210956573486,97.2812288573977,97.300428781018,2.97488031025969,34.433016052567,1,1
387,2025-02-20 10:34:25.948554,1.858403205871582,97.2833792258382,97.3025797839803,2.97487928295653,34.4318588769661,1,1
388,2025-02-20 10:35:49.899945,1.858403205871582,97.2854951970505,97.3046963795713,2.97487827098791,34.4307202015478,1,1
389,2025-02-20 10:37:11.861534,1.8516416549682617,97.2875755927242,97.3067773891326,2.97487727581296,34.4296006616859,1,1
390,2025-02-20 10:38:44.631656,1.844944715499878,97.2896270251361,97.3088294268919,2.97487629601784,34.4284967012427,1,1
391,2025-02-20 10:40:07.504638,1.838312029838562,97.2916366358918,97.3108396306602,2.97487533403511,34.4274152364916,1,1
392,2025-02-20 10:41:34.149820,1.8317431211471558,97.2936135200897,97.3128170982195,2.97487438635565,34.4263513743163,1,1
393,2025-02-20 10:42:56.919828,1.82523775100708,97.2955557485098,97.31475989978,2.97487345907214,34.4253061584464,1,1
394,2025-02-20 10:44:20.546972,1.8187956809997559,97.2974657018134,97.3166704167052,2.97487254875608,34.424278305832,1,1
395,2025-02-20 10:45:42.250920,1.8124165534973145,97.2993360551677,97.318541322001,2.97487164993248,34.4232717497779,1,1
396,2025-02-20 10:47:07.721645,1.8061000108718872,97.3011767795044,97.3203825895404,2.97487077261405,34.4222811395454,1,1
397,2025-02-20 10:48:32.096990,1.7982808351516724,97.5468353192624,97.5661136694236,2.97475313780384,34.2900162439319,1,1
398,2025-02-20 10:50:00.804293,1.790526270866394,97.5499148868435,97.5691941469356,2.97475166484249,34.2883574274449,1,1
399,2025-02-20 10:51:28.299769,1.782835841178894,97.5529575038302,97.5722376629538,2.97475020298793,34.2867184841327,1,1
400,2025-02-20 10:52:54.492719,1.7752094268798828,97.5559682419607,97.5752492907097,2.97474876028184,34.2850966986716,1,1
