iteration,timestamp,error_flag,P2,ScadaCommand_P2,ScadaCommand_P1,T1,T2,P1,J1,J2
0.0,2025-12-25 18:41:03.258790,False,1.0,1,1,0.0,0.0,1.0,0.0,0.0
1.0,2025-12-25 18:41:07.691608,False,1.0,1,1,3.252293348312378,3.2810044288635254,1.0,79.06969451904297,79.2622299194336
2.0,2025-12-25 18:41:12.561637,False,1.0,1,1,3.4527666568756104,3.5094101428985596,1.0,79.07292175292969,79.26464080810547
3.0,2025-12-25 18:41:17.567956,False,1.0,1,1,3.652416467666626,3.736224412918091,1.0,79.07614135742188,79.26705169677734
4.0,2025-12-25 18:41:22.549866,False,1.0,1,1,3.8512396812438965,3.9614546298980713,1.0,79.07935333251953,79.26945495605469
5.0,2025-12-25 18:41:27.265063,False,1.0,1,1,4.049232482910156,4.185107707977295,1.0,79.08256530761719,79.2718505859375
6.0,2025-12-25 18:41:31.692703,False,1.0,1,1,4.246391773223877,4.407191753387451,1.0,79.08577728271484,79.27423858642578
7.0,2025-12-25 18:41:36.657413,False,1.0,1,1,4.442714691162109,4.627713203430176,1.0,79.08898162841797,79.27661895751953
8.0,2025-12-25 18:41:40.708171,False,1.0,1,1,4.638197422027588,4.846680164337158,1.0,79.0921859741211,79.27899932861328
9.0,2025-12-25 18:41:44.872223,False,1.0,1,1,4.832837104797363,5.0640997886657715,1.0,79.09538269042969,79.2813720703125
10.0,2025-12-25 18:41:48.943674,False,1.0,1,1,5.026630401611328,5.279979228973389,1.0,79.09857940673828,79.28373718261719
11.0,2025-12-25 18:41:53.741954,False,1.0,1,1,5.219573974609375,5.494325637817383,1.0,79.10177612304688,79.28609466552734
12.0,2025-12-25 18:41:58.652036,False,1.0,1,1,5.411664962768555,5.707146644592285,1.0,79.11824035644531,79.30004119873047
13.0,2025-12-25 18:42:03.658215,False,1.0,1,1,5.619582653045654,5.931300163269043,1.0,79.12167358398438,79.30253601074219
14.0,2025-12-25 18:42:08.584768,False,1.0,1,1,5.8264923095703125,6.153923034667969,1.0,79.1250991821289,79.3050308227539
15.0,2025-12-25 18:42:13.869435,False,1.0,1,1,6.0323920249938965,6.3750200271606445,1.0,79.1285171508789,79.3075180053711
16.0,2025-12-25 18:42:19.232923,False,1.0,1,1,6.237279415130615,6.594597816467285,1.0,79.1319351196289,79.30999755859375
17.0,2025-12-25 18:42:23.743035,False,1.0,1,1,6.441153049468994,6.812661647796631,1.0,79.1353530883789,79.3124771118164
18.0,2025-12-25 18:42:29.162946,False,1.0,0,1,6.644010543823242,7.0292181968688965,1.0,79.13876342773438,79.31494903564453
19.0,2025-12-25 18:42:34.113276,False,0.0,0,1,6.845850467681885,7.244272708892822,1.0,78.66368865966797,70.34709930419922
20.0,2025-12-25 18:42:38.626991,False,0.0,0,0,7.043867111206055,7.409078121185303,1.0,78.68110656738281,70.42289733886719
21.0,2025-12-25 18:42:43.054613,False,0.0,0,0,7.240476131439209,7.573425769805908,0.0,58.49657440185547,58.5477180480957
22.0,2025-12-25 18:42:47.401439,False,0.0,0,0,7.215979099273682,7.516871452331543,0.0,58.466064453125,58.510807037353516
23.0,2025-12-25 18:42:52.746649,False,0.0,0,0,7.190006732940674,7.461793422698975,0.0,58.43454360961914,58.47364044189453
24.0,2025-12-25 18:42:57.515829,False,0.0,0,0,7.16265869140625,7.408090591430664,0.0,58.352272033691406,58.38238525390625
25.0,2025-12-25 18:43:01.773728,False,0.0,0,0,7.122500419616699,7.348470211029053,0.0,58.30742645263672,58.334529876708984
26.0,2025-12-25 18:43:06.347475,False,0.0,0,0,7.08148193359375,7.28971004486084,0.0,58.261924743652344,58.286399841308594
27.0,2025-12-25 18:43:10.752858,False,0.0,0,0,7.039671421051025,7.2317423820495605,0.0,58.21586227416992,58.23802947998047
28.0,2025-12-25 18:43:14.841376,False,0.0,0,0,6.997131824493408,7.174503326416016,0.0,58.169307708740234,58.189456939697266
29.0,2025-12-25 18:43:19.592954,False,0.0,0,0,6.95392370223999,7.1179327964782715,0.0,58.1223258972168,58.14070510864258
30.0,2025-12-25 18:43:24.882095,False,0.0,0,0,6.910102844238281,7.061975479125977,0.0,58.074974060058594,58.091800689697266
31.0,2025-12-25 18:43:29.593825,False,0.0,0,0,6.865720272064209,7.0065789222717285,0.0,58.02730178833008,58.04276657104492
32.0,2025-12-25 18:43:34.207150,False,0.0,0,0,6.820825576782227,6.951695919036865,0.0,57.979347229003906,57.993621826171875
33.0,2025-12-25 18:43:38.537888,False,0.0,0,0,6.7754621505737305,6.897280693054199,0.0,57.931156158447266,57.94437789916992
34.0,2025-12-25 18:43:43.224223,False,0.0,0,0,6.729671478271484,6.843292713165283,0.0,57.88275146484375,57.89505386352539
35.0,2025-12-25 18:43:48.175186,False,0.0,0,0,6.683492183685303,6.789693355560303,0.0,57.834163665771484,57.84565734863281
36.0,2025-12-25 18:43:52.987268,False,0.0,0,0,6.636959075927734,6.736448287963867,0.0,57.877830505371094,57.88954544067383
37.0,2025-12-25 18:43:57.420133,False,0.0,0,0,6.609060764312744,6.697656154632568,0.0,57.84705352783203,57.85721969604492
38.0,2025-12-25 18:44:01.993098,False,0.0,0,0,6.580469608306885,6.659557342529297,0.0,57.81581497192383,57.824703216552734
39.0,2025-12-25 18:44:06.839383,False,0.0,0,0,6.551266193389893,6.622071266174316,0.0,57.784202575683594,57.792030334472656
40.0,2025-12-25 18:44:11.688894,False,0.0,0,0,6.521522521972656,6.585124492645264,0.0,57.75228500366211,57.75923538208008
41.0,2025-12-25 18:44:16.949315,False,0.0,0,0,6.491304874420166,6.548652172088623,0.0,57.720115661621094,57.72633743286133
42.0,2025-12-25 18:44:21.532871,False,0.0,0,0,6.460671424865723,6.512595176696777,0.0,57.687744140625,57.693363189697266
43.0,2025-12-25 18:44:25.569617,False,0.0,0,0,6.429675102233887,6.476902008056641,0.0,57.65520477294922,57.66032028198242
44.0,2025-12-25 18:44:29.719334,False,0.0,0,0,6.398361682891846,6.441525459289551,0.0,57.622528076171875,57.62722396850586
45.0,2025-12-25 18:44:34.046209,False,0.0,0,0,6.366772174835205,6.406424522399902,0.0,57.58974075317383,57.594085693359375
46.0,2025-12-25 18:44:38.751485,False,0.0,0,0,6.334942817687988,6.371563911437988,0.0,57.556861877441406,57.5609130859375
47.0,2025-12-25 18:44:44.144841,False,0.0,0,0,6.302905082702637,6.336911201477051,0.0,57.52390670776367,57.5277099609375
48.0,2025-12-25 18:44:48.733418,False,0.0,0,0,6.270687580108643,6.302438735961914,0.0,57.31630325317383,57.32200241088867
49.0,2025-12-25 18:44:53.308240,False,0.0,0,0,6.209240436553955,6.242898464202881,0.0,57.25560760498047,57.26144027709961
50.0,2025-12-25 18:44:57.985728,False,0.0,0,0,6.147876262664795,6.18327522277832,0.0,57.194923400878906,57.20088195800781
51.0,2025-12-25 18:45:02.598878,False,0.0,0,0,6.086586952209473,6.123577117919922,0.0,57.13425827026367,57.14032745361328
52.0,2025-12-25 18:45:06.756208,False,0.0,0,0,6.025365829467773,6.063810348510742,0.0,57.073604583740234,57.079776763916016
53.0,2025-12-25 18:45:11.370857,False,0.0,0,1,5.964208126068115,6.003981113433838,0.0,57.012962341308594,57.01923370361328
54.0,2025-12-25 18:45:16.033415,False,0.0,0,1,5.903107166290283,5.944094181060791,1.0,78.48429107666016,69.39965057373047
55.0,2025-12-25 18:45:20.399638,False,0.0,0,1,6.08535099029541,6.103949546813965,1.0,78.50043487548828,69.47364807128906
56.0,2025-12-25 18:45:25.119782,False,0.0,0,1,6.266380786895752,6.2632904052734375,1.0,78.51654815673828,69.54743957519531
57.0,2025-12-25 18:45:30.296443,False,0.0,0,1,6.446206092834473,6.422110080718994,1.0,78.53262329101562,69.62100982666016
58.0,2025-12-25 18:45:35.549277,False,0.0,0,1,6.62483549118042,6.5804033279418945,1.0,78.54866790771484,69.6943588256836
59.0,2025-12-25 18:45:40.249902,False,0.0,0,1,6.802278518676758,6.738164901733398,1.0,78.56468200683594,69.7674789428711
60.0,2025-12-25 18:45:44.979696,False,0.0,0,1,6.978544235229492,6.895389080047607,1.0,78.45838928222656,69.21942901611328
61.0,2025-12-25 18:45:49.493331,False,0.0,0,0,7.1236252784729,7.026712894439697,1.0,78.47174072265625,69.28178405761719
62.0,2025-12-25 18:45:54.441881,False,0.0,0,0,7.267728805541992,7.157583236694336,0.0,57.91378402709961,57.916954040527344
63.0,2025-12-25 18:45:58.944691,False,0.0,0,0,7.1659722328186035,7.069883346557617,0.0,57.81826400756836,57.821983337402344
64.0,2025-12-25 18:46:03.887433,False,0.0,0,0,7.064651012420654,6.981748104095459,0.0,57.72273635864258,57.72700500488281
65.0,2025-12-25 18:46:08.501725,False,0.0,0,0,6.963736534118652,6.893205642700195,0.0,57.62721252441406,57.63202667236328
66.0,2025-12-25 18:46:13.285546,False,0.0,0,0,6.8632025718688965,6.804283142089844,0.0,57.53169631958008,57.53704833984375
67.0,2025-12-25 18:46:17.856748,False,0.0,0,0,6.763023853302002,6.715004920959473,0.0,57.43619155883789,57.44207000732422
68.0,2025-12-25 18:46:22.901698,False,0.0,0,0,6.663178443908691,6.625393867492676,0.0,57.34070587158203,57.34709548950195
69.0,2025-12-25 18:46:27.521052,False,0.0,0,0,6.5636444091796875,6.535470962524414,0.0,57.245235443115234,57.25212478637695
70.0,2025-12-25 18:46:32.275922,False,0.0,0,0,6.464401721954346,6.44525671005249,0.0,57.14978790283203,57.15715789794922
71.0,2025-12-25 18:46:37.137313,False,0.0,0,0,6.3654327392578125,6.354768753051758,0.0,57.054359436035156,57.062198638916016
72.0,2025-12-25 18:46:41.370191,False,0.0,0,0,6.266719818115234,6.2640252113342285,0.0,56.90089416503906,56.90999984741211
73.0,2025-12-25 18:46:46.026498,False,0.0,0,0,6.163232326507568,6.168393135070801,0.0,56.80065155029297,56.810211181640625
74.0,2025-12-25 18:46:50.648119,False,0.0,0,0,6.059970855712891,6.072534084320068,0.0,56.700435638427734,56.71043395996094
75.0,2025-12-25 18:46:55.620777,False,0.0,0,1,5.95692253112793,5.9764628410339355,0.0,56.60024642944336,56.610660552978516
76.0,2025-12-25 18:47:00.142085,False,0.0,0,1,5.854074954986572,5.880190849304199,1.0,78.33930969238281,68.64936828613281
77.0,2025-12-25 18:47:04.987211,False,0.0,0,1,6.002418518066406,6.011342525482178,1.0,78.3525619506836,68.7116928100586
78.0,2025-12-25 18:47:09.783434,False,0.0,0,1,6.14974308013916,6.142094135284424,1.0,78.36578369140625,68.77384948730469
79.0,2025-12-25 18:47:14.083406,False,0.0,0,1,6.296058177947998,6.272439002990723,1.0,78.37896728515625,68.83583068847656
80.0,2025-12-25 18:47:18.450886,False,0.0,0,1,6.4413743019104,6.402370929718018,1.0,78.39212036132812,68.89762878417969
81.0,2025-12-25 18:47:23.196760,False,0.0,0,1,6.585700035095215,6.531883716583252,1.0,78.40523529052734,68.9592514038086
82.0,2025-12-25 18:47:27.731972,False,0.0,0,1,6.729045867919922,6.6609721183776855,1.0,78.41831970214844,69.02068328857422
83.0,2025-12-25 18:47:32.232004,False,0.0,0,1,6.871420383453369,6.78963041305542,1.0,78.43136596679688,69.0819320678711
84.0,2025-12-25 18:47:36.399105,False,0.0,0,0,7.012833118438721,6.917853355407715,1.0,78.29606628417969,68.34371948242188
85.0,2025-12-25 18:47:41.095689,False,0.0,0,0,7.113380432128906,7.012702465057373,0.0,57.060611724853516,57.07353591918945
86.0,2025-12-25 18:47:45.788815,False,0.0,0,0,6.961755752563477,6.876477241516113,0.0,56.9155387878418,56.929237365722656
87.0,2025-12-25 18:47:50.830134,False,0.0,0,0,6.810458660125732,6.73992395401001,0.0,56.77049255371094,56.78494644165039
88.0,2025-12-25 18:47:55.378801,False,0.0,0,0,6.659475803375244,6.603056907653809,0.0,56.62546157836914,56.64065933227539
89.0,2025-12-25 18:47:59.833208,False,0.0,0,0,6.508792400360107,6.465889930725098,0.0,56.4804573059082,56.49637985229492
90.0,2025-12-25 18:48:04.759475,False,0.0,0,0,6.358395576477051,6.328436851501465,0.0,56.335472106933594,56.352108001708984
91.0,2025-12-25 18:48:09.116116,False,0.0,0,0,6.208272457122803,6.190709590911865,0.0,56.190513610839844,56.20783996582031
92.0,2025-12-25 18:48:13.696911,False,0.0,0,0,6.058411121368408,6.052720546722412,0.0,56.04558181762695,56.06357955932617
93.0,2025-12-25 18:48:18.412250,False,0.0,0,1,5.9088006019592285,5.914480686187744,0.0,55.900672912597656,55.91932678222656
94.0,2025-12-25 18:48:22.833103,False,0.0,0,1,5.759429454803467,5.776001930236816,1.0,78.18047332763672,67.78426361083984
95.0,2025-12-25 18:48:27.195462,False,0.0,0,1,5.8687896728515625,5.87441873550415,1.0,78.19039916992188,67.83240509033203
96.0,2025-12-25 18:48:31.472138,False,0.0,0,1,5.977372169494629,5.972550392150879,1.0,78.19514465332031,67.85147857666016
97.0,2025-12-25 18:48:36.502499,False,0.0,0,1,6.083761215209961,6.069197654724121,1.0,78.20488739013672,67.89881896972656
98.0,2025-12-25 18:48:41.018698,False,0.0,0,1,6.189402103424072,6.165549278259277,1.0,78.21459197998047,67.94602966308594
99.0,2025-12-25 18:48:45.909100,False,0.0,0,1,6.294305324554443,6.261600017547607,1.0,78.2242660522461,67.99309539794922
100.0,2025-12-25 18:48:50.362797,False,0.0,0,1,6.39847993850708,6.357342720031738,1.0,78.23390197753906,68.04002380371094
101.0,2025-12-25 18:48:54.812896,False,0.0,0,1,6.50193452835083,6.452773094177246,1.0,78.24351501464844,68.08679962158203
102.0,2025-12-25 18:48:59.703188,False,0.0,0,1,6.604678630828857,6.547884464263916,1.0,78.25308990478516,68.13343811035156
103.0,2025-12-25 18:49:04.466504,False,0.0,0,1,6.70672082901001,6.642672538757324,1.0,78.26263427734375,68.17992401123047
104.0,2025-12-25 18:49:08.559915,False,0.0,0,1,6.808069705963135,6.737132549285889,1.0,78.27214050292969,68.22625732421875
105.0,2025-12-25 18:49:13.426101,False,0.0,0,1,6.9087324142456055,6.831258773803711,1.0,78.28162384033203,68.27244567871094
106.0,2025-12-25 18:49:17.625727,False,0.0,0,0,7.0087175369262695,6.925047874450684,1.0,78.29106903076172,68.31847381591797
107.0,2025-12-25 18:49:21.991377,False,0.0,0,0,7.108033180236816,7.018495082855225,0.0,57.03327941894531,57.047122955322266
108.0,2025-12-25 18:49:26.552739,False,0.0,0,0,6.955017566680908,6.880490779876709,0.0,57.43854904174805,57.44557571411133
109.0,2025-12-25 18:49:31.390726,False,0.0,0,0,6.839810848236084,6.777724266052246,0.0,57.32867431640625,57.3363037109375
110.0,2025-12-25 18:49:35.962630,False,0.0,0,0,6.724941253662109,6.674620151519775,0.0,57.218814849853516,57.22703170776367
111.0,2025-12-25 18:49:40.882480,False,0.0,0,0,6.610389232635498,6.571198463439941,0.0,57.10897445678711,57.117767333984375
112.0,2025-12-25 18:49:45.700812,False,0.0,0,0,6.496137619018555,6.467476844787598,0.0,56.9991569519043,57.008506774902344
113.0,2025-12-25 18:49:50.443842,False,0.0,0,0,6.382168769836426,6.363471984863281,0.0,56.88935852050781,56.899253845214844
114.0,2025-12-25 18:49:55.039049,False,0.0,0,0,6.268467426300049,6.259200096130371,0.0,56.77958679199219,56.790008544921875
115.0,2025-12-25 18:49:59.526098,False,0.0,0,0,6.155018329620361,6.154675483703613,0.0,56.669837951660156,56.68076705932617
116.0,2025-12-25 18:50:03.388708,False,0.0,0,0,6.041808128356934,6.049912452697754,0.0,56.56011199951172,56.571533203125
117.0,2025-12-25 18:50:08.230239,False,0.0,0,1,5.9288225173950195,5.944924354553223,0.0,56.450416564941406,56.46230697631836
118.0,2025-12-25 18:50:13.138095,False,0.0,0,1,5.8160505294799805,5.839722633361816,1.0,78.30301666259766,68.45664978027344
119.0,2025-12-25 18:50:17.663075,False,0.0,0,1,5.956274032592773,5.9640278816223145,1.0,78.3155746459961,68.5160903930664
120.0,2025-12-25 18:50:22.815567,False,0.0,0,1,6.095527648925781,6.087958812713623,1.0,78.40424346923828,68.97665405273438
121.0,2025-12-25 18:50:27.255587,False,0.0,0,1,6.253046989440918,6.227836608886719,1.0,78.41837310791016,69.04259490966797
122.0,2025-12-25 18:50:31.903873,False,0.0,0,1,6.409502029418945,6.367264747619629,1.0,78.4324722290039,69.10834503173828
123.0,2025-12-25 18:50:36.508042,False,0.0,0,1,6.564902305603027,6.5062384605407715,1.0,78.446533203125,69.17389678955078
124.0,2025-12-25 18:50:40.588223,False,0.0,0,1,6.719257354736328,6.64475154876709,1.0,78.46056365966797,69.2392578125
125.0,2025-12-25 18:50:45.655992,False,0.0,0,1,6.872575283050537,6.7827982902526855,1.0,78.47455596923828,69.30441284179688
126.0,2025-12-25 18:50:50.261663,False,0.0,0,0,7.024866104125977,6.920373916625977,1.0,78.48851013183594,69.36936950683594
127.0,2025-12-25 18:50:54.338966,False,0.0,0,0,7.176138401031494,7.057473659515381,0.0,57.904319763183594,57.90618896484375
128.0,2025-12-25 18:50:58.740624,False,0.0,0,0,7.081727504730225,6.977620601654053,0.0,57.81648635864258,57.81884765625
129.0,2025-12-25 18:51:03.232817,False,0.0,0,0,6.987805366516113,6.897279262542725,0.0,57.728633880615234,57.73149871826172
130.0,2025-12-25 18:51:07.863265,False,0.0,0,0,6.894336223602295,6.8164849281311035,0.0,57.640769958496094,57.64413833618164
131.0,2025-12-25 18:51:13.012055,False,0.0,0,0,6.80128812789917,6.735269546508789,0.0,57.55290222167969,57.55677795410156
132.0,2025-12-25 18:51:17.949929,False,0.0,0,0,6.7086310386657715,6.65366268157959,0.0,57.343353271484375,57.3493766784668
133.0,2025-12-25 18:51:21.849714,False,0.0,0,0,6.60552453994751,6.561357021331787,0.0,57.24485778808594,57.25141525268555
134.0,2025-12-25 18:51:26.725780,False,0.0,0,0,6.502738952636719,6.468730926513672,0.0,57.14638137817383,57.15345764160156
135.0,2025-12-25 18:51:31.092093,False,0.0,0,0,6.400253772735596,6.3758039474487305,0.0,57.04792404174805,57.055503845214844
136.0,2025-12-25 18:51:35.711163,False,0.0,0,0,6.298050403594971,6.282594680786133,0.0,56.949485778808594,56.957557678222656
137.0,2025-12-25 18:51:40.886810,False,0.0,0,0,6.196112155914307,6.189120769500732,0.0,56.85107421875,56.859619140625
138.0,2025-12-25 18:51:45.074197,False,0.0,0,0,6.094422817230225,6.095398426055908,0.0,56.752685546875,56.76168441772461
139.0,2025-12-25 18:51:49.755881,False,0.0,0,1,5.992967128753662,6.001441955566406,0.0,56.65432357788086,56.66375732421875
140.0,2025-12-25 18:51:54.118626,False,0.0,0,1,5.891730785369873,5.907266139984131,1.0,78.3488540649414,68.69658660888672
141.0,2025-12-25 18:51:58.903406,False,0.0,0,1,6.041364669799805,6.039813041687012,1.0,78.36223602294922,68.7594985961914
142.0,2025-12-25 18:52:03.857816,False,0.0,0,1,6.189975261688232,6.171949863433838,1.0,78.3755874633789,68.82223510742188
143.0,2025-12-25 18:52:08.476834,False,0.0,0,1,6.33757209777832,6.3036699295043945,1.0,78.38890838623047,68.8847885131836
144.0,2025-12-25 18:52:12.812028,False,0.0,0,1,6.484165191650391,6.434967517852783,1.0,78.44227600097656,69.15583801269531
145.0,2025-12-25 18:52:17.917675,False,0.0,0,1,6.639824390411377,6.574338436126709,1.0,78.45639038085938,69.2215576171875
146.0,2025-12-25 18:52:22.542266,False,0.0,0,1,6.794437408447266,6.713244438171387,1.0,78.47046661376953,69.28707122802734
147.0,2025-12-25 18:52:26.670761,False,0.0,0,1,6.9480133056640625,6.851679801940918,1.0,78.48450469970703,69.35238647460938
148.0,2025-12-25 18:52:31.970950,False,0.0,0,0,7.100560665130615,6.989639759063721,1.0,78.4985122680664,69.41749572753906
149.0,2025-12-25 18:52:36.902429,False,0.0,0,0,7.252089023590088,7.1271185874938965,0.0,57.98665237426758,57.98823165893555
150.0,2025-12-25 18:52:41.448925,False,0.0,0,0,7.158316135406494,7.04833459854126,0.0,57.89970016479492,57.90175247192383
151.0,2025-12-25 18:52:46.103221,False,0.0,0,0,7.065051555633545,6.9690423011779785,0.0,57.81271743774414,57.81526184082031
152.0,2025-12-25 18:52:51.049927,False,0.0,0,0,6.972258567810059,6.889278411865234,0.0,57.7257194519043,57.728763580322266
153.0,2025-12-25 18:52:55.728971,False,0.0,0,0,6.879903316497803,6.809077262878418,0.0,57.63871383666992,57.64225769042969
154.0,2025-12-25 18:53:00.243201,False,0.0,0,0,6.787954330444336,6.7284698486328125,0.0,57.55170822143555,57.555747985839844
155.0,2025-12-25 18:53:04.415190,False,0.0,0,0,6.696382522583008,6.64748477935791,0.0,57.4647102355957,57.469242095947266
156.0,2025-12-25 18:53:08.981563,False,0.0,0,0,6.605162143707275,6.566148281097412,0.0,57.45927047729492,57.463165283203125
157.0,2025-12-25 18:53:13.453675,False,0.0,0,0,6.522275447845459,6.492107391357422,0.0,57.380165100097656,57.38449478149414
158.0,2025-12-25 18:53:17.839341,False,0.0,0,0,6.439705848693848,6.417749404907227,0.0,57.30107879638672,57.30582809448242
159.0,2025-12-25 18:53:22.620149,False,0.0,0,0,6.357429027557373,6.3430986404418945,0.0,57.222007751464844,57.22716522216797
160.0,2025-12-25 18:53:27.225864,False,0.0,0,0,6.275423049926758,6.268176555633545,0.0,57.14296340942383,57.14850997924805
161.0,2025-12-25 18:53:31.370541,False,0.0,0,0,6.193668842315674,6.1930036544799805,0.0,57.063941955566406,57.069862365722656
162.0,2025-12-25 18:53:36.394278,False,0.0,0,0,6.112147331237793,6.117597579956055,0.0,56.98494338989258,56.99121856689453
163.0,2025-12-25 18:53:40.846712,False,0.0,0,0,6.03084135055542,6.041975498199463,0.0,56.90597152709961,56.91258239746094
164.0,2025-12-25 18:53:45.711896,False,0.0,0,1,5.94973611831665,5.966153621673584,0.0,56.82701873779297,56.83395767211914
165.0,2025-12-25 18:53:50.012625,False,0.0,0,1,5.868815898895264,5.890146255493164,1.0,78.4150161743164,69.04335021972656
166.0,2025-12-25 18:53:54.356868,False,0.0,0,1,6.035458564758301,6.037082672119141,1.0,78.42984008789062,69.1121826171875
167.0,2025-12-25 18:53:58.769163,False,0.0,0,1,6.200979709625244,6.183553218841553,1.0,78.44462585449219,69.18082427978516
168.0,2025-12-25 18:54:03.467734,False,0.0,0,1,6.3653883934021,6.329552173614502,1.0,78.39967346191406,68.9400634765625
169.0,2025-12-25 18:54:08.086046,False,0.0,0,1,6.51387882232666,6.462504863739014,1.0,78.41312408447266,69.00312805175781
170.0,2025-12-25 18:54:12.762847,False,0.0,0,1,6.66136360168457,6.595022678375244,1.0,78.42654418945312,69.06600189208984
171.0,2025-12-25 18:54:16.893123,False,0.0,0,1,6.807852268218994,6.727099418640137,1.0,78.43992614746094,69.1286849975586
172.0,2025-12-25 18:54:21.645758,False,0.0,0,1,6.953353404998779,6.858729839324951,1.0,78.45327758789062,69.19116973876953
173.0,2025-12-25 18:54:26.411763,False,0.0,0,0,7.097876071929932,6.9899091720581055,1.0,78.46659088134766,69.25346374511719
174.0,2025-12-25 18:54:30.849650,False,0.0,0,0,7.241429328918457,7.120631694793701,0.0,57.875370025634766,57.87824249267578
175.0,2025-12-25 18:54:35.179118,False,0.0,0,0,7.138713836669922,7.0326409339904785,0.0,57.77922821044922,57.78264617919922
176.0,2025-12-25 18:54:39.565292,False,0.0,0,0,7.036452770233154,6.944194793701172,0.0,57.683074951171875,57.68704605102539
177.0,2025-12-25 18:54:42.916834,False,0.0,0,0,6.934617042541504,6.8553242683410645,0.0,57.586917877197266,57.5914421081543
178.0,2025-12-25 18:54:47.179782,False,0.0,0,0,6.833178520202637,6.766056060791016,0.0,57.49076843261719,57.49583435058594
179.0,2025-12-25 18:54:52.186147,False,0.0,0,0,6.732110977172852,6.676416397094727,0.0,57.39462661743164,57.400230407714844
180.0,2025-12-25 18:54:56.525986,False,0.0,0,0,6.631392002105713,6.586429119110107,0.0,57.44091796875,57.445098876953125
181.0,2025-12-25 18:55:01.382952,False,0.0,0,0,6.544095516204834,6.508584499359131,0.0,57.357669830322266,57.362308502197266
182.0,2025-12-25 18:55:05.463901,False,0.0,0,0,6.457123279571533,6.430415153503418,0.0,57.274436950683594,57.27952575683594
183.0,2025-12-25 18:55:10.610719,False,0.0,0,0,6.370451927185059,6.351945400238037,0.0,57.191226959228516,57.19674301147461
184.0,2025-12-25 18:55:16.498312,False,0.0,0,0,6.284060478210449,6.273195266723633,0.0,57.108036041259766,57.11396789550781
185.0,2025-12-25 18:55:21.866215,False,0.0,0,0,6.197928428649902,6.194186210632324,0.0,57.02486801147461,57.03120040893555
186.0,2025-12-25 18:55:26.162906,False,0.0,0,0,6.1120381355285645,6.114934921264648,0.0,56.94172286987305,56.94844055175781
187.0,2025-12-25 18:55:31.315950,False,0.0,0,0,6.02637243270874,6.035459518432617,0.0,56.858604431152344,56.865684509277344
188.0,2025-12-25 18:55:35.850054,False,0.0,0,1,5.940915584564209,5.955775260925293,0.0,56.775508880615234,56.78293991088867
189.0,2025-12-25 18:55:40.845794,False,0.0,0,1,5.855653285980225,5.875896453857422,1.0,78.3990478515625,68.9609146118164
190.0,2025-12-25 18:55:45.541434,False,0.0,0,1,6.018777370452881,6.019847869873047,1.0,78.41357421875,69.0285415649414
191.0,2025-12-25 18:55:49.979313,False,0.0,0,1,6.180799961090088,6.1633453369140625,1.0,78.42805480957031,69.0959701538086
192.0,2025-12-25 18:55:53.985849,False,0.0,0,1,6.341731071472168,6.30638313293457,1.0,78.4369888305664,69.13471984863281
193.0,2025-12-25 18:55:59.092548,False,0.0,0,1,6.500218391418457,6.447798728942871,1.0,78.4512939453125,69.20128631591797
194.0,2025-12-25 18:56:03.743422,False,0.0,0,1,6.6576409339904785,6.588747978210449,1.0,78.46556091308594,69.26764678955078
195.0,2025-12-25 18:56:08.266634,False,0.0,0,1,6.81400728225708,6.72922420501709,1.0,78.47978973388672,69.33380889892578
196.0,2025-12-25 18:56:12.972083,False,0.0,0,1,6.969326972961426,6.869223117828369,1.0,78.4939956665039,69.39976501464844
197.0,2025-12-25 18:56:17.397621,False,0.0,0,0,7.123608589172363,7.008739471435547,1.0,78.5081558227539,69.46551513671875
198.0,2025-12-25 18:56:21.165900,False,0.0,0,0,7.27686071395874,7.147767543792725,0.0,58.032527923583984,58.03375244140625
199.0,2025-12-25 18:56:25.238872,False,0.0,0,0,7.185085773468018,7.071292400360107,0.0,57.94777297973633,57.94944381713867
200.0,2025-12-25 18:56:30.179235,False,0.0,0,0,7.093842506408691,6.9942851066589355,0.0,57.86297607421875,57.86511993408203
201.0,2025-12-25 18:56:34.053756,False,0.0,0,0,7.003092288970947,6.91678524017334,0.0,57.77815628051758,57.78078079223633
202.0,2025-12-25 18:56:38.490723,False,0.0,0,0,6.912797451019287,6.838829517364502,0.0,57.69332504272461,57.69643783569336
203.0,2025-12-25 18:56:43.121676,False,0.0,0,0,6.822925090789795,6.760451316833496,0.0,57.60848617553711,57.612091064453125
204.0,2025-12-25 18:56:47.599822,False,0.0,0,0,6.733445167541504,6.6816816329956055,0.0,57.28044891357422,57.28784942626953
205.0,2025-12-25 18:56:52.233790,False,0.0,0,0,6.62308931350708,6.582308769226074,0.0,57.17475509643555,57.182716369628906
206.0,2025-12-25 18:56:57.100577,False,0.0,0,0,6.513039588928223,6.482630252838135,0.0,57.0690803527832,57.07758712768555
207.0,2025-12-25 18:57:02.214253,False,0.0,0,0,6.403278350830078,6.382662773132324,0.0,56.96342849731445,56.97246551513672
208.0,2025-12-25 18:57:06.609076,False,0.0,0,0,6.293789386749268,6.282423973083496,0.0,56.8577995300293,56.867347717285156
209.0,2025-12-25 18:57:11.124813,False,0.0,0,0,6.184556007385254,6.181928634643555,0.0,56.752193450927734,56.762237548828125
210.0,2025-12-25 18:57:16.222747,False,0.0,0,0,6.075563907623291,6.081192493438721,0.0,56.64661407470703,56.65713119506836
211.0,2025-12-25 18:57:20.258014,False,0.0,0,1,5.966799736022949,5.980228424072266,0.0,56.54105758666992,56.55203628540039
212.0,2025-12-25 18:57:24.162658,False,0.0,0,1,5.858250617980957,5.879049301147461,1.0,78.32107543945312,68.55127716064453
213.0,2025-12-25 18:57:29.139151,False,0.0,0,1,6.001840591430664,6.0062994956970215,1.0,78.33393096923828,68.61196899414062
214.0,2025-12-25 18:57:33.768500,False,0.0,0,1,6.144440650939941,6.133162021636963,1.0,78.34675598144531,68.6724853515625
215.0,2025-12-25 18:57:38.848743,False,0.0,0,1,6.2860612869262695,6.259631156921387,1.0,78.35954284667969,68.73283386230469
216.0,2025-12-25 18:57:43.819862,False,0.0,0,1,6.426711559295654,6.385700702667236,1.0,78.41240692138672,69.00390625
217.0,2025-12-25 18:57:48.548559,False,0.0,0,1,6.576598644256592,6.519970893859863,1.0,78.4260025024414,69.06752014160156
218.0,2025-12-25 18:57:52.774982,False,0.0,0,1,6.725472450256348,6.6537981033325195,1.0,78.43955993652344,69.13093566894531
219.0,2025-12-25 18:57:57.118967,False,0.0,0,1,6.873342514038086,6.787177562713623,1.0,78.45308685302734,69.19415283203125
220.0,2025-12-25 18:58:01.937915,False,0.0,0,0,7.020217418670654,6.920103549957275,1.0,78.4665756225586,69.2571792602539
221.0,2025-12-25 18:58:06.625021,False,0.0,0,0,7.1661057472229,7.052570819854736,0.0,57.827117919921875,57.8299674987793
222.0,2025-12-25 18:58:11.312502,False,0.0,0,0,7.065666198730469,6.966381549835205,0.0,57.733028411865234,57.73641586303711
223.0,2025-12-25 18:58:17.324339,False,0.0,0,0,6.96567440032959,6.879744529724121,0.0,57.63893127441406,57.64285659790039
224.0,2025-12-25 18:58:23.064190,False,0.0,0,0,6.866100788116455,6.792689800262451,0.0,57.544830322265625,57.54929733276367
225.0,2025-12-25 18:58:28.994479,False,0.0,0,0,6.766917705535889,6.705244541168213,0.0,57.45073699951172,57.45573425292969
226.0,2025-12-25 18:58:34.585133,False,0.0,0,0,6.6680989265441895,6.617434024810791,0.0,57.356651306152344,57.36217498779297
227.0,2025-12-25 18:58:38.792810,False,0.0,0,0,6.5696210861206055,6.52928352355957,0.0,57.2625846862793,57.26861572265625
228.0,2025-12-25 18:58:44.037971,False,0.0,0,0,6.471462249755859,6.4408135414123535,0.0,57.14320755004883,57.150089263916016
229.0,2025-12-25 18:58:49.125495,False,0.0,0,0,6.3713765144348145,6.349951267242432,0.0,57.04700469970703,57.054378509521484
230.0,2025-12-25 18:58:54.453912,False,0.0,0,0,6.271568298339844,6.258810997009277,0.0,56.95082092285156,56.95866775512695
231.0,2025-12-25 18:58:59.781367,False,0.0,0,0,6.172019958496094,6.167410850524902,0.0,56.85466384887695,56.86296844482422
232.0,2025-12-25 18:59:05.655006,False,0.0,0,0,6.072716236114502,6.075766563415527,0.0,56.75852966308594,56.76727294921875
233.0,2025-12-25 18:59:10.950002,False,0.0,0,1,5.973641395568848,5.983893394470215,0.0,56.662418365478516,56.67158508300781
234.0,2025-12-25 18:59:16.847522,False,0.0,0,1,5.874781131744385,5.891805648803711,1.0,78.3551254272461,68.73040008544922
235.0,2025-12-25 18:59:21.685027,False,0.0,0,1,6.026483058929443,6.026076793670654,1.0,78.3686752319336,68.79402923583984
236.0,2025-12-25 18:59:26.850739,False,0.0,0,1,6.177149295806885,6.1599321365356445,1.0,78.3822021484375,68.85748291015625
237.0,2025-12-25 18:59:31.618944,False,0.0,0,1,6.326789855957031,6.293364524841309,1.0,78.39569091796875,68.9207534790039
238.0,2025-12-25 18:59:36.733209,False,0.0,0,1,6.475414752960205,6.426368713378906,1.0,78.40914154052734,68.98383331298828
239.0,2025-12-25 18:59:42.085536,False,0.0,0,1,6.623032569885254,6.558938503265381,1.0,78.42256164550781,69.0467300415039
240.0,2025-12-25 18:59:47.218022,False,0.0,0,1,6.769652843475342,6.691068649291992,1.0,78.4981460571289,69.4299545288086
241.0,2025-12-25 18:59:52.414248,False,0.0,0,1,6.930795669555664,6.835824966430664,1.0,78.51283264160156,69.49785614013672
242.0,2025-12-25 18:59:56.860936,False,0.0,0,0,7.0908637046813965,6.980083465576172,1.0,78.52748107910156,69.56554412841797
243.0,2025-12-25 19:00:01.919164,False,0.0,0,0,7.249865531921387,7.123838424682617,0.0,58.07103729248047,58.071746826171875
244.0,2025-12-25 19:00:06.700542,False,0.0,0,0,7.164403438568115,7.0535969734191895,0.0,57.992652893066406,57.99374008178711
245.0,2025-12-25 19:00:11.683699,False,0.0,0,0,7.07951021194458,6.982786178588867,0.0,57.91421127319336,57.91571807861328
246.0,2025-12-25 19:00:16.682101,False,0.0,0,0,6.995140075683594,6.911452293395996,0.0,57.835731506347656,57.837677001953125
247.0,2025-12-25 19:00:21.926159,False,0.0,0,0,6.911250591278076,6.839637756347656,0.0,57.757232666015625,57.75962829589844
248.0,2025-12-25 19:00:27.368952,False,0.0,0,0,6.827805042266846,6.7673797607421875,0.0,57.6787223815918,57.68157196044922
249.0,2025-12-25 19:00:32.141120,False,0.0,0,0,6.744767665863037,6.6947126388549805,0.0,57.60021209716797,57.603511810302734
250.0,2025-12-25 19:00:37.258494,False,0.0,0,0,6.662107467651367,6.621668815612793,0.0,57.521705627441406,57.52545166015625
251.0,2025-12-25 19:00:42.565163,False,0.0,0,0,6.5797953605651855,6.548276901245117,0.0,57.443214416503906,57.44739532470703
252.0,2025-12-25 19:00:47.348845,False,0.0,0,0,6.497805118560791,6.474563121795654,0.0,57.47751998901367,57.480560302734375
253.0,2025-12-25 19:00:51.909124,False,0.0,0,0,6.428602695465088,6.4123640060424805,0.0,57.411293029785156,57.41468811035156
254.0,2025-12-25 19:00:56.723965,False,0.0,0,0,6.359691143035889,6.349874019622803,0.0,57.3450813293457,57.348819732666016
255.0,2025-12-25 19:01:01.869047,False,0.0,0,0,6.291045188903809,6.287118434906006,0.0,57.27889633178711,57.282958984375
256.0,2025-12-25 19:01:07.077944,False,0.0,0,0,6.222642421722412,6.224119663238525,0.0,57.212730407714844,57.217105865478516
257.0,2025-12-25 19:01:12.183182,False,0.0,0,0,6.15446138381958,6.160898685455322,0.0,57.14659118652344,57.1512565612793
258.0,2025-12-25 19:01:17.114941,False,0.0,0,0,6.086483955383301,6.097474575042725,0.0,57.080474853515625,57.08541488647461
259.0,2025-12-25 19:01:22.152383,False,0.0,0,0,6.018692493438721,6.033864498138428,0.0,57.014381408691406,57.01958084106445
260.0,2025-12-25 19:01:26.949248,False,0.0,0,1,5.951071739196777,5.970083236694336,0.0,56.94831466674805,56.953758239746094
261.0,2025-12-25 19:01:32.228892,False,0.0,0,1,5.883607387542725,5.906146049499512,1.0,78.46260070800781,69.2865219116211
262.0,2025-12-25 19:01:37.535281,False,0.0,0,1,6.061258792877197,6.062503337860107,1.0,78.47836303710938,69.35914611816406
263.0,2025-12-25 19:01:42.884492,False,0.0,0,1,6.237726211547852,6.218355655670166,1.0,78.49409484863281,69.43155670166016
264.0,2025-12-25 19:01:47.876702,False,0.0,0,1,6.41301965713501,6.373697757720947,1.0,78.4532470703125,69.2160415649414
265.0,2025-12-25 19:01:52.720418,False,0.0,0,1,6.573453426361084,6.516863822937012,1.0,78.46773529052734,69.28331756591797
266.0,2025-12-25 19:01:58.022489,False,0.0,0,1,6.732810974121094,6.6595540046691895,1.0,78.48219299316406,69.35038757324219
267.0,2025-12-25 19:02:02.843557,False,0.0,0,1,6.891101360321045,6.801763534545898,1.0,78.49662017822266,69.41725158691406
268.0,2025-12-25 19:02:07.902171,False,0.0,0,0,7.048333168029785,6.943486213684082,1.0,78.5110092163086,69.4839096069336
269.0,2025-12-25 19:02:13.479107,False,0.0,0,0,7.20451545715332,7.084717750549316,0.0,57.992794036865234,57.99399185180664
270.0,2025-12-25 19:02:18.952006,False,0.0,0,0,7.115766525268555,7.010654449462891,0.0,57.910770416259766,57.91240692138672
271.0,2025-12-25 19:02:25.337543,False,0.0,0,0,7.027542591094971,6.936066150665283,0.0,57.828712463378906,57.83080291748047
272.0,2025-12-25 19:02:30.564842,False,0.0,0,0,6.939803600311279,6.860992908477783,0.0,57.74662780761719,57.74919128417969
273.0,2025-12-25 19:02:35.743326,False,0.0,0,0,6.852511882781982,6.785472393035889,0.0,57.66453552246094,57.667572021484375
274.0,2025-12-25 19:02:41.257084,False,0.0,0,0,6.765634536743164,6.709537506103516,0.0,57.58244323730469,57.58595275878906
275.0,2025-12-25 19:02:46.975742,False,0.0,0,0,6.679140567779541,6.6332197189331055,0.0,57.5003547668457,57.504329681396484
276.0,2025-12-25 19:02:52.971028,False,0.0,0,0,6.593001365661621,6.556546688079834,0.0,57.41084289550781,57.415374755859375
277.0,2025-12-25 19:02:58.374248,False,0.0,0,0,6.506455898284912,6.478846073150635,0.0,57.328060150146484,57.333038330078125
278.0,2025-12-25 19:03:03.290589,False,0.0,0,0,6.420214653015137,6.400841236114502,0.0,57.245296478271484,57.25070571899414
279.0,2025-12-25 19:03:08.735655,False,0.0,0,0,6.334255695343018,6.322554588317871,0.0,57.16255569458008,57.16837692260742
280.0,2025-12-25 19:03:14.546484,False,0.0,0,0,6.248558521270752,6.2440056800842285,0.0,57.079833984375,57.086055755615234
281.0,2025-12-25 19:03:20.918115,False,0.0,0,0,6.163105010986328,6.165213584899902,0.0,56.99713897705078,57.00374221801758
282.0,2025-12-25 19:03:26.996337,False,0.0,0,0,6.077877998352051,6.0861945152282715,0.0,56.914466857910156,56.92143630981445
283.0,2025-12-25 19:03:33.203514,False,0.0,0,1,5.992861270904541,6.006965160369873,0.0,56.83182144165039,56.83913803100586
284.0,2025-12-25 19:03:39.625836,False,0.0,0,1,5.908040523529053,5.927540302276611,1.0,78.4055404663086,68.99324798583984
285.0,2025-12-25 19:03:45.169453,False,0.0,0,1,6.07126522064209,6.071590900421143,1.0,78.42008972167969,69.0609130859375
286.0,2025-12-25 19:03:50.711401,False,0.0,0,1,6.233387470245361,6.215187072753906,1.0,78.4345932006836,69.12837982177734
287.0,2025-12-25 19:03:57.355053,False,0.0,0,1,6.394416332244873,6.358321666717529,1.0,78.4490737915039,69.19564819335938
288.0,2025-12-25 19:04:03.007035,False,0.0,0,1,6.554361820220947,6.50098991394043,1.0,78.48616027832031,69.3785400390625
289.0,2025-12-25 19:04:08.583657,False,0.0,0,1,6.718781471252441,6.647891998291016,1.0,78.50103759765625,69.44732666015625
290.0,2025-12-25 19:04:23.933275,True,0.0,0,1,6.718781471252441,6.647891998291016,1.0,78.5158920288086,69.51589965820312
291.0,2025-12-25 19:04:39.393245,True,0.0,0,1,6.718781471252441,6.647891998291016,1.0,78.53070831298828,69.58426666259766
292.0,2025-12-25 19:04:55.021253,True,0.0,0,1,6.718781471252441,6.647891998291016,1.0,78.54548645019531,69.65241241455078
293.0,2025-12-25 19:05:10.181718,True,0.0,0,1,6.718781471252441,6.647891998291016,1.0,78.56023406982422,69.72034454345703
294.0,2025-12-25 19:05:25.279015,True,0.0,0,1,6.718781471252441,6.647891998291016,1.0,78.57494354248047,69.78805541992188
295.0,2025-12-25 19:05:40.560062,True,0.0,0,1,6.718781471252441,6.647891998291016,1.0,78.5896224975586,69.85554504394531
296.0,2025-12-25 19:05:55.642079,True,0.0,0,1,6.718781471252441,6.647891998291016,1.0,78.60426330566406,69.92281341552734
297.0,2025-12-25 19:06:11.112104,True,0.0,0,1,6.718781471252441,6.647891998291016,1.0,78.6188735961914,69.98986053466797
298.0,2025-12-25 19:06:26.408177,True,0.0,0,1,6.718781471252441,6.647891998291016,1.0,78.6334457397461,70.05667877197266
299.0,2025-12-25 19:06:42.448873,True,0.0,0,1,6.718781471252441,6.647891998291016,1.0,78.64797973632812,70.12326049804688
300.0,2025-12-25 19:06:57.820369,True,0.0,0,1,6.718781471252441,6.647891998291016,1.0,78.79198455810547,70.81908416748047
301.0,2025-12-25 19:07:12.982479,True,0.0,0,1,6.718781471252441,6.647891998291016,1.0,78.8083267211914,70.89498901367188
302.0,2025-12-25 19:07:28.491022,True,0.0,0,1,6.718781471252441,6.647891998291016,1.0,78.81295776367188,70.96359252929688
303.0,2025-12-25 19:07:44.513068,True,0.0,0,1,6.718781471252441,6.647891998291016,1.0,78.81758880615234,71.03192138671875
304.0,2025-12-25 19:08:00.467670,True,0.0,0,1,6.718781471252441,6.647891998291016,1.0,78.82221221923828,71.09996795654297
305.0,2025-12-25 19:08:16.247539,True,0.0,0,1,6.718781471252441,6.647891998291016,1.0,78.82682800292969,71.16773223876953
306.0,2025-12-25 19:08:31.786515,True,0.0,0,1,6.718781471252441,6.647891998291016,1.0,78.83142852783203,71.23522186279297
307.0,2025-12-25 19:08:47.064916,True,0.0,0,1,6.718781471252441,6.647891998291016,1.0,78.83602905273438,71.30242156982422
308.0,2025-12-25 19:09:02.116920,True,0.0,0,1,6.718781471252441,6.647891998291016,1.0,78.84061431884766,71.36934661865234
309.0,2025-12-25 19:09:17.232164,True,0.0,0,1,6.718781471252441,6.647891998291016,1.0,78.8451919555664,71.43597412109375
310.0,2025-12-25 19:09:32.321676,True,0.0,0,1,6.718781471252441,6.647891998291016,1.0,78.84976959228516,71.50232696533203
311.0,2025-12-25 19:09:47.622876,True,0.0,0,1,6.718781471252441,6.647891998291016,1.0,78.85433197021484,71.5683822631836
312.0,2025-12-25 19:10:02.331677,True,0.0,0,1,6.718781471252441,6.647891998291016,1.0,78.8111572265625,70.8719711303711
313.0,2025-12-25 19:10:17.476974,True,0.0,0,1,6.718781471252441,6.647891998291016,1.0,78.95468139648438,71.01280212402344
314.0,2025-12-25 19:10:32.963899,True,0.0,0,1,6.718781471252441,6.647891998291016,1.0,78.95833587646484,71.09254455566406
315.0,2025-12-25 19:10:48.256512,True,0.0,0,1,6.718781471252441,6.647891998291016,1.0,79.3897476196289,77.76708984375
316.0,2025-12-25 19:11:03.979548,True,0.0,0,1,6.718781471252441,6.647891998291016,1.0,79.3897476196289,77.76708984375
317.0,2025-12-25 19:11:19.221253,True,0.0,0,1,6.718781471252441,6.647891998291016,1.0,79.3897476196289,77.76708984375
318.0,2025-12-25 19:11:34.742660,True,0.0,0,1,6.718781471252441,6.647891998291016,1.0,79.3897476196289,77.76708984375
319.0,2025-12-25 19:11:50.282830,True,0.0,0,1,6.718781471252441,6.647891998291016,1.0,79.3897476196289,77.76708984375
320.0,2025-12-25 19:12:06.362794,True,0.0,0,1,6.718781471252441,6.647891998291016,1.0,79.3897476196289,77.76708984375
321.0,2025-12-25 19:12:22.241196,True,0.0,0,1,6.718781471252441,6.647891998291016,1.0,79.3897476196289,77.76708984375
322.0,2025-12-25 19:12:37.565785,True,0.0,0,1,6.718781471252441,6.647891998291016,1.0,79.3897476196289,77.76708984375
323.0,2025-12-25 19:12:52.453546,True,0.0,0,1,6.718781471252441,6.647891998291016,1.0,79.3897476196289,77.76708984375
324.0,2025-12-25 19:13:07.534242,True,0.0,0,1,6.718781471252441,6.647891998291016,1.0,79.5640640258789,78.96627807617188
325.0,2025-12-25 19:13:23.162369,True,0.0,0,1,6.718781471252441,6.647891998291016,1.0,79.5640640258789,78.96627807617188
326.0,2025-12-25 19:13:37.965683,True,0.0,0,1,6.718781471252441,6.647891998291016,1.0,79.5640640258789,78.96627807617188
327.0,2025-12-25 19:13:53.594209,True,0.0,0,1,6.718781471252441,6.647891998291016,1.0,79.5640640258789,78.96627807617188
328.0,2025-12-25 19:14:08.373729,True,0.0,0,1,6.718781471252441,6.647891998291016,1.0,79.5640640258789,78.96627807617188
329.0,2025-12-25 19:14:23.753058,True,0.0,0,1,6.718781471252441,6.647891998291016,1.0,79.5640640258789,78.96627807617188
330.0,2025-12-25 19:14:38.904925,True,0.0,0,1,6.718781471252441,6.647891998291016,1.0,79.5640640258789,78.96627807617188
331.0,2025-12-25 19:14:53.433404,True,0.0,0,1,6.718781471252441,6.647891998291016,1.0,79.5640640258789,78.96627807617188
332.0,2025-12-25 19:15:08.547617,True,0.0,0,1,6.718781471252441,6.647891998291016,1.0,79.5640640258789,78.96627807617188
333.0,2025-12-25 19:15:23.894552,True,0.0,0,1,6.718781471252441,6.647891998291016,1.0,79.5640640258789,78.96627807617188
334.0,2025-12-25 19:15:39.188702,True,0.0,0,1,6.718781471252441,6.647891998291016,1.0,79.5640640258789,78.96627807617188
335.0,2025-12-25 19:15:54.949191,True,0.0,0,1,6.718781471252441,6.647891998291016,1.0,79.5640640258789,78.96627807617188
336.0,2025-12-25 19:16:10.302619,True,0.0,0,1,6.718781471252441,6.647891998291016,1.0,79.49403381347656,78.5400390625
337.0,2025-12-25 19:16:25.553842,True,0.0,0,1,6.718781471252441,6.647891998291016,1.0,79.49403381347656,78.5400390625
338.0,2025-12-25 19:16:40.569832,True,0.0,0,1,6.718781471252441,6.647891998291016,1.0,79.49403381347656,78.5400390625
339.0,2025-12-25 19:16:55.138753,True,0.0,0,1,6.718781471252441,6.647891998291016,1.0,79.49403381347656,78.5400390625
340.0,2025-12-25 19:17:10.148499,True,0.0,0,1,6.718781471252441,6.647891998291016,1.0,79.49403381347656,78.5400390625
341.0,2025-12-25 19:17:24.746008,True,0.0,0,1,6.718781471252441,6.647891998291016,1.0,79.49403381347656,78.5400390625
342.0,2025-12-25 19:20:39.610146,True,0.0,0,1,6.718781471252441,6.647891998291016,1.0,79.49403381347656,78.5400390625
343.0,2025-12-25 19:20:54.258659,True,0.0,0,1,6.718781471252441,6.647891998291016,1.0,79.49403381347656,78.5400390625
344.0,2025-12-25 19:21:08.936750,True,0.0,0,1,6.718781471252441,6.647891998291016,1.0,79.49403381347656,78.5400390625
345.0,2025-12-25 19:21:24.287796,True,0.0,0,1,6.718781471252441,6.647891998291016,1.0,79.49403381347656,78.5400390625
346.0,2025-12-25 19:21:40.649409,True,0.0,0,1,6.718781471252441,6.647891998291016,1.0,79.49403381347656,78.5400390625
347.0,2025-12-25 19:21:56.324722,True,0.0,0,1,6.718781471252441,6.647891998291016,1.0,79.49403381347656,78.5400390625
348.0,2025-12-25 19:22:11.435814,True,0.0,0,1,6.718781471252441,6.647891998291016,1.0,79.48279571533203,78.4646224975586
349.0,2025-12-25 19:22:26.622667,True,0.0,0,1,6.718781471252441,6.647891998291016,1.0,79.48279571533203,78.4646224975586
350.0,2025-12-25 19:22:42.352967,True,0.0,0,1,6.718781471252441,6.647891998291016,1.0,79.48279571533203,78.4646224975586
351.0,2025-12-25 19:22:57.227919,True,0.0,0,1,6.718781471252441,6.647891998291016,1.0,79.48279571533203,78.4646224975586
352.0,2025-12-25 19:23:12.284840,True,0.0,0,1,6.718781471252441,6.647891998291016,1.0,79.48279571533203,78.4646224975586
353.0,2025-12-25 19:23:27.731367,True,0.0,0,1,6.718781471252441,6.647891998291016,1.0,79.48279571533203,78.4646224975586
354.0,2025-12-25 19:23:42.415379,True,0.0,0,1,6.718781471252441,6.647891998291016,1.0,79.48279571533203,78.4646224975586
355.0,2025-12-25 19:23:57.886664,True,0.0,0,1,6.718781471252441,6.647891998291016,1.0,79.48279571533203,78.4646224975586
356.0,2025-12-25 19:24:13.273373,True,0.0,0,1,6.718781471252441,6.647891998291016,1.0,79.48279571533203,78.4646224975586
357.0,2025-12-25 19:24:28.780329,True,0.0,0,1,6.718781471252441,6.647891998291016,1.0,79.48279571533203,78.4646224975586
358.0,2025-12-25 19:24:43.895252,True,0.0,0,1,6.718781471252441,6.647891998291016,1.0,79.48279571533203,78.4646224975586
359.0,2025-12-25 19:24:59.745144,True,0.0,0,1,6.718781471252441,6.647891998291016,1.0,79.48279571533203,78.4646224975586
360.0,2025-12-25 19:25:15.312353,True,0.0,0,1,6.718781471252441,6.647891998291016,1.0,79.2813720703125,76.795166015625
361.0,2025-12-25 19:25:30.639985,True,0.0,0,1,6.718781471252441,6.647891998291016,1.0,79.2813720703125,76.795166015625
362.0,2025-12-25 19:25:45.943726,True,0.0,0,1,6.718781471252441,6.647891998291016,1.0,79.2813720703125,76.795166015625
363.0,2025-12-25 19:26:01.309039,True,0.0,0,1,6.718781471252441,6.647891998291016,1.0,79.2813720703125,76.795166015625
364.0,2025-12-25 19:26:17.276994,True,0.0,0,1,6.718781471252441,6.647891998291016,1.0,79.2813720703125,76.795166015625
365.0,2025-12-25 19:26:32.413279,True,0.0,0,1,6.718781471252441,6.647891998291016,1.0,79.2813720703125,76.795166015625
366.0,2025-12-25 19:26:46.958568,True,0.0,0,1,6.718781471252441,6.647891998291016,1.0,79.2813720703125,76.795166015625
367.0,2025-12-25 19:27:01.582727,True,0.0,0,1,6.718781471252441,6.647891998291016,1.0,79.2813720703125,76.795166015625
368.0,2025-12-25 19:27:16.996774,True,0.0,0,1,6.718781471252441,6.647891998291016,1.0,79.2813720703125,76.795166015625
369.0,2025-12-25 19:27:32.044930,True,0.0,0,1,6.718781471252441,6.647891998291016,1.0,79.2813720703125,76.795166015625
370.0,2025-12-25 19:27:47.570300,True,0.0,0,1,6.718781471252441,6.647891998291016,1.0,79.2813720703125,76.795166015625
371.0,2025-12-25 19:28:03.114327,True,0.0,0,1,6.718781471252441,6.647891998291016,1.0,79.2813720703125,76.795166015625
372.0,2025-12-25 19:28:18.647149,True,0.0,0,1,6.718781471252441,6.647891998291016,1.0,79.11688995361328,75.00391387939453
373.0,2025-12-25 19:28:33.749892,True,0.0,0,1,6.718781471252441,6.647891998291016,1.0,79.11688995361328,75.00391387939453
374.0,2025-12-25 19:28:48.610861,True,0.0,0,1,6.718781471252441,6.647891998291016,1.0,79.11688995361328,75.00391387939453
375.0,2025-12-25 19:29:03.875530,True,0.0,0,1,6.718781471252441,6.647891998291016,1.0,79.11688995361328,75.00391387939453
376.0,2025-12-25 19:29:19.115643,True,0.0,0,1,6.718781471252441,6.647891998291016,1.0,79.11688995361328,75.00391387939453
377.0,2025-12-25 19:29:34.490736,True,0.0,0,1,6.718781471252441,6.647891998291016,1.0,79.11688995361328,75.00391387939453
378.0,2025-12-25 19:29:49.737533,True,0.0,0,1,6.718781471252441,6.647891998291016,1.0,79.11688995361328,75.00391387939453
379.0,2025-12-25 19:30:04.912214,True,0.0,0,1,6.718781471252441,6.647891998291016,1.0,79.11688995361328,75.00391387939453
380.0,2025-12-25 19:30:20.020860,True,0.0,0,1,6.718781471252441,6.647891998291016,1.0,79.11688995361328,75.00391387939453
381.0,2025-12-25 19:30:35.188529,True,0.0,0,1,6.718781471252441,6.647891998291016,1.0,79.11688995361328,75.00391387939453
382.0,2025-12-25 19:30:50.341663,True,0.0,0,1,6.718781471252441,6.647891998291016,1.0,79.11688995361328,75.00391387939453
383.0,2025-12-25 19:31:05.737101,True,0.0,0,1,6.718781471252441,6.647891998291016,1.0,79.11688995361328,75.00391387939453
384.0,2025-12-25 19:31:21.153308,True,0.0,0,1,6.718781471252441,6.647891998291016,1.0,79.35768127441406,77.4971694946289
385.0,2025-12-25 19:31:36.635397,True,0.0,0,1,6.718781471252441,6.647891998291016,1.0,79.35768127441406,77.4971694946289
386.0,2025-12-25 19:31:51.699603,True,0.0,0,1,6.718781471252441,6.647891998291016,1.0,79.35768127441406,77.4971694946289
387.0,2025-12-25 19:32:06.907763,True,0.0,0,1,6.718781471252441,6.647891998291016,1.0,79.35768127441406,77.4971694946289
388.0,2025-12-25 19:32:21.871600,True,0.0,0,1,6.718781471252441,6.647891998291016,1.0,79.35768127441406,77.4971694946289
389.0,2025-12-25 19:32:37.196326,True,0.0,0,1,6.718781471252441,6.647891998291016,1.0,79.35768127441406,77.4971694946289
390.0,2025-12-25 19:32:52.224725,True,0.0,0,1,6.718781471252441,6.647891998291016,1.0,79.35768127441406,77.4971694946289
391.0,2025-12-25 19:32:57.082804,False,0.0,0,0,10.668000221252441,10.668000221252441,1.0,79.35768127441406,77.4971694946289
392.0,2025-12-25 19:33:02.823864,False,0.0,0,0,10.668000221252441,10.668000221252441,0.0,61.3408088684082,61.34954071044922
393.0,2025-12-25 19:33:08.507307,False,0.0,0,0,10.567808151245117,10.575268745422363,0.0,61.24369430541992,61.25286102294922
394.0,2025-12-25 19:33:14.463298,False,0.0,0,0,10.4678373336792,10.482316970825195,0.0,61.1466064453125,61.15618896484375
395.0,2025-12-25 19:33:20.570005,False,0.0,0,0,10.368073463439941,10.38915729522705,0.0,61.04954147338867,61.05952453613281
396.0,2025-12-25 19:33:25.527582,False,0.0,0,0,10.268505096435547,10.29580307006836,0.0,61.00544357299805,61.015071868896484
397.0,2025-12-25 19:33:30.988993,False,0.0,0,0,10.173850059509277,10.206581115722656,0.0,60.912986755371094,60.92295837402344
398.0,2025-12-25 19:33:36.564956,False,0.0,0,0,10.079361915588379,10.117192268371582,0.0,60.820556640625,60.83085250854492
399.0,2025-12-25 19:33:41.826801,False,0.0,0,0,9.985029220581055,10.027647972106934,0.0,60.728145599365234,60.73875427246094
400.0,2025-12-25 19:33:46.443909,False,0.0,0,0,9.89084243774414,9.937957763671875,0.0,60.63576126098633,60.64665985107422
401.0,2025-12-25 19:33:50.921797,False,0.0,0,0,9.796792984008789,9.84813117980957,0.0,60.543399810791016,60.5545768737793
402.0,2025-12-25 19:33:56.326262,False,0.0,0,0,9.702872276306152,9.758174896240234,0.0,60.45105743408203,60.462501525878906
403.0,2025-12-25 19:34:01.774568,False,0.0,0,0,9.609071731567383,9.668098449707031,0.0,60.358734130859375,60.37042999267578
404.0,2025-12-25 19:34:07.432732,False,0.0,0,0,9.515384674072266,9.577909469604492,0.0,60.26643371582031,60.27836608886719
405.0,2025-12-25 19:34:12.213110,False,0.0,0,0,9.421802520751953,9.487613677978516,0.0,60.17414855957031,60.186309814453125
406.0,2025-12-25 19:34:17.368777,False,0.0,0,0,9.32832145690918,9.397217750549316,0.0,60.081886291503906,60.09425735473633
407.0,2025-12-25 19:34:22.479537,False,0.0,0,0,9.234932899475098,9.306729316711426,0.0,59.98963928222656,60.00221252441406
408.0,2025-12-25 19:34:28.164557,False,0.0,0,0,9.141633033752441,9.216153144836426,0.0,59.78663635253906,59.80088424682617
409.0,2025-12-25 19:34:33.170792,False,0.0,0,0,9.038605690002441,9.116753578186035,0.0,59.6850471496582,59.69953918457031
410.0,2025-12-25 19:34:38.299963,False,0.0,0,0,8.935680389404297,9.017252922058105,0.0,59.583473205566406,59.598201751708984
411.0,2025-12-25 19:34:43.365897,False,0.0,0,0,8.83285140991211,8.917656898498535,0.0,59.48191452026367,59.49687194824219
412.0,2025-12-25 19:34:49.212518,False,0.0,0,0,8.730111122131348,8.817971229553223,0.0,59.380374908447266,59.39554214477539
413.0,2025-12-25 19:34:54.770194,False,0.0,0,0,8.627456665039062,8.718199729919434,0.0,59.27885055541992,59.29422378540039
414.0,2025-12-25 19:35:00.424121,False,0.0,0,0,8.524882316589355,8.618348121643066,0.0,59.17734146118164,59.192909240722656
415.0,2025-12-25 19:35:05.723096,False,0.0,0,0,8.422384262084961,8.518420219421387,0.0,59.07584762573242,59.09159851074219
416.0,2025-12-25 19:35:10.579849,False,0.0,0,0,8.319957733154297,8.418421745300293,0.0,58.974369049072266,58.990291595458984
417.0,2025-12-25 19:35:16.430394,False,0.0,0,0,8.217597961425781,8.318354606628418,0.0,58.872901916503906,58.88898849487305
418.0,2025-12-25 19:35:21.850443,False,0.0,0,0,8.115302085876465,8.21822452545166,0.0,58.77145004272461,58.78769302368164
419.0,2025-12-25 19:35:27.740289,False,0.0,0,0,8.013066291809082,8.118034362792969,0.0,58.67000961303711,58.6864013671875
420.0,2025-12-25 19:35:32.594974,False,0.0,0,0,7.910887718200684,8.017786979675293,0.0,58.917396545410156,58.92983627319336
421.0,2025-12-25 19:35:37.403957,False,0.0,0,0,7.843890190124512,7.947816371917725,0.0,58.84931945800781,58.86149978637695
422.0,2025-12-25 19:35:42.781130,False,0.0,0,0,7.776780128479004,7.877958297729492,0.0,58.78120803833008,58.793148040771484
423.0,2025-12-25 19:35:47.799272,False,0.0,0,0,7.709566116333008,7.80820369720459,0.0,58.71306228637695,58.724788665771484
424.0,2025-12-25 19:35:53.234383,False,0.0,0,0,7.642255783081055,7.7385454177856445,0.0,58.64488983154297,58.65641784667969
425.0,2025-12-25 19:35:58.236684,False,0.0,0,0,7.574856281280518,7.668976306915283,0.0,58.57669448852539,58.588035583496094
426.0,2025-12-25 19:36:03.384175,False,0.0,0,0,7.5073747634887695,7.599489212036133,0.0,58.50847244262695,58.51964569091797
427.0,2025-12-25 19:36:08.215071,False,0.0,0,0,7.439816951751709,7.530078887939453,0.0,58.44023132324219,58.45124816894531
428.0,2025-12-25 19:36:13.670051,False,0.0,0,0,7.372188568115234,7.460738658905029,0.0,58.37196731567383,58.382843017578125
429.0,2025-12-25 19:36:19.265654,False,0.0,0,0,7.304495334625244,7.391463279724121,0.0,58.30368423461914,58.314430236816406
430.0,2025-12-25 19:36:24.675744,False,0.0,0,0,7.236741542816162,7.322248458862305,0.0,58.235389709472656,58.24601364135742
431.0,2025-12-25 19:36:30.905997,False,0.0,0,0,7.1689324378967285,7.253089427947998,0.0,58.167076110839844,58.177589416503906
432.0,2025-12-25 19:36:36.324695,False,0.0,0,0,7.101071834564209,7.183981418609619,0.0,57.52183532714844,57.53973388671875
433.0,2025-12-25 19:36:41.544058,False,0.0,0,0,6.980250358581543,7.068211555480957,0.0,57.40302658081055,57.421260833740234
434.0,2025-12-25 19:36:46.884689,False,0.0,0,0,6.859553337097168,6.95231819152832,0.0,57.284236907958984,57.30279541015625
435.0,2025-12-25 19:36:51.604633,False,0.0,0,0,6.738973617553711,6.836306571960449,0.0,57.165470123291016,57.1843376159668
436.0,2025-12-25 19:36:57.585084,False,0.0,0,0,6.618505954742432,6.720183372497559,0.0,57.04671859741211,57.065887451171875
437.0,2025-12-25 19:37:02.709685,False,0.0,0,0,6.498144626617432,6.603953838348389,0.0,56.9279899597168,56.94744110107422
438.0,2025-12-25 19:37:08.024559,False,0.0,0,0,6.377884387969971,6.487623691558838,0.0,56.80927658081055,56.829002380371094
439.0,2025-12-25 19:37:13.944963,False,0.0,0,0,6.257719993591309,6.37119722366333,0.0,56.69058609008789,56.710567474365234
440.0,2025-12-25 19:37:19.340873,False,0.0,0,0,6.1376471519470215,6.254679203033447,0.0,56.57190704345703,56.592140197753906
441.0,2025-12-25 19:37:24.601617,False,0.0,0,0,6.017660617828369,6.13807487487793,0.0,56.4532470703125,56.47372055053711
442.0,2025-12-25 19:37:29.866735,False,0.0,0,1,5.897757053375244,6.021387577056885,0.0,56.33460235595703,56.35530090332031
443.0,2025-12-25 19:37:34.738344,False,0.0,0,1,5.777931213378906,5.904622554779053,1.0,78.27224731445312,68.31333923339844
444.0,2025-12-25 19:37:39.806930,False,0.0,0,1,5.911613464355469,6.020147800445557,1.0,78.4707260131836,69.3450698852539
445.0,2025-12-25 19:37:45.303772,False,0.0,0,1,6.090458393096924,6.175375461578369,1.0,78.48651123046875,69.417236328125
446.0,2025-12-25 19:37:50.013295,False,0.0,0,1,6.268089294433594,6.330126762390137,1.0,78.50226593017578,69.48919677734375
447.0,2025-12-25 19:37:54.897132,False,0.0,0,1,6.444515705108643,6.484395503997803,1.0,78.51799011230469,69.56095886230469
448.0,2025-12-25 19:37:59.514253,False,0.0,0,1,6.619747638702393,6.638174533843994,1.0,78.53367614746094,69.63250732421875
449.0,2025-12-25 19:38:04.302228,False,0.0,0,1,6.793794631958008,6.7914581298828125,1.0,78.54933166503906,69.70384979248047
450.0,2025-12-25 19:38:10.148791,False,0.0,0,1,6.9666666984558105,6.944240570068359,1.0,78.56494903564453,69.77498626708984
451.0,2025-12-25 19:38:15.773063,False,0.0,0,0,7.138373374938965,7.09651517868042,1.0,78.58053588867188,69.84590148925781
452.0,2025-12-25 19:38:20.894010,False,0.0,0,0,7.308923244476318,7.248277187347412,0.0,58.27627182006836,58.27766418457031
453.0,2025-12-25 19:38:25.787767,False,0.0,0,0,7.238616943359375,7.188116550445557,0.0,58.21049118041992,58.21226119995117
454.0,2025-12-25 19:38:30.945746,False,0.0,0,0,7.16874361038208,7.127522945404053,0.0,58.14470291137695,58.146854400634766
455.0,2025-12-25 19:38:35.721732,False,0.0,0,0,7.099264144897461,7.066535472869873,0.0,58.078914642333984,58.08144760131836
456.0,2025-12-25 19:38:40.948985,False,0.0,0,0,7.030142784118652,7.005189895629883,0.0,58.044864654541016,58.047332763671875
457.0,2025-12-25 19:38:46.766803,False,0.0,0,0,6.965243339538574,6.947229385375977,0.0,57.98292922973633,57.985740661621094
458.0,2025-12-25 19:38:52.489803,False,0.0,0,0,6.9006500244140625,6.888963222503662,0.0,57.92101287841797,57.92415237426758
459.0,2025-12-25 19:38:58.174200,False,0.0,0,0,6.836334228515625,6.830419063568115,0.0,57.85911560058594,57.86256790161133
460.0,2025-12-25 19:39:03.766281,False,0.0,0,0,6.772271156311035,6.771622657775879,0.0,57.7972412109375,57.80099105834961
461.0,2025-12-25 19:39:09.740560,False,0.0,0,0,6.708437442779541,6.712596416473389,0.0,57.735389709472656,57.739418029785156
462.0,2025-12-25 19:39:14.808322,False,0.0,0,0,6.64481258392334,6.6533613204956055,0.0,57.67356491088867,57.6778564453125
463.0,2025-12-25 19:39:20.217805,False,0.0,0,0,6.581377983093262,6.593935966491699,0.0,57.611759185791016,57.61629867553711
464.0,2025-12-25 19:39:25.187334,False,0.0,0,0,6.5181169509887695,6.534337520599365,0.0,57.54998016357422,57.554752349853516
465.0,2025-12-25 19:39:30.928286,False,0.0,0,0,6.455013751983643,6.474580764770508,0.0,57.48822784423828,57.49320983886719
466.0,2025-12-25 19:39:36.414704,False,0.0,0,0,6.392055034637451,6.414680004119873,0.0,57.426490783691406,57.431678771972656
467.0,2025-12-25 19:39:41.880689,False,0.0,0,0,6.329227447509766,6.354648113250732,0.0,57.36478042602539,57.37015151977539
468.0,2025-12-25 19:39:47.139101,False,0.0,0,0,6.266519546508789,6.294496059417725,0.0,56.97346496582031,56.98355484008789
469.0,2025-12-25 19:39:52.910930,False,0.0,0,0,6.169156074523926,6.202765464782715,0.0,56.878379821777344,56.88882827758789
470.0,2025-12-25 19:39:57.871759,False,0.0,0,0,6.07196044921875,6.110866069793701,0.0,56.7833251953125,56.794105529785156
471.0,2025-12-25 19:40:02.517819,False,0.0,0,1,5.974923610687256,6.0188093185424805,0.0,56.688289642333984,56.69939422607422
472.0,2025-12-25 19:40:08.381333,False,0.0,0,1,5.878034591674805,5.9266037940979,1.0,78.36006927490234,68.76290130615234
473.0,2025-12-25 19:40:13.683989,False,0.0,0,1,6.030925273895264,6.061010360717773,1.0,78.37368774414062,68.82659149169922
474.0,2025-12-25 19:40:19.498156,False,0.0,0,1,6.182762145996094,6.195012092590332,1.0,78.38727569580078,68.89010620117188
475.0,2025-12-25 19:40:25.152926,False,0.0,0,1,6.333555698394775,6.328601837158203,1.0,78.40083312988281,68.95344543457031
476.0,2025-12-25 19:40:30.831483,False,0.0,0,1,6.483315944671631,6.461772918701172,1.0,78.41435241699219,69.0166015625
477.0,2025-12-25 19:40:36.386272,False,0.0,0,1,6.632052421569824,6.594520092010498,1.0,78.4278335571289,69.07957458496094
478.0,2025-12-25 19:40:42.211341,False,0.0,0,1,6.779775142669678,6.726836681365967,1.0,78.4412841796875,69.1423568725586
479.0,2025-12-25 19:40:46.818449,False,0.0,0,1,6.926493167877197,6.858717441558838,1.0,78.45470428466797,69.2049560546875
480.0,2025-12-25 19:40:52.120973,False,0.0,0,0,7.072216510772705,6.990156173706055,1.0,78.48786926269531,69.36958312988281
481.0,2025-12-25 19:40:57.112955,False,0.0,0,0,7.221947193145752,7.125344276428223,0.0,57.940677642822266,57.943546295166016
482.0,2025-12-25 19:41:01.805638,False,0.0,0,0,7.12650203704834,7.043004512786865,0.0,57.85103988647461,57.85442352294922
483.0,2025-12-25 19:41:07.312049,False,0.0,0,0,7.031485557556152,6.960236549377441,0.0,57.76139450073242,57.765296936035156
484.0,2025-12-25 19:41:12.014701,False,0.0,0,0,6.936867713928223,6.877069473266602,0.0,57.671756744384766,57.67616653442383
485.0,2025-12-25 19:41:16.864498,False,0.0,0,0,6.842620849609375,6.79353141784668,0.0,57.58212661743164,57.587039947509766
486.0,2025-12-25 19:41:22.199278,False,0.0,0,0,6.748720169067383,6.709647178649902,0.0,57.49251174926758,57.4979133605957
487.0,2025-12-25 19:41:27.384283,False,0.0,0,0,6.655141830444336,6.625441074371338,0.0,57.40291213989258,57.408790588378906
488.0,2025-12-25 19:41:32.320763,False,0.0,0,0,6.561864376068115,6.540933609008789,0.0,57.313331604003906,57.31967544555664
489.0,2025-12-25 19:41:37.715201,False,0.0,0,0,6.468867778778076,6.456145286560059,0.0,57.22377395629883,57.230560302734375
490.0,2025-12-25 19:41:43.106348,False,0.0,0,0,6.376132965087891,6.371095657348633,0.0,57.134239196777344,57.141456604003906
491.0,2025-12-25 19:41:48.112043,False,0.0,0,0,6.283642768859863,6.285800457000732,0.0,57.04472732543945,57.0523567199707
492.0,2025-12-25 19:41:53.113489,False,0.0,0,0,6.191381454467773,6.200277328491211,0.0,56.67772674560547,56.68964385986328
493.0,2025-12-25 19:41:58.477473,False,0.0,0,0,6.075906276702881,6.092952251434326,0.0,56.56559753417969,56.5780029296875
494.0,2025-12-25 19:42:02.918339,False,0.0,0,1,5.960644721984863,5.985414505004883,0.0,56.45349884033203,56.466365814208984
495.0,2025-12-25 19:42:08.144485,False,0.0,0,1,5.845583915710449,5.8776750564575195,1.0,78.29790496826172,68.43000793457031
496.0,2025-12-25 19:42:13.034610,False,0.0,0,1,5.983634948730469,5.999874114990234,1.0,78.31027221679688,68.4885482788086
497.0,2025-12-25 19:42:18.426611,False,0.0,0,1,6.120723724365234,6.121710777282715,1.0,78.3226089477539,68.54693603515625
498.0,2025-12-25 19:42:23.544664,False,0.0,0,1,6.256860733032227,6.24317741394043,1.0,78.33490753173828,68.60515594482422
499.0,2025-12-25 19:42:28.253654,False,0.0,0,1,6.392056941986084,6.3642683029174805,1.0,78.34717559814453,68.6632080078125
