iteration,timestamp,P79,T41,T42,P1,J2,J13,J21,V1F
0.0,2024-12-23 14:10:12.470195,1.0,3.0510001182556152,3.0510001182556152,1.0,0.0,0.0,0.0,0.0
1.0,2024-12-23 14:10:19.518687,1.0,4.683529376983643,3.2962145805358887,1.0,57.42097854614258,77.10723114013672,54.37644577026367,1588.9935302734375
2.0,2024-12-23 14:10:26.686102,1.0,6.243758201599121,3.552588939666748,1.0,58.806068420410156,77.15470123291016,56.00652313232422,1533.7672119140625
3.0,2024-12-23 14:10:33.801408,1.0,7.732635021209717,3.8180088996887207,1.0,60.131492614746094,77.20191955566406,57.564430236816406,1476.5428466796875
4.0,2024-12-23 14:10:41.052354,1.0,7.870114803314209,4.069386959075928,0.0,59.059085845947266,77.17391204833984,59.02794647216797,202.97898864746094
5.0,2024-12-23 14:10:48.060056,1.0,8.00792121887207,4.318483829498291,0.0,59.19670486450195,77.1837158203125,59.165428161621094,202.19635009765625
6.0,2024-12-23 14:10:54.983205,1.0,8.146038055419922,4.5653157234191895,0.0,59.33464431762695,77.19351959228516,59.3032341003418,201.4091796875
7.0,2024-12-23 14:11:02.284382,1.0,8.284449577331543,4.809898853302002,0.0,59.47288513183594,77.20331573486328,59.44135284423828,200.61752319335938
8.0,2024-12-23 14:11:09.861601,1.0,8.423139572143555,5.052249908447266,0.0,59.61141586303711,77.21311950683594,59.57976531982422,199.82144165039062
9.0,2024-12-23 14:11:16.687022,1.0,8.562091827392578,5.292384624481201,0.0,59.75021743774414,77.22291564941406,59.71845626831055,199.02098083496094
10.0,2024-12-23 14:11:23.460020,1.0,8.701290130615234,5.5303192138671875,0.0,59.88927459716797,77.23271179199219,59.8574104309082,198.2161865234375
11.0,2024-12-23 14:11:30.780183,1.0,8.840719223022461,5.76607084274292,0.0,60.02857208251953,77.24250793457031,59.99660873413086,197.40711975097656
12.0,2024-12-23 14:11:37.848240,1.0,8.980360984802246,5.999655723571777,0.0,60.168094635009766,77.25230407714844,60.13603973388672,196.59384155273438
13.0,2024-12-23 14:11:45.168096,1.0,9.122846603393555,6.234869480133057,0.0,60.30896759033203,77.27095794677734,60.27569580078125,196.52024841308594
14.0,2024-12-23 14:11:52.405326,1.0,9.265510559082031,6.467918872833252,0.0,60.45153045654297,77.28091430664062,60.418182373046875,195.68321228027344
15.0,2024-12-23 14:11:59.577071,1.0,9.40833568572998,6.698822021484375,0.0,60.59426498413086,77.2908706665039,60.56084442138672,194.842041015625
16.0,2024-12-23 14:12:06.587991,1.0,9.551305770874023,6.927594184875488,0.0,60.737152099609375,77.30082702636719,60.703670501708984,193.99679565429688
17.0,2024-12-23 14:12:13.516173,1.0,9.694404602050781,7.154253005981445,0.0,60.88018035888672,77.31078338623047,60.846641540527344,193.14752197265625
18.0,2024-12-23 14:12:20.426114,1.0,9.837615966796875,7.378815650939941,0.0,61.0233268737793,77.32073211669922,60.989742279052734,192.29428100585938
19.0,2024-12-23 14:12:27.710278,1.0,9.980923652648926,7.6012983322143555,0.0,61.16658020019531,77.33068084716797,61.13295364379883,191.4371337890625
20.0,2024-12-23 14:12:34.874500,1.0,10.124311447143555,7.821718692779541,0.0,61.3099250793457,77.34062194824219,61.27626037597656,190.5761260986328
21.0,2024-12-23 14:12:41.983274,1.0,10.26776123046875,8.040093421936035,0.0,61.453338623046875,77.3505630493164,61.419647216796875,189.71133422851562
22.0,2024-12-23 14:12:48.942287,0.0,10.163951873779297,8.1273832321167,0.0,61.5440673828125,60.61391830444336,61.56257629394531,-42.66838836669922
23.0,2024-12-23 14:12:55.912123,0.0,10.064698219299316,8.21011734008789,0.0,61.441749572753906,60.58745193481445,61.45878219604492,-40.81565475463867
24.0,2024-12-23 14:13:03.139251,0.0,9.969968795776367,8.288326263427734,0.0,61.34391784667969,60.5620231628418,61.35954284667969,-38.97510528564453
25.0,2024-12-23 14:13:10.337649,0.0,9.878016471862793,8.359942436218262,0.0,61.25003433227539,60.51942443847656,61.26482009887695,-37.947471618652344
26.0,2024-12-23 14:13:17.374047,0.0,9.790515899658203,8.427105903625488,0.0,61.159393310546875,60.4950065612793,61.172882080078125,-36.135860443115234
27.0,2024-12-23 14:13:24.290782,0.0,9.707432746887207,8.489850997924805,0.0,61.07313919067383,60.47160339355469,61.085391998291016,-34.337852478027344
28.0,2024-12-23 14:13:31.736342,0.0,9.628732681274414,8.54821491241455,0.0,60.99123764038086,60.44921112060547,61.002323150634766,-32.553951263427734
29.0,2024-12-23 14:13:38.709048,0.0,9.554378509521484,8.602231979370117,0.0,60.913658142089844,60.427818298339844,60.92363357543945,-30.784685134887695
30.0,2024-12-23 14:13:45.568361,0.0,9.484333038330078,8.651941299438477,0.0,60.84035873413086,60.40742492675781,60.84928894042969,-29.030656814575195
31.0,2024-12-23 14:13:52.636073,0.0,9.418554306030273,8.697382926940918,0.0,60.77130126953125,60.38801574707031,60.77925491333008,-27.292490005493164
32.0,2024-12-23 14:13:59.318406,0.0,9.357001304626465,8.738598823547363,0.0,60.706451416015625,60.36958312988281,60.71348190307617,-25.570863723754883
33.0,2024-12-23 14:14:06.701051,0.0,9.299630165100098,8.775632858276367,0.0,60.64576721191406,60.35212326049805,60.651939392089844,-23.866531372070312
34.0,2024-12-23 14:14:13.640146,0.0,9.246395111083984,8.808530807495117,0.0,60.589202880859375,60.33562088012695,60.59457778930664,-22.180282592773438
35.0,2024-12-23 14:14:21.200750,0.0,9.197246551513672,8.837343215942383,0.0,60.536712646484375,60.320072174072266,60.54134750366211,-20.512985229492188
36.0,2024-12-23 14:14:28.035385,0.0,9.152132034301758,8.862120628356934,0.0,60.488250732421875,60.30546951293945,60.49220657348633,-18.865558624267578
37.0,2024-12-23 14:14:35.040042,0.0,9.113978385925293,8.886680603027344,0.0,60.4442024230957,60.30632400512695,60.44710159301758,-15.87266731262207
38.0,2024-12-23 14:14:42.249899,0.0,9.079784393310547,8.907281875610352,0.0,60.40658950805664,60.2953987121582,60.40895462036133,-14.258011817932129
39.0,2024-12-23 14:14:49.296319,0.0,9.049489974975586,8.923983573913574,0.0,60.37287521362305,60.285396575927734,60.3747673034668,-12.665971755981445
40.0,2024-12-23 14:14:56.601760,0.0,9.023032188415527,8.936847686767578,0.0,60.34300231933594,60.27630615234375,60.34447479248047,-11.097290992736816
41.0,2024-12-23 14:15:03.757070,0.0,9.000344276428223,8.945942878723145,0.0,60.31691360473633,60.268131256103516,60.31801986694336,-9.551895141601562
42.0,2024-12-23 14:15:10.999590,0.0,8.981356620788574,8.951337814331055,0.0,60.29454040527344,60.26087188720703,60.29533767700195,-8.02733039855957
43.0,2024-12-23 14:15:17.970150,0.0,8.966004371643066,8.953097343444824,0.0,60.275814056396484,60.25457763671875,60.27635192871094,-6.513014793395996
44.0,2024-12-23 14:15:24.902934,0.0,8.954266548156738,8.951242446899414,0.0,60.26067352294922,60.24941635131836,60.26100158691406,-4.9573187828063965
45.0,2024-12-23 14:15:32.200055,0.0,8.946174621582031,8.945741653442383,0.0,60.24909973144531,60.245304107666016,60.249263763427734,-3.2686803340911865
46.0,2024-12-23 14:15:39.096273,0.0,8.939587593078613,8.938735961914062,0.0,60.24106216430664,60.238582611083984,60.241172790527344,-2.8335278034210205
47.0,2024-12-23 14:15:45.843721,0.0,8.932671546936035,8.932058334350586,0.0,60.23446273803711,60.23179626464844,60.23458480834961,-2.901203155517578
48.0,2024-12-23 14:15:52.925050,0.0,8.925931930541992,8.92520523071289,0.0,60.22755432128906,60.22499465942383,60.22766876220703,-2.8624255657196045
49.0,2024-12-23 14:16:00.045258,0.0,8.914352416992188,8.912124633789062,0.0,60.220611572265625,60.21338653564453,60.22092819213867,-5.085751056671143
50.0,2024-12-23 14:16:06.976760,0.0,8.901951789855957,8.899866104125977,0.0,60.208988189697266,60.20110321044922,60.2093505859375,-5.2307844161987305
51.0,2024-12-23 14:16:13.794317,0.0,8.88961410522461,8.887543678283691,0.0,60.196590423583984,60.18877029418945,60.19694900512695,-5.216917991638184
52.0,2024-12-23 14:16:20.495616,0.0,8.877284049987793,8.875214576721191,0.0,60.18425369262695,60.17643737792969,60.18461227416992,-5.215440273284912
53.0,2024-12-23 14:16:27.513247,0.0,8.864953994750977,8.862885475158691,0.0,60.17192077636719,60.16410827636719,60.172279357910156,-5.215298175811768
54.0,2024-12-23 14:16:34.483377,0.0,8.85262393951416,8.850555419921875,0.0,60.15959167480469,60.15177917480469,60.159950256347656,-5.21528959274292
55.0,2024-12-23 14:16:41.483051,0.0,8.840293884277344,8.838225364685059,0.0,60.14726257324219,60.13945007324219,60.147621154785156,-5.215286731719971
56.0,2024-12-23 14:16:48.524700,0.0,8.827963829040527,8.825895309448242,0.0,60.13493347167969,60.12712097167969,60.135292053222656,-5.21528959274292
57.0,2024-12-23 14:16:55.423633,0.0,8.815634727478027,8.813565254211426,0.0,60.12260437011719,60.11478805541992,60.12295913696289,-5.21528959274292
58.0,2024-12-23 14:17:02.564172,0.0,8.803304672241211,8.801236152648926,0.0,60.11027145385742,60.10245895385742,60.11063003540039,-5.215286731719971
59.0,2024-12-23 14:17:09.509160,0.0,8.790974617004395,8.78890609741211,0.0,60.09794235229492,60.09012985229492,60.09830093383789,-5.215286731719971
60.0,2024-12-23 14:17:16.217581,0.0,8.778644561767578,8.776576042175293,0.0,60.08561325073242,60.07780075073242,60.08597183227539,-5.21528959274292
61.0,2024-12-23 14:17:23.203677,0.0,8.760316848754883,8.7562894821167,0.0,60.07289123535156,60.05614471435547,60.073638916015625,-7.990726470947266
62.0,2024-12-23 14:17:30.517069,0.0,8.741240501403809,8.736751556396484,0.0,60.05450439453125,60.03689956665039,60.0553092956543,-8.119575500488281
63.0,2024-12-23 14:17:37.602419,0.0,8.722014427185059,8.717363357543945,0.0,60.03541564941406,60.01760482788086,60.036231994628906,-8.15023136138916
64.0,2024-12-23 14:17:44.689042,0.0,8.702736854553223,8.698025703430176,0.0,60.01618576049805,59.9983024597168,60.017005920410156,-8.161029815673828
65.0,2024-12-23 14:17:51.741853,0.0,8.683441162109375,8.678707122802734,0.0,59.996910095214844,59.97899627685547,59.99773025512695,-8.165034294128418
66.0,2024-12-23 14:17:58.793280,0.0,8.664137840270996,8.659395217895508,0.0,59.97761154174805,59.95969009399414,59.978431701660156,-8.16653823852539
67.0,2024-12-23 14:18:06.137246,0.0,8.644831657409668,8.640087127685547,0.0,59.958309173583984,59.94038391113281,59.959129333496094,-8.167108535766602
68.0,2024-12-23 14:18:12.934625,0.0,8.62552547454834,8.620779037475586,0.0,59.939002990722656,59.921077728271484,59.939823150634766,-8.167328834533691
69.0,2024-12-23 14:18:20.175188,0.0,8.606218338012695,8.601470947265625,0.0,59.91969680786133,59.90176773071289,59.92051696777344,-8.167412757873535
70.0,2024-12-23 14:18:27.128249,0.0,8.58691120147705,8.58216381072998,0.0,59.900390625,59.88246154785156,59.90121078491211,-8.167441368103027
71.0,2024-12-23 14:18:34.211034,0.0,8.567604064941406,8.562856674194336,0.0,59.881080627441406,59.863155364990234,59.88190460205078,-8.16745376586914
72.0,2024-12-23 14:18:40.986740,0.0,8.548296928405762,8.543549537658691,0.0,59.86177444458008,59.84384536743164,59.86259460449219,-8.167462348937988
73.0,2024-12-23 14:18:48.254034,0.0,8.528142929077148,8.52311897277832,0.0,59.84239959716797,59.82294845581055,59.84328842163086,-8.554878234863281
74.0,2024-12-23 14:18:55.058055,0.0,8.507905006408691,8.502772331237793,0.0,59.82223892211914,59.80266189575195,59.82313537597656,-8.572549819946289
75.0,2024-12-23 14:19:02.169303,0.0,8.487634658813477,8.48245906829834,0.0,59.801998138427734,59.782371520996094,59.802894592285156,-8.579450607299805
76.0,2024-12-23 14:19:09.004330,0.0,8.467351913452148,8.462158203125,0.0,59.7817268371582,59.762081146240234,59.78262710571289,-8.5822114944458
77.0,2024-12-23 14:19:15.958280,0.0,8.447063446044922,8.441863059997559,0.0,59.761444091796875,59.741790771484375,59.76234436035156,-8.583324432373047
78.0,2024-12-23 14:19:23.266753,0.0,8.426773071289062,8.421568870544434,0.0,59.741153717041016,59.721500396728516,59.7420539855957,-8.583776473999023
79.0,2024-12-23 14:19:30.352741,0.0,8.406481742858887,8.401276588439941,0.0,59.720863342285156,59.70120620727539,59.721763610839844,-8.583964347839355
80.0,2024-12-23 14:19:37.509363,0.0,8.386189460754395,8.38098430633545,0.0,59.7005729675293,59.68091583251953,59.701473236083984,-8.584033966064453
81.0,2024-12-23 14:19:44.199019,0.0,8.365898132324219,8.360692024230957,0.0,59.68027877807617,59.660621643066406,59.68117904663086,-8.584063529968262
82.0,2024-12-23 14:19:51.124989,0.0,8.345605850219727,8.340400695800781,0.0,59.65998840332031,59.64033126831055,59.660888671875,-8.584074974060059
83.0,2024-12-23 14:19:58.067161,0.0,8.325313568115234,8.320108413696289,0.0,59.63969802856445,59.62003707885742,59.64059829711914,-8.584080696105957
84.0,2024-12-23 14:20:04.876335,0.0,8.305022239685059,8.299816131591797,0.0,59.61940383911133,59.59974670410156,59.620304107666016,-8.584083557128906
85.0,2024-12-23 14:20:12.015385,0.0,8.276954650878906,8.26921558380127,0.0,59.59836196899414,59.56171798706055,59.600006103515625,-12.174385070800781
86.0,2024-12-23 14:20:19.113941,0.0,8.248208999633789,8.23929214477539,0.0,59.570220947265625,59.532466888427734,59.571937561035156,-12.291094779968262
87.0,2024-12-23 14:20:26.117071,0.0,8.219183921813965,8.209648132324219,0.0,59.54144287109375,59.50316619873047,59.543190002441406,-12.345708847045898
88.0,2024-12-23 14:20:32.916311,0.0,8.190018653869629,8.180145263671875,0.0,59.51240158081055,59.47385025024414,59.51416778564453,-12.374479293823242
89.0,2024-12-23 14:20:40.131294,0.0,8.160778045654297,8.150716781616211,0.0,59.48323059082031,59.444522857666016,59.48500061035156,-12.3902006149292
90.0,2024-12-23 14:20:47.279129,0.0,8.13149642944336,8.121330261230469,0.0,59.453983306884766,59.415191650390625,59.45576095581055,-12.398932456970215
91.0,2024-12-23 14:20:54.496533,0.0,8.102190971374512,8.09196662902832,0.0,59.42469787597656,59.385860443115234,59.42647933959961,-12.403829574584961
92.0,2024-12-23 14:21:01.194016,0.0,8.07287311553955,8.062615394592285,0.0,59.39539337158203,59.356529235839844,59.39717483520508,-12.40658187866211
93.0,2024-12-23 14:21:08.067463,0.0,8.043548583984375,8.033271789550781,0.0,59.36607360839844,59.32719421386719,59.367855072021484,-12.408137321472168
94.0,2024-12-23 14:21:15.054046,0.0,8.014219284057617,8.003931999206543,0.0,59.33675003051758,59.29785919189453,59.338531494140625,-12.409018516540527
95.0,2024-12-23 14:21:21.986179,0.0,7.984888076782227,7.974594593048096,0.0,59.30741882324219,59.26852798461914,59.309200286865234,-12.409513473510742
96.0,2024-12-23 14:21:29.138805,0.0,7.955555438995361,7.945258140563965,0.0,59.2780876159668,59.239192962646484,59.279869079589844,-12.409797668457031
97.0,2024-12-23 14:21:36.246285,0.0,7.925944805145264,7.915554523468018,0.0,59.24872589111328,59.20912551879883,59.25053787231445,-12.536876678466797
98.0,2024-12-23 14:21:42.877552,0.0,7.896313667297363,7.885870933532715,0.0,59.219112396240234,59.17947006225586,59.22092819213867,-12.541172981262207
99.0,2024-12-23 14:21:49.976075,0.0,7.866671562194824,7.856198310852051,0.0,59.18947982788086,59.14981460571289,59.1912956237793,-12.543603897094727
100.0,2024-12-23 14:21:56.881544,0.0,7.83702278137207,7.826532363891602,0.0,59.15983581542969,59.120155334472656,59.161651611328125,-12.544988632202148
101.0,2024-12-23 14:22:04.266370,0.0,9.062414169311523,7.880599498748779,1.0,60.93965148925781,59.95505905151367,59.14992141723633,1202.3092041015625
102.0,2024-12-23 14:22:18.315124,0.0,10.668000221252441,7.996430397033691,1.0,63.00154113769531,61.16748046875,61.532352447509766,1108.4976806640625
103.0,2024-12-23 14:22:25.823114,0.0,10.668000221252441,8.15713119506836,1.0,77.59980773925781,69.78411102294922,77.59980773925781,171.51803588867188
104.0,2024-12-23 14:22:32.566510,0.0,10.668000221252441,8.425090789794922,1.0,77.606689453125,69.85286712646484,77.606689453125,170.79556274414062
105.0,2024-12-23 14:22:40.034939,0.0,10.668000221252441,8.690752029418945,1.0,77.61821746826172,69.96758270263672,77.61821746826172,169.58486938476562
106.0,2024-12-23 14:22:46.898893,0.0,10.668000221252441,8.954120635986328,1.0,77.62971496582031,70.08140563964844,77.62971496582031,168.3770294189453
107.0,2024-12-23 14:22:53.564302,0.0,10.668000221252441,9.215201377868652,1.0,77.64118194580078,70.19432067871094,77.64118194580078,167.1720428466797
108.0,2024-12-23 14:23:00.724304,0.0,10.668000221252441,9.474000930786133,1.0,77.65262603759766,70.30634307861328,77.65262603759766,165.9698944091797
109.0,2024-12-23 14:23:07.911856,0.0,10.668000221252441,9.738944053649902,1.0,77.69647979736328,70.63897705078125,77.69647979736328,161.76902770996094
110.0,2024-12-23 14:23:15.263630,0.0,10.668000221252441,10.001544952392578,1.0,77.7082290649414,70.7514419555664,77.7082290649414,160.53433227539062
111.0,2024-12-23 14:23:22.162503,0.0,10.668000221252441,10.26180648803711,1.0,77.71995544433594,70.86299896240234,77.71995544433594,159.3023681640625
112.0,2024-12-23 14:23:36.927600,0.0,10.668000221252441,10.668000221252441,1.0,77.74333190917969,71.08336639404297,77.74333190917969,156.8468475341797
113.0,2024-12-23 14:23:44.277075,0.0,10.668000221252441,10.668000221252441,1.0,79.02519226074219,78.88094329833984,79.02519226074219,22.61281967163086
114.0,2024-12-23 14:23:51.574460,0.0,10.668000221252441,10.668000221252441,1.0,79.02519226074219,78.88094329833984,79.02519226074219,22.612831115722656
115.0,2024-12-23 14:23:58.852262,0.0,10.668000221252441,10.668000221252441,1.0,79.02519226074219,78.88094329833984,79.02519226074219,22.61285400390625
116.0,2024-12-23 14:24:06.056449,0.0,10.668000221252441,10.668000221252441,1.0,79.02519226074219,78.88094329833984,79.02519226074219,22.612831115722656
117.0,2024-12-23 14:24:13.352158,0.0,10.668000221252441,10.668000221252441,1.0,79.02519226074219,78.88094329833984,79.02519226074219,22.612842559814453
118.0,2024-12-23 14:24:20.762889,0.0,10.668000221252441,10.668000221252441,1.0,79.02519226074219,78.88094329833984,79.02519226074219,22.61284828186035
119.0,2024-12-23 14:24:28.143079,0.0,10.668000221252441,10.668000221252441,1.0,79.02519226074219,78.88094329833984,79.02519226074219,22.612831115722656
120.0,2024-12-23 14:24:35.614262,0.0,10.668000221252441,10.668000221252441,1.0,79.02519226074219,78.88094329833984,79.02519226074219,22.612842559814453
121.0,2024-12-23 14:24:42.459785,0.0,10.668000221252441,10.668000221252441,1.0,79.06986999511719,78.97456359863281,79.06986999511719,18.077857971191406
122.0,2024-12-23 14:24:49.704384,0.0,10.668000221252441,10.668000221252441,1.0,79.06986999511719,78.97456359863281,79.06986999511719,18.077863693237305
123.0,2024-12-23 14:24:57.179192,0.0,10.668000221252441,10.668000221252441,1.0,79.06986999511719,78.97456359863281,79.06986999511719,18.077863693237305
124.0,2024-12-23 14:25:03.995377,0.0,10.668000221252441,10.668000221252441,1.0,79.06986999511719,78.97456359863281,79.06986999511719,18.07784652709961
125.0,2024-12-23 14:25:11.096221,0.0,10.668000221252441,10.668000221252441,1.0,79.06986999511719,78.97456359863281,79.06986999511719,18.077852249145508
126.0,2024-12-23 14:25:18.274280,0.0,10.668000221252441,10.668000221252441,1.0,79.06986999511719,78.97456359863281,79.06986999511719,18.07784652709961
127.0,2024-12-23 14:25:25.336258,0.0,10.668000221252441,10.668000221252441,1.0,79.06986999511719,78.97456359863281,79.06986999511719,18.07784652709961
128.0,2024-12-23 14:25:32.464852,0.0,10.668000221252441,10.668000221252441,1.0,79.06986999511719,78.97456359863281,79.06986999511719,18.07784652709961
129.0,2024-12-23 14:25:39.302889,0.0,10.668000221252441,10.668000221252441,1.0,79.06986999511719,78.97456359863281,79.06986999511719,18.07784652709961
130.0,2024-12-23 14:25:46.347205,0.0,10.668000221252441,10.668000221252441,1.0,79.06986999511719,78.97456359863281,79.06986999511719,18.07784652709961
131.0,2024-12-23 14:25:53.235297,0.0,10.668000221252441,10.668000221252441,1.0,79.06986999511719,78.97456359863281,79.06986999511719,18.07784652709961
132.0,2024-12-23 14:26:00.399341,0.0,10.668000221252441,10.668000221252441,1.0,79.06986999511719,78.97456359863281,79.06986999511719,18.07784652709961
133.0,2024-12-23 14:26:07.501212,0.0,10.668000221252441,10.668000221252441,1.0,79.04825592041016,78.93042755126953,79.04825592041016,20.272117614746094
134.0,2024-12-23 14:26:14.435406,0.0,10.668000221252441,10.668000221252441,1.0,79.04825592041016,78.93042755126953,79.04825592041016,20.272117614746094
135.0,2024-12-23 14:26:21.315541,0.0,10.668000221252441,10.668000221252441,1.0,79.04825592041016,78.93042755126953,79.04825592041016,20.272117614746094
136.0,2024-12-23 14:26:28.183784,0.0,10.668000221252441,10.668000221252441,1.0,79.04825592041016,78.93042755126953,79.04825592041016,20.27212905883789
137.0,2024-12-23 14:26:35.346021,0.0,10.668000221252441,10.668000221252441,1.0,79.04825592041016,78.93042755126953,79.04825592041016,20.272117614746094
138.0,2024-12-23 14:26:42.333118,0.0,10.668000221252441,10.668000221252441,1.0,79.04825592041016,78.93042755126953,79.04825592041016,20.27213478088379
139.0,2024-12-23 14:26:49.296127,0.0,10.668000221252441,10.668000221252441,1.0,79.04825592041016,78.93042755126953,79.04825592041016,20.272123336791992
140.0,2024-12-23 14:26:56.110163,0.0,10.668000221252441,10.668000221252441,1.0,79.04825592041016,78.93042755126953,79.04825592041016,20.27212905883789
141.0,2024-12-23 14:27:03.171113,0.0,10.668000221252441,10.668000221252441,1.0,79.04825592041016,78.93042755126953,79.04825592041016,20.272117614746094
142.0,2024-12-23 14:27:10.659361,0.0,10.668000221252441,10.668000221252441,1.0,79.04825592041016,78.93042755126953,79.04825592041016,20.27212905883789
143.0,2024-12-23 14:27:17.849048,0.0,10.668000221252441,10.668000221252441,1.0,79.04825592041016,78.93042755126953,79.04825592041016,20.272117614746094
144.0,2024-12-23 14:27:24.939309,0.0,10.668000221252441,10.668000221252441,1.0,79.04825592041016,78.93042755126953,79.04825592041016,20.27212905883789
145.0,2024-12-23 14:27:32.006312,0.0,10.668000221252441,10.668000221252441,1.0,79.07161712646484,78.97802734375,79.07161712646484,17.900867462158203
146.0,2024-12-23 14:27:38.975348,0.0,10.668000221252441,10.668000221252441,1.0,79.07161712646484,78.97802734375,79.07161712646484,17.900867462158203
147.0,2024-12-23 14:27:45.872101,0.0,10.668000221252441,10.668000221252441,1.0,79.07161712646484,78.97802734375,79.07161712646484,17.9008846282959
148.0,2024-12-23 14:27:53.089197,0.0,10.668000221252441,10.668000221252441,1.0,79.07161712646484,78.97802734375,79.07161712646484,17.900890350341797
149.0,2024-12-23 14:27:59.838851,0.0,10.668000221252441,10.668000221252441,1.0,79.07161712646484,78.97802734375,79.07161712646484,17.90087890625
150.0,2024-12-23 14:28:06.940343,0.0,10.668000221252441,10.668000221252441,1.0,79.07161712646484,78.97802734375,79.07161712646484,17.9008846282959
151.0,2024-12-23 14:28:14.116585,0.0,10.668000221252441,10.668000221252441,1.0,79.07161712646484,78.97802734375,79.07161712646484,17.9008846282959
152.0,2024-12-23 14:28:21.347039,0.0,10.668000221252441,10.668000221252441,1.0,79.07161712646484,78.97802734375,79.07161712646484,17.90087890625
153.0,2024-12-23 14:28:28.477192,0.0,10.668000221252441,10.668000221252441,1.0,79.07161712646484,78.97802734375,79.07161712646484,17.90087890625
154.0,2024-12-23 14:28:35.533408,0.0,10.668000221252441,10.668000221252441,1.0,79.07161712646484,78.97802734375,79.07161712646484,17.9008846282959
155.0,2024-12-23 14:28:42.671976,0.0,10.668000221252441,10.668000221252441,1.0,79.07161712646484,78.97802734375,79.07161712646484,17.9008846282959
156.0,2024-12-23 14:28:49.786406,0.0,10.668000221252441,10.668000221252441,1.0,79.07161712646484,78.97802734375,79.07161712646484,17.9008846282959
157.0,2024-12-23 14:28:56.990109,0.0,10.668000221252441,10.668000221252441,1.0,79.08759307861328,79.00910186767578,79.08759307861328,16.279109954833984
158.0,2024-12-23 14:29:04.209023,0.0,10.668000221252441,10.668000221252441,1.0,79.08759307861328,79.00910186767578,79.08759307861328,16.279098510742188
159.0,2024-12-23 14:29:11.305020,0.0,10.668000221252441,10.668000221252441,1.0,79.08759307861328,79.00910186767578,79.08759307861328,16.279098510742188
160.0,2024-12-23 14:29:18.626320,0.0,10.668000221252441,10.668000221252441,1.0,79.08759307861328,79.00910186767578,79.08759307861328,16.279109954833984
161.0,2024-12-23 14:29:25.783816,0.0,10.668000221252441,10.668000221252441,1.0,79.08759307861328,79.00910186767578,79.08759307861328,16.27909278869629
162.0,2024-12-23 14:29:32.822167,0.0,10.668000221252441,10.668000221252441,1.0,79.08759307861328,79.00910186767578,79.08759307861328,16.279104232788086
163.0,2024-12-23 14:29:39.888285,0.0,10.668000221252441,10.668000221252441,1.0,79.08759307861328,79.00910186767578,79.08759307861328,16.279098510742188
164.0,2024-12-23 14:29:46.859255,0.0,10.668000221252441,10.668000221252441,1.0,79.08759307861328,79.00910186767578,79.08759307861328,16.279115676879883
165.0,2024-12-23 14:29:53.575218,0.0,10.668000221252441,10.668000221252441,1.0,79.08759307861328,79.00910186767578,79.08759307861328,16.279104232788086
166.0,2024-12-23 14:30:00.685392,0.0,10.668000221252441,10.668000221252441,1.0,79.08759307861328,79.00910186767578,79.08759307861328,16.279098510742188
167.0,2024-12-23 14:30:07.797136,0.0,10.668000221252441,10.668000221252441,1.0,79.08759307861328,79.00910186767578,79.08759307861328,16.279115676879883
168.0,2024-12-23 14:30:14.672488,0.0,10.668000221252441,10.668000221252441,1.0,79.08759307861328,79.00910186767578,79.08759307861328,16.279104232788086
169.0,2024-12-23 14:30:22.074320,0.0,10.668000221252441,10.668000221252441,1.0,79.05306243896484,78.94043731689453,79.05306243896484,19.78396224975586
170.0,2024-12-23 14:30:28.628120,0.0,10.668000221252441,10.668000221252441,1.0,79.05306243896484,78.94043731689453,79.05306243896484,19.783967971801758
171.0,2024-12-23 14:30:35.786382,0.0,10.668000221252441,10.668000221252441,1.0,79.05306243896484,78.94043731689453,79.05306243896484,19.783973693847656
172.0,2024-12-23 14:30:42.763120,0.0,10.668000221252441,10.668000221252441,1.0,79.05306243896484,78.94043731689453,79.05306243896484,19.783985137939453
173.0,2024-12-23 14:30:49.848839,0.0,10.668000221252441,10.668000221252441,1.0,79.05306243896484,78.94043731689453,79.05306243896484,19.783967971801758
174.0,2024-12-23 14:30:56.465133,0.0,10.668000221252441,10.668000221252441,1.0,79.05306243896484,78.94043731689453,79.05306243896484,19.783979415893555
175.0,2024-12-23 14:31:03.479353,0.0,10.668000221252441,10.668000221252441,1.0,79.05306243896484,78.94043731689453,79.05306243896484,19.783979415893555
176.0,2024-12-23 14:31:10.657271,0.0,10.668000221252441,10.668000221252441,1.0,79.05306243896484,78.94043731689453,79.05306243896484,19.783985137939453
177.0,2024-12-23 14:31:17.536377,0.0,10.668000221252441,10.668000221252441,1.0,79.05306243896484,78.94043731689453,79.05306243896484,19.783967971801758
178.0,2024-12-23 14:31:24.558095,0.0,10.668000221252441,10.668000221252441,1.0,79.05306243896484,78.94043731689453,79.05306243896484,19.783973693847656
179.0,2024-12-23 14:31:31.721632,0.0,10.668000221252441,10.668000221252441,1.0,79.05306243896484,78.94043731689453,79.05306243896484,19.78399085998535
180.0,2024-12-23 14:31:38.902381,0.0,10.668000221252441,10.668000221252441,1.0,79.05306243896484,78.94043731689453,79.05306243896484,19.783979415893555
181.0,2024-12-23 14:31:45.807387,0.0,10.668000221252441,10.668000221252441,1.0,79.07919311523438,78.99292755126953,79.07919311523438,17.131370544433594
182.0,2024-12-23 14:31:52.686542,0.0,10.668000221252441,10.668000221252441,1.0,79.07919311523438,78.99292755126953,79.07919311523438,17.131364822387695
183.0,2024-12-23 14:32:00.000763,0.0,10.668000221252441,10.668000221252441,1.0,79.07919311523438,78.99292755126953,79.07919311523438,17.131370544433594
184.0,2024-12-23 14:32:07.156280,0.0,10.668000221252441,10.668000221252441,1.0,79.07919311523438,78.99292755126953,79.07919311523438,17.131370544433594
185.0,2024-12-23 14:32:14.330240,0.0,10.668000221252441,10.668000221252441,1.0,79.07919311523438,78.99292755126953,79.07919311523438,17.131370544433594
186.0,2024-12-23 14:32:21.427493,0.0,10.668000221252441,10.668000221252441,1.0,79.07919311523438,78.99292755126953,79.07919311523438,17.131370544433594
187.0,2024-12-23 14:32:28.632235,0.0,10.668000221252441,10.668000221252441,1.0,79.07919311523438,78.99292755126953,79.07919311523438,17.131376266479492
188.0,2024-12-23 14:32:36.013085,0.0,10.668000221252441,10.668000221252441,1.0,79.07919311523438,78.99292755126953,79.07919311523438,17.131370544433594
189.0,2024-12-23 14:32:43.463276,0.0,10.668000221252441,10.668000221252441,1.0,79.07919311523438,78.99292755126953,79.07919311523438,17.131370544433594
190.0,2024-12-23 14:32:50.595250,0.0,10.668000221252441,10.668000221252441,1.0,79.07919311523438,78.99292755126953,79.07919311523438,17.131370544433594
191.0,2024-12-23 14:32:57.712125,0.0,10.668000221252441,10.668000221252441,1.0,79.07919311523438,78.99292755126953,79.07919311523438,17.131376266479492
192.0,2024-12-23 14:33:04.801106,0.0,10.668000221252441,10.668000221252441,1.0,79.07919311523438,78.99292755126953,79.07919311523438,17.131370544433594
193.0,2024-12-23 14:33:11.490066,0.0,10.668000221252441,10.668000221252441,1.0,79.07601928710938,78.9867172241211,79.07601928710938,17.453824996948242
194.0,2024-12-23 14:33:18.413675,0.0,10.668000221252441,10.668000221252441,1.0,79.07601928710938,78.9867172241211,79.07601928710938,17.453813552856445
195.0,2024-12-23 14:33:25.692291,0.0,10.668000221252441,10.668000221252441,1.0,79.07601928710938,78.9867172241211,79.07601928710938,17.453807830810547
196.0,2024-12-23 14:33:33.388335,0.0,10.668000221252441,10.668000221252441,1.0,79.07601928710938,78.9867172241211,79.07601928710938,17.453813552856445
197.0,2024-12-23 14:33:40.819633,0.0,10.668000221252441,10.668000221252441,1.0,79.07601928710938,78.9867172241211,79.07601928710938,17.453807830810547
198.0,2024-12-23 14:33:48.126102,0.0,10.668000221252441,10.668000221252441,1.0,79.07601928710938,78.9867172241211,79.07601928710938,17.453807830810547
199.0,2024-12-23 14:33:55.837151,0.0,10.668000221252441,10.668000221252441,1.0,79.07601928710938,78.9867172241211,79.07601928710938,17.453813552856445
200.0,2024-12-23 14:34:03.345235,0.0,10.668000221252441,10.668000221252441,1.0,79.07601928710938,78.9867172241211,79.07601928710938,17.453807830810547
201.0,2024-12-23 14:34:10.977227,0.0,10.668000221252441,10.668000221252441,1.0,79.07601928710938,78.9867172241211,79.07601928710938,17.453807830810547
202.0,2024-12-23 14:34:17.659315,0.0,10.653305053710938,10.648402214050293,0.0,61.962501525878906,61.949737548828125,79.07601928710938,17.453813552856445
203.0,2024-12-23 14:34:25.289268,0.0,10.63580322265625,10.631611824035645,0.0,61.94761276245117,61.93272399902344,61.96299362182617,-6.980240345001221
204.0,2024-12-23 14:34:32.995408,0.0,10.618529319763184,10.614594459533691,0.0,61.94761276245117,61.93272399902344,61.948299407958984,-7.33385705947876
205.0,2024-12-23 14:34:40.659106,0.0,10.597705841064453,10.592670440673828,0.0,61.93013000488281,61.915565490722656,61.91352081298828,-8.93238353729248
206.0,2024-12-23 14:34:48.558362,0.0,10.576536178588867,10.571094512939453,0.0,61.912574768066406,61.8917350769043,61.892696380615234,-8.999146461486816
207.0,2024-12-23 14:34:56.356475,0.0,10.555246353149414,10.549638748168945,0.0,61.8917236328125,61.87039566040039,61.871524810791016,-9.023848533630371
208.0,2024-12-23 14:35:04.152310,0.0,10.533907890319824,10.528230667114258,0.0,61.870540618896484,61.849029541015625,61.85023498535156,-9.034000396728516
209.0,2024-12-23 14:35:11.737260,0.0,10.512550354003906,10.506842613220215,0.0,61.849246978759766,61.82766342163086,61.82889938354492,-9.038300514221191
210.0,2024-12-23 14:35:19.664158,0.0,10.491183280944824,10.485462188720703,0.0,61.82790756225586,61.80628967285156,61.80754089355469,-9.040131568908691
211.0,2024-12-23 14:35:27.349643,0.0,10.469813346862793,10.464086532592773,0.0,61.806549072265625,61.78491973876953,61.78617477416992,-9.040934562683105
212.0,2024-12-23 14:35:34.434058,0.0,10.448441505432129,10.442712783813477,0.0,61.78518295288086,61.763545989990234,61.76480484008789,-9.04127025604248
213.0,2024-12-23 14:35:42.159031,0.0,10.427068710327148,10.42133903503418,0.0,61.74243927001953,61.72079849243164,61.743431091308594,-9.041420936584473
214.0,2024-12-23 14:35:49.583388,0.0,10.405695915222168,10.399965286254883,0.0,61.7210693359375,61.69942855834961,61.7220573425293,-9.041484832763672
215.0,2024-12-23 14:35:56.905582,0.0,10.384323120117188,10.378592491149902,0.0,61.6996955871582,61.67805480957031,61.700687408447266,-9.041513442993164
216.0,2024-12-23 14:36:04.263448,0.0,10.362950325012207,10.357219696044922,0.0,61.678321838378906,61.656681060791016,61.67931365966797,-9.041522026062012
217.0,2024-12-23 14:36:11.994368,0.0,10.343596458435059,10.338534355163574,0.0,61.6571159362793,61.6391716003418,61.65794372558594,-8.120882034301758
218.0,2024-12-23 14:36:19.582830,0.0,10.324440002441406,10.319652557373047,0.0,61.637779235839844,61.620140075683594,61.638587951660156,-8.075568199157715
219.0,2024-12-23 14:36:27.081596,0.0,10.305368423461914,10.300686836242676,0.0,61.618629455566406,61.60111618041992,61.61943054199219,-8.05705451965332
220.0,2024-12-23 14:36:34.582702,0.0,10.286328315734863,10.28168773651123,0.0,61.59955978393555,61.582096099853516,61.60036087036133,-8.049871444702148
221.0,2024-12-23 14:36:41.877242,0.0,10.267302513122559,10.262676239013672,0.0,61.58052062988281,61.56307601928711,61.581321716308594,-8.047160148620605
222.0,2024-12-23 14:36:49.612118,0.0,10.24828052520752,10.243659973144531,0.0,61.56149673461914,61.5440559387207,61.562294006347656,-8.04613971710205
223.0,2024-12-23 14:36:57.320035,0.0,10.229259490966797,10.224641799926758,0.0,61.54247283935547,61.5250358581543,61.54327392578125,-8.045760154724121
224.0,2024-12-23 14:37:04.992379,0.0,10.210240364074707,10.205622673034668,0.0,61.52345275878906,61.50601577758789,61.524253845214844,-8.045624732971191
225.0,2024-12-23 14:37:12.329637,0.0,10.191221237182617,10.186603546142578,0.0,61.504432678222656,61.48699951171875,61.50523376464844,-8.04556941986084
226.0,2024-12-23 14:37:20.026307,0.0,10.172202110290527,10.167585372924805,0.0,61.48541259765625,61.467979431152344,61.48621368408203,-8.045546531677246
227.0,2024-12-23 14:37:27.685043,0.0,10.153182983398438,10.148566246032715,0.0,61.46639633178711,61.44895935058594,61.467193603515625,-8.045537948608398
228.0,2024-12-23 14:37:35.074065,0.0,10.134163856506348,10.129547119140625,0.0,61.4473762512207,61.42993927001953,61.44817352294922,-8.045537948608398
229.0,2024-12-23 14:37:42.494378,0.0,10.114766120910645,10.110025405883789,0.0,61.42832565307617,61.41022872924805,61.42915725708008,-8.218596458435059
230.0,2024-12-23 14:37:50.157385,0.0,10.095330238342285,10.090542793273926,0.0,61.40892791748047,61.390769958496094,61.409759521484375,-8.226799011230469
231.0,2024-12-23 14:37:56.924675,0.0,10.07588005065918,10.090542793273926,0.0,61.389488220214844,61.37131118774414,61.390323638916016,-8.229887962341309
232.0,2024-12-23 14:38:04.503498,0.0,10.056424140930176,10.071074485778809,0.0,61.37003707885742,61.35185241699219,61.370872497558594,-8.231066703796387
233.0,2024-12-23 14:38:12.208556,0.0,10.036966323852539,10.05161190032959,0.0,61.350582122802734,61.332393646240234,61.351417541503906,-8.231521606445312
234.0,2024-12-23 14:38:20.038939,0.0,10.017507553100586,10.032151222229004,0.0,61.33112335205078,61.31293487548828,61.33195877075195,-8.231698036193848
235.0,2024-12-23 14:38:27.353377,0.0,9.998047828674316,10.012690544128418,0.0,61.31166458129883,61.29347610473633,61.3125,-8.231767654418945
236.0,2024-12-23 14:38:34.894441,0.0,9.978589057922363,9.993231773376465,0.0,61.292205810546875,61.274017333984375,61.29304122924805,-8.231797218322754
237.0,2024-12-23 14:38:42.352066,0.0,9.959129333496094,9.973772048950195,0.0,61.27274703979492,61.25455856323242,61.27357864379883,-8.231800079345703
238.0,2024-12-23 14:38:50.012265,0.0,9.939669609069824,9.954312324523926,0.0,61.25328826904297,61.2350959777832,61.254119873046875,-8.231802940368652
239.0,2024-12-23 14:38:57.568131,0.0,9.920210838317871,9.934853553771973,0.0,61.233829498291016,61.21563720703125,61.23466110229492,-8.231802940368652
240.0,2024-12-23 14:39:05.026191,0.0,9.900751113891602,9.915393829345703,0.0,61.21437072753906,61.1961784362793,61.21520233154297,-8.231802940368652
241.0,2024-12-23 14:39:12.789431,0.0,9.884369850158691,9.895934104919434,0.0,61.19514083862305,61.181976318359375,61.195743560791016,-6.832164764404297
242.0,2024-12-23 14:39:20.433233,0.0,9.868328094482422,9.88058090209961,0.0,61.17877960205078,61.16609191894531,61.17936325073242,-6.7506632804870605
243.0,2024-12-23 14:39:28.043854,0.0,9.852409362792969,9.864886283874512,0.0,61.16274642944336,61.15021896362305,61.16332244873047,-6.723228931427002
244.0,2024-12-23 14:39:35.620244,0.0,9.836527824401855,9.849069595336914,0.0,61.14683151245117,61.13434982299805,61.147403717041016,-6.715200424194336
245.0,2024-12-23 14:39:43.079187,0.0,9.820655822753906,9.833215713500977,0.0,61.130950927734375,61.11848068237305,61.13152313232422,-6.712989807128906
246.0,2024-12-23 14:39:50.623499,0.0,9.804786682128906,9.817352294921875,0.0,61.11507797241211,61.10261154174805,61.11565017700195,-6.712395668029785
247.0,2024-12-23 14:39:58.017199,0.0,9.788918495178223,9.801485061645508,0.0,61.09920883178711,61.08674240112305,61.09978103637695,-6.7122392654418945
248.0,2024-12-23 14:40:05.770103,0.0,9.773051261901855,9.78561782836914,0.0,61.083343505859375,61.07087707519531,61.08391189575195,-6.712193012237549
249.0,2024-12-23 14:40:13.228154,0.0,9.757183074951172,9.769749641418457,0.0,61.067474365234375,61.05500793457031,61.06804656982422,-6.712181568145752
250.0,2024-12-23 14:40:20.894631,0.0,9.741315841674805,9.75388240814209,0.0,61.051605224609375,61.03913879394531,61.05217742919922,-6.712178707122803
251.0,2024-12-23 14:40:28.436133,0.0,9.725447654724121,9.738014221191406,0.0,61.03573989868164,61.02327346801758,61.03630828857422,-6.7121758460998535
252.0,2024-12-23 14:40:36.227311,0.0,9.709579467773438,9.722146987915039,0.0,61.01987075805664,61.00740432739258,61.020442962646484,-6.712181568145752
253.0,2024-12-23 14:40:43.962360,0.0,9.69583511352539,9.706278800964355,0.0,61.0041389465332,60.994625091552734,61.004573822021484,-5.745630264282227
254.0,2024-12-23 14:40:50.979316,0.0,9.682367324829102,9.693241119384766,0.0,60.99040985107422,60.981224060058594,60.99082946777344,-5.681000232696533
255.0,2024-12-23 14:40:58.366003,0.0,9.668963432312012,9.679926872253418,0.0,60.97694396972656,60.96782684326172,60.97736358642578,-5.667055606842041
256.0,2024-12-23 14:41:05.999190,0.0,9.655570983886719,9.666548728942871,0.0,60.96354293823242,60.954437255859375,60.963958740234375,-5.6647257804870605
257.0,2024-12-23 14:41:13.417458,0.0,9.642179489135742,9.653159141540527,0.0,60.95014953613281,60.941043853759766,60.950565338134766,-5.664355278015137
258.0,2024-12-23 14:41:20.977152,0.0,9.628787994384766,9.639768600463867,0.0,60.93675994873047,60.92765426635742,60.93717575073242,-5.664305686950684
259.0,2024-12-23 14:41:28.525175,0.0,9.615397453308105,9.626378059387207,0.0,60.92336654663086,60.91426467895508,60.92378234863281,-5.664294242858887
260.0,2024-12-23 14:41:35.874754,0.0,9.602005958557129,9.61298656463623,0.0,60.909976959228516,60.90087127685547,60.91039276123047,-5.664299964904785
261.0,2024-12-23 14:41:43.417091,0.0,9.588615417480469,9.599595069885254,0.0,60.896583557128906,60.887481689453125,60.897003173828125,-5.664299964904785
262.0,2024-12-23 14:41:50.851564,0.0,9.575223922729492,9.586204528808594,0.0,60.88319396972656,60.874088287353516,60.883609771728516,-5.664294242858887
263.0,2024-12-23 14:41:58.642102,0.0,9.561832427978516,9.572813034057617,0.0,60.86980438232422,60.86069869995117,60.87022018432617,-5.664297103881836
264.0,2024-12-23 14:42:05.547431,0.0,9.561832427978516,9.559422492980957,0.0,60.85641098022461,60.84730911254883,60.85682678222656,-5.664294242858887
265.0,2024-12-23 14:42:13.086793,0.0,9.548441886901855,9.528990745544434,0.0,60.84284591674805,60.829830169677734,60.84343719482422,-6.930088043212891
266.0,2024-12-23 14:42:20.761270,0.0,9.53229808807373,9.512298583984375,0.0,60.82667922973633,60.813262939453125,60.827293395996094,-6.997641563415527
267.0,2024-12-23 14:42:28.481020,0.0,9.5158052444458,9.495678901672363,0.0,60.8101806640625,60.79667663574219,60.81079864501953,-7.012704849243164
268.0,2024-12-23 14:42:33.445097,0.0,9.49924087524414,9.47907829284668,0.0,60.79361343383789,60.780086517333984,60.79423522949219,-7.0169291496276855
269.0,2024-12-23 14:42:40.671568,0.0,9.46606731414795,9.462483406066895,0.0,60.77703094482422,60.763492584228516,60.777652740478516,-7.0181403160095215
270.0,2024-12-23 14:42:47.907009,0.0,9.44947624206543,9.445891380310059,0.0,60.760440826416016,60.74690246582031,60.76106262207031,-7.018507957458496
271.0,2024-12-23 14:42:54.701497,0.0,9.432884216308594,9.429298400878906,0.0,60.74385070800781,60.730308532714844,60.744468688964844,-7.01862096786499
272.0,2024-12-23 14:43:01.868060,0.0,9.416292190551758,9.41270637512207,0.0,60.727256774902344,60.71371841430664,60.72787857055664,-7.01865291595459
273.0,2024-12-23 14:43:08.951234,0.0,9.399699211120605,9.396114349365234,0.0,60.71066665649414,60.69712448120117,60.71128463745117,-7.018658638000488
274.0,2024-12-23 14:43:15.888083,0.0,9.38310718536377,9.379522323608398,0.0,60.69407272338867,60.68053436279297,60.69469451904297,-7.018664360046387
275.0,2024-12-23 14:43:23.089280,0.0,9.366515159606934,9.362930297851562,0.0,60.67748260498047,60.6639404296875,60.6781005859375,-7.018664360046387
276.0,2024-12-23 14:43:29.830360,0.0,9.349923133850098,9.34633731842041,0.0,60.660888671875,60.6473503112793,60.6615104675293,-7.0186614990234375
277.0,2024-12-23 14:43:36.560236,0.0,9.333205223083496,9.32957935333252,0.0,60.644287109375,60.63055419921875,60.64491653442383,-7.076034069061279
278.0,2024-12-23 14:43:43.596782,0.0,9.316473960876465,9.312834739685059,0.0,60.62757110595703,60.61381530761719,60.62820053100586,-7.079137325286865
279.0,2024-12-23 14:43:50.429432,0.0,9.299736976623535,9.29609489440918,0.0,60.610836029052734,60.597076416015625,60.61146545410156,-7.080049991607666
280.0,2024-12-23 14:43:57.647498,0.0,9.282999992370605,9.279356002807617,0.0,60.59410095214844,60.58033752441406,60.594730377197266,-7.080322265625
281.0,2024-12-23 14:44:04.893868,0.0,9.266261100769043,9.262617111206055,0.0,60.577362060546875,60.563602447509766,60.5779914855957,-7.080409049987793
282.0,2024-12-23 14:44:12.208612,0.0,9.249523162841797,9.245879173278809,0.0,60.56062316894531,60.5468635559082,60.561256408691406,-7.080435276031494
283.0,2024-12-23 14:44:19.231040,0.0,9.23278522491455,9.229141235351562,0.0,60.543888092041016,60.53012466430664,60.544517517089844,-7.080443859100342
284.0,2024-12-23 14:44:26.392770,0.0,9.216047286987305,9.212403297424316,0.0,60.52714920043945,60.51338577270508,60.52777862548828,-7.080446720123291
285.0,2024-12-23 14:44:33.225751,0.0,9.199309349060059,9.195664405822754,0.0,60.51041030883789,60.496646881103516,60.51103973388672,-7.080438137054443
286.0,2024-12-23 14:44:40.270250,0.0,9.182570457458496,9.178926467895508,0.0,60.49367141723633,60.47991180419922,60.494300842285156,-7.080443859100342
287.0,2024-12-23 14:44:47.072368,0.0,9.16583251953125,9.162188529968262,0.0,60.476932525634766,60.463172912597656,60.47756576538086,-7.08044958114624
288.0,2024-12-23 14:44:54.135175,0.0,9.149094581604004,9.145450592041016,0.0,60.46019744873047,60.446434020996094,60.4608268737793,-7.080446720123291
289.0,2024-12-23 14:45:01.049098,0.0,9.133464813232422,9.130187034606934,0.0,60.44353485107422,60.43144607543945,60.444087982177734,-6.574382305145264
290.0,2024-12-23 14:45:08.149512,0.0,9.11796760559082,9.114792823791504,0.0,60.427913665771484,60.415992736816406,60.42845916748047,-6.544797897338867
291.0,2024-12-23 14:45:15.453131,0.0,9.102508544921875,9.099359512329102,0.0,60.412418365478516,60.400543212890625,60.4129638671875,-6.536566734313965
292.0,2024-12-23 14:45:23.005413,0.0,9.087059020996094,9.083916664123535,0.0,60.3969612121582,60.38509750366211,60.39750289916992,-6.534445762634277
293.0,2024-12-23 14:45:29.986392,0.0,9.071612358093262,9.068471908569336,0.0,60.38151168823242,60.369651794433594,60.38205337524414,-6.533904075622559
294.0,2024-12-23 14:45:37.128345,0.0,9.056166648864746,9.05302619934082,0.0,60.36606216430664,60.35420608520508,60.366607666015625,-6.5337653160095215
295.0,2024-12-23 14:45:44.414022,0.0,9.040719985961914,9.037579536437988,0.0,60.350616455078125,60.3387565612793,60.35116195678711,-6.53373908996582
296.0,2024-12-23 14:45:51.712349,0.0,9.025274276733398,9.022133827209473,0.0,60.33517074584961,60.32331085205078,60.335716247558594,-6.533727645874023
297.0,2024-12-23 14:45:58.754796,0.0,9.009828567504883,9.006688117980957,0.0,60.319725036621094,60.307865142822266,60.32027053833008,-6.533730506896973
298.0,2024-12-23 14:46:06.110194,0.0,8.99438190460205,8.991241455078125,0.0,60.30427932739258,60.29241943359375,60.3048210144043,-6.533727645874023
299.0,2024-12-23 14:46:13.669330,0.0,8.978936195373535,8.97579574584961,0.0,60.28883361816406,60.276973724365234,60.3048210144043,-6.533727645874023
300.0,2024-12-23 14:46:20.181371,0.0,8.96349048614502,8.960350036621094,0.0,60.27338790893555,60.26152801513672,60.273929595947266,-6.533727645874023
