iteration,timestamp,P79,T41,V1F,J21,V1,T42,J2,P1F,P1
0.0,2025-01-14 15:43:27.896035,1.0,3.0510001182556152,0.0,0.0,1.0,3.0510001182556152,0.0,0.0,1.0
1.0,2025-01-14 15:43:32.125780,1.0,3.2052395343780518,-176.32901000976562,54.34638595581055,1.0,3.1514227390289307,64.2179946899414,175.35145568847656,1.0
2.0,2025-01-14 15:43:36.432052,1.0,3.3511013984680176,-168.5069122314453,54.500587463378906,1.0,3.258204936981201,64.2435073852539,174.24139404296875,1.0
3.0,2025-01-14 15:43:40.889761,1.0,3.4930617809295654,-164.86407470703125,54.64643096923828,1.0,3.366905450820923,64.26813507080078,173.16983032226562,1.0
4.0,2025-01-14 15:43:45.183127,1.0,3.631892442703247,-161.94232177734375,54.78837966918945,1.0,3.476769208908081,64.29236602783203,172.11563110351562,1.0
5.0,2025-01-14 15:43:49.722226,1.0,3.7680163383483887,-159.4147186279297,54.92719650268555,1.0,3.5873889923095703,64.31627655029297,171.07522583007812,1.0
6.0,2025-01-14 15:43:54.249966,1.0,3.9017114639282227,-157.14727783203125,55.06331253051758,1.0,3.6984994411468506,64.33991241455078,170.0466766357422,1.0
7.0,2025-01-14 15:43:58.757215,1.0,4.033182144165039,-155.0703887939453,55.196998596191406,1.0,3.8099091053009033,64.36331176757812,169.0287322998047,1.0
8.0,2025-01-14 15:44:03.054212,1.0,4.1625871658325195,-153.14154052734375,55.328460693359375,1.0,3.9214706420898438,64.38648223876953,168.0204620361328,1.0
9.0,2025-01-14 15:44:07.757500,1.0,4.2900543212890625,-151.33238220214844,55.45785903930664,1.0,4.033067226409912,64.4094467163086,167.02117919921875,1.0
10.0,2025-01-14 15:44:12.312657,1.0,4.4156904220581055,-149.6228485107422,55.58531951904297,1.0,4.144603252410889,64.43222045898438,166.03033447265625,1.0
11.0,2025-01-14 15:44:16.604124,1.0,4.539586544036865,-147.9980926513672,55.7109489440918,1.0,4.255997180938721,64.4548110961914,165.0474395751953,1.0
12.0,2025-01-14 15:44:21.095301,1.0,4.661820888519287,-146.44667053222656,55.8348388671875,1.0,4.367181301116943,64.47722625732422,164.0721435546875,1.0
13.0,2025-01-14 15:44:25.566208,1.0,4.80118465423584,-151.72589111328125,55.9571418762207,1.0,4.4868245124816895,64.555419921875,160.66952514648438,1.0
14.0,2025-01-14 15:44:30.170067,1.0,4.938501358032227,-149.8144989013672,56.09649658203125,1.0,4.606429576873779,64.58061218261719,159.5734405517578,1.0
15.0,2025-01-14 15:44:34.377971,1.0,5.073867321014404,-147.9931182861328,56.233802795410156,1.0,4.725911617279053,64.60560607910156,158.48593139648438,1.0
16.0,2025-01-14 15:44:38.830940,1.0,5.207365989685059,-146.25,56.369163513183594,1.0,4.845196723937988,64.63041687011719,157.4066162109375,1.0
17.0,2025-01-14 15:44:43.211072,1.0,5.339071750640869,-144.5758819580078,56.502655029296875,1.0,4.964221477508545,64.65503692626953,156.33511352539062,1.0
18.0,2025-01-14 15:44:47.593109,1.0,5.469050407409668,-142.96319580078125,56.63435363769531,1.0,5.082929611206055,64.67948913574219,155.27113342285156,1.0
19.0,2025-01-14 15:44:51.785205,1.0,5.597361087799072,-141.40573120117188,56.76432418823242,1.0,5.201272010803223,64.70378112792969,154.2144012451172,1.0
20.0,2025-01-14 15:44:56.136830,1.0,5.724056720733643,-139.89828491210938,56.89262771606445,1.0,5.319204807281494,64.7279052734375,153.16468811035156,1.0
21.0,2025-01-14 15:45:00.382829,1.0,5.84918737411499,-138.4364013671875,57.019317626953125,1.0,5.436688423156738,64.75186920166016,152.1217803955078,1.0
22.0,2025-01-14 15:45:04.733276,1.0,5.972796440124512,-137.01634216308594,57.14444351196289,1.0,5.55368709564209,64.77568817138672,151.08547973632812,1.0
23.0,2025-01-14 15:45:09.283009,1.0,6.094925880432129,-135.634765625,57.26804733276367,1.0,5.670169353485107,64.79935455322266,150.05560302734375,1.0
24.0,2025-01-14 15:45:13.525042,1.0,6.215613842010498,-134.28880310058594,57.39017105102539,1.0,5.786105155944824,64.82288360595703,149.0320281982422,1.0
25.0,2025-01-14 15:45:18.005651,1.0,6.3261494636535645,-129.80255126953125,57.51082229614258,1.0,5.897390365600586,64.82036590576172,149.14144897460938,1.0
26.0,2025-01-14 15:45:22.481898,1.0,6.435536861419678,-128.73040771484375,57.62135314941406,1.0,6.007969379425049,64.84208679199219,148.1962432861328,1.0
27.0,2025-01-14 15:45:26.893960,1.0,6.543795585632324,-127.67652893066406,57.730735778808594,1.0,6.117830276489258,64.86369323730469,147.25611877441406,1.0
28.0,2025-01-14 15:45:31.427474,1.0,6.650944232940674,-126.6400375366211,57.838993072509766,1.0,6.226963043212891,64.88518524169922,146.32098388671875,1.0
29.0,2025-01-14 15:45:35.839937,1.0,6.75700044631958,-125.6200942993164,57.946136474609375,1.0,6.335357666015625,64.90656280517578,145.3908233642578,1.0
30.0,2025-01-14 15:45:40.105336,1.0,6.86198091506958,-124.6159439086914,58.052188873291016,1.0,6.4430060386657715,64.9278335571289,144.46554565429688,1.0
31.0,2025-01-14 15:45:44.628137,1.0,6.965902328491211,-123.62686157226562,58.15716552734375,1.0,6.549899578094482,64.94898223876953,143.5451202392578,1.0
32.0,2025-01-14 15:45:48.937927,1.0,7.068779468536377,-122.6521987915039,58.261085510253906,1.0,6.656030654907227,64.97002410888672,142.62950134277344,1.0
33.0,2025-01-14 15:45:53.231140,1.0,7.088842391967773,-45.33051681518555,58.36378860473633,1.0,6.751138210296631,60.30218505859375,0.0,0.0
34.0,2025-01-14 15:45:58.027587,1.0,7.111118793487549,-47.39769744873047,58.383853912353516,1.0,6.843320369720459,60.32052230834961,0.0,0.0
35.0,2025-01-14 15:46:02.385887,1.0,7.135654926300049,-49.50693893432617,58.406131744384766,1.0,6.932532787322998,60.34027099609375,0.0,0.0
36.0,2025-01-14 15:46:06.945088,1.0,7.162520885467529,-51.68253707885742,58.43067169189453,1.0,7.018704891204834,60.361454010009766,0.0,0.0
37.0,2025-01-14 15:46:11.332768,1.0,7.208634853363037,-60.833152770996094,58.45756149291992,1.0,7.1091132164001465,60.46521759033203,0.0,0.0
38.0,2025-01-14 15:46:15.660594,1.0,7.256748199462891,-62.69971466064453,58.50368118286133,1.0,7.196666240692139,60.50121307373047,0.0,0.0
39.0,2025-01-14 15:46:19.980056,1.0,7.307034492492676,-64.72858428955078,58.551795959472656,1.0,7.281192302703857,60.53845977783203,0.0,0.0
40.0,2025-01-14 15:46:24.146144,1.0,7.35988187789917,-67.11976623535156,58.602088928222656,1.0,7.362305164337158,60.57706832885742,0.0,0.0
41.0,2025-01-14 15:46:28.558749,1.0,7.418724536895752,-72.71733856201172,58.654945373535156,1.0,7.436573505401611,60.61729431152344,0.0,0.0
42.0,2025-01-14 15:46:32.916955,1.0,7.479857921600342,-74.85601806640625,58.71379470825195,1.0,7.507704734802246,60.66130447387695,0.0,0.0
43.0,2025-01-14 15:46:37.157211,1.0,7.54170560836792,-75.52330017089844,58.77492904663086,1.0,7.577277183532715,60.70674514770508,0.0,0.0
44.0,2025-01-14 15:46:41.685208,1.0,7.603888511657715,-75.83592224121094,58.83677673339844,1.0,7.6456732749938965,60.752620697021484,0.0,0.0
45.0,2025-01-14 15:46:46.138812,1.0,7.6662092208862305,-75.9648208618164,58.89896011352539,1.0,7.713093280792236,60.79868698120117,0.0,0.0
46.0,2025-01-14 15:46:50.526203,1.0,7.728543281555176,-75.97700500488281,58.961280822753906,1.0,7.779664993286133,60.84482192993164,0.0,0.0
47.0,2025-01-14 15:46:55.002807,1.0,7.7908034324646,-75.90830993652344,59.02361297607422,1.0,7.84547758102417,60.89094161987305,0.0,0.0
48.0,2025-01-14 15:46:59.320225,1.0,7.852926731109619,-75.78047180175781,59.08587646484375,1.0,7.910597324371338,60.93699264526367,0.0,0.0
49.0,2025-01-14 15:47:03.654906,1.0,7.887259006500244,-64.30753326416016,59.14794921875,1.0,7.962897777557373,60.85466384887695,0.0,0.0
50.0,2025-01-14 15:47:07.916488,1.0,7.922585487365723,-65.23600769042969,59.18228530883789,1.0,8.013635635375977,60.881107330322266,0.0,0.0
51.0,2025-01-14 15:47:12.361119,0.0,7.8677077293396,18.98529815673828,59.217529296875,1.0,7.9672651290893555,59.18025207519531,0.0,0.0
52.0,2025-01-14 15:47:17.041865,0.0,7.813581943511963,18.28290367126465,59.16265106201172,1.0,7.920142650604248,59.1271858215332,0.0,0.0
53.0,2025-01-14 15:47:21.278770,0.0,7.760062217712402,17.7174072265625,59.10852813720703,1.0,7.8724141120910645,59.074520111083984,0.0,0.0
54.0,2025-01-14 15:47:25.590380,0.0,7.707034587860107,17.257484436035156,59.05500793457031,1.0,7.824193477630615,59.02219009399414,0.0,0.0
55.0,2025-01-14 15:47:29.892222,0.0,7.6544108390808105,16.880695343017578,59.001983642578125,1.0,7.775568962097168,58.97013473510742,0.0,0.0
56.0,2025-01-14 15:47:34.296100,0.0,7.602119445800781,16.570335388183594,58.94935989379883,1.0,7.726612091064453,58.918312072753906,0.0,0.0
57.0,2025-01-14 15:47:38.682153,0.0,7.550103187561035,16.313655853271484,58.89706802368164,1.0,7.677380561828613,58.86668395996094,0.0,0.0
58.0,2025-01-14 15:47:43.112155,0.0,7.49831485748291,16.10067367553711,58.84505081176758,1.0,7.627920627593994,58.815216064453125,0.0,0.0
59.0,2025-01-14 15:47:47.524367,0.0,7.44671630859375,15.923518180847168,58.79326248168945,1.0,7.578271389007568,58.76388168334961,0.0,0.0
60.0,2025-01-14 15:47:51.969397,0.0,7.395275592803955,15.77586841583252,58.74166488647461,1.0,7.528463840484619,58.71266174316406,0.0,0.0
61.0,2025-01-14 15:47:56.357794,0.0,7.304411888122559,34.33208465576172,58.69013214111328,1.0,7.460781574249268,58.587669372558594,0.0,0.0
62.0,2025-01-14 15:48:00.731530,0.0,7.21513032913208,32.85430145263672,58.59926986694336,1.0,7.391516208648682,58.50212860107422,0.0,0.0
63.0,2025-01-14 15:48:05.115885,0.0,7.127158164978027,31.631919860839844,58.50999450683594,1.0,7.320941925048828,58.4173469543457,0.0,0.0
64.0,2025-01-14 15:48:09.388521,0.0,7.040287971496582,30.602916717529297,58.42202377319336,1.0,7.249265670776367,58.33320999145508,0.0,0.0
65.0,2025-01-14 15:48:13.821186,0.0,6.954357147216797,29.726335525512695,58.33515930175781,1.0,7.176650524139404,58.2496337890625,0.0,0.0
66.0,2025-01-14 15:48:18.367417,0.0,6.869232654571533,28.973134994506836,58.249229431152344,1.0,7.103228569030762,58.16654586791992,0.0,0.0
67.0,2025-01-14 15:48:22.712108,0.0,6.784805774688721,28.32173728942871,58.16410446166992,1.0,7.029109001159668,58.083885192871094,0.0,0.0
68.0,2025-01-14 15:48:27.382816,0.0,6.700985431671143,27.75555419921875,58.079681396484375,1.0,6.95438289642334,58.00160598754883,0.0,0.0
69.0,2025-01-14 15:48:31.917496,0.0,6.61769437789917,27.26146697998047,57.9958610534668,1.0,6.879127502441406,57.91965866088867,0.0,0.0
70.0,2025-01-14 15:48:36.350509,0.0,6.5348663330078125,26.828920364379883,57.91257095336914,1.0,6.803409099578857,57.83800506591797,0.0,0.0
71.0,2025-01-14 15:48:40.595770,0.0,6.452445030212402,26.44924545288086,57.82974624633789,1.0,6.727283954620361,57.756614685058594,0.0,0.0
72.0,2025-01-14 15:48:44.688984,0.0,6.3703813552856445,26.11526107788086,57.7473258972168,1.0,6.650801181793213,57.67545700073242,0.0,0.0
73.0,2025-01-14 15:48:49.062801,0.0,6.282984733581543,28.518821716308594,57.665245056152344,1.0,6.571565628051758,57.58221435546875,0.0,0.0
74.0,2025-01-14 15:48:53.497222,0.0,6.196038246154785,28.09868049621582,57.577850341796875,1.0,6.491879940032959,57.49647903442383,0.0,0.0
75.0,2025-01-14 15:48:57.790106,0.0,6.1094889640808105,27.727569580078125,57.49090576171875,1.0,6.411796569824219,57.41099548339844,0.0,0.0
76.0,2025-01-14 15:49:02.279103,0.0,6.02329158782959,27.399145126342773,57.40435791015625,1.0,6.331361770629883,57.32574462890625,0.0,0.0
77.0,2025-01-14 15:49:06.918302,0.0,5.937406063079834,27.108028411865234,57.31816101074219,1.0,6.250615119934082,57.24069595336914,0.0,0.0
78.0,2025-01-14 15:49:11.314827,0.0,6.021947383880615,-132.01495361328125,57.2325325012207,1.0,6.248510360717773,62.903465270996094,232.5486297607422,1.0
79.0,2025-01-14 15:49:15.910017,0.0,6.102470397949219,-128.26287841796875,57.31706237792969,1.0,6.2495808601379395,62.92156982421875,231.760986328125,1.0
80.0,2025-01-14 15:49:20.271150,0.0,6.178751468658447,-124.30207061767578,57.39757537841797,1.0,6.254072189331055,62.9391975402832,230.99398803710938,1.0
81.0,2025-01-14 15:49:24.727979,0.0,6.25032901763916,-119.9107894897461,57.47384262084961,1.0,6.2624688148498535,62.9563102722168,230.24925231933594,1.0
82.0,2025-01-14 15:49:29.108552,0.0,6.315584659576416,-114.00833129882812,57.545406341552734,1.0,6.276416778564453,62.97285079956055,229.5296173095703,1.0
83.0,2025-01-14 15:49:33.329003,0.0,6.370663166046143,-104.5059585571289,57.61064147949219,1.0,6.299807548522949,62.988609313964844,228.84402465820312,1.0
84.0,2025-01-14 15:49:37.680822,0.0,6.422804832458496,-101.76390075683594,57.665714263916016,1.0,6.3254594802856445,63.003108978271484,228.21307373046875,1.0
85.0,2025-01-14 15:49:42.279864,0.0,6.4304633140563965,-83.8858871459961,57.71780776977539,1.0,6.328244686126709,62.85493087768555,234.6604766845703,1.0
86.0,2025-01-14 15:49:46.586712,0.0,6.437765598297119,-83.55289459228516,57.7254638671875,1.0,6.331293106079102,62.856929779052734,234.57359313964844,1.0
87.0,2025-01-14 15:49:50.829265,0.0,6.444754600524902,-83.26070404052734,57.732765197753906,1.0,6.334563732147217,62.85887145996094,234.4889678955078,1.0
88.0,2025-01-14 15:49:55.359796,0.0,6.451467514038086,-83.00257110595703,57.7397575378418,1.0,6.338022232055664,62.86077117919922,234.4063720703125,1.0
89.0,2025-01-14 15:49:59.841721,0.0,6.457934379577637,-82.77320861816406,57.74646759033203,1.0,6.341640472412109,62.86262893676758,234.3256072998047,1.0
90.0,2025-01-14 15:50:04.300053,0.0,6.464182376861572,-82.56832885742188,57.75293731689453,1.0,6.345393180847168,62.864444732666016,234.2465057373047,1.0
91.0,2025-01-14 15:50:08.749073,0.0,6.4702324867248535,-82.38389587402344,57.75918197631836,1.0,6.349259853363037,62.86623001098633,234.16893005371094,1.0
92.0,2025-01-14 15:50:13.328315,0.0,6.476105213165283,-82.21842956542969,57.76523208618164,1.0,6.353222846984863,62.86798095703125,234.0927276611328,1.0
93.0,2025-01-14 15:50:17.577030,0.0,6.481817722320557,-82.06865692138672,57.7711067199707,1.0,6.357265472412109,62.86970138549805,234.01780700683594,1.0
94.0,2025-01-14 15:50:22.073803,0.0,6.48738431930542,-81.93260192871094,57.776817321777344,1.0,6.361375331878662,62.871395111083984,233.944091796875,1.0
95.0,2025-01-14 15:50:26.493900,0.0,6.492818355560303,-81.80856323242188,57.782386779785156,1.0,6.365540027618408,62.87306594848633,233.8714599609375,1.0
96.0,2025-01-14 15:50:31.111177,0.0,6.498130798339844,-81.6950912475586,57.787818908691406,1.0,6.369749546051025,62.87471008300781,233.7998809814453,1.0
97.0,2025-01-14 15:50:35.462959,0.0,6.501821041107178,-81.0254898071289,57.79313278198242,1.0,6.373116970062256,62.870670318603516,233.97561645507812,1.0
98.0,2025-01-14 15:50:39.896035,0.0,6.505456447601318,-80.97418212890625,57.79682159423828,1.0,6.3764848709106445,62.87184524536133,233.92454528808594,1.0
99.0,2025-01-14 15:50:44.293190,0.0,6.509039878845215,-80.92604064941406,57.80045700073242,1.0,6.379849910736084,62.87300491333008,233.87400817871094,1.0
100.0,2025-01-14 15:50:48.842100,0.0,6.512575149536133,-80.8807373046875,57.804039001464844,1.0,6.383210182189941,62.8741569519043,233.823974609375,1.0
101.0,2025-01-14 15:50:53.122981,0.0,6.516064643859863,-80.83794403076172,57.80757522583008,1.0,6.386563301086426,62.87529373168945,233.77442932128906,1.0
102.0,2025-01-14 15:50:57.544025,0.0,6.519510746002197,-80.79743194580078,57.811065673828125,1.0,6.389906883239746,62.87642288208008,233.72535705566406,1.0
103.0,2025-01-14 15:51:01.939909,0.0,6.522915363311768,-80.75895690917969,57.814510345458984,1.0,6.393239974975586,62.877540588378906,233.6767578125,1.0
104.0,2025-01-14 15:51:06.422101,0.0,6.526280879974365,-80.72230529785156,57.81791687011719,1.0,6.396560192108154,62.87864685058594,233.6285858154297,1.0
105.0,2025-01-14 15:51:10.908740,0.0,6.529609203338623,-80.68730163574219,57.82128143310547,1.0,6.399867534637451,62.87974548339844,233.58084106445312,1.0
106.0,2025-01-14 15:51:15.234246,0.0,6.532901287078857,-80.65380096435547,57.824607849121094,1.0,6.4031596183776855,62.88083267211914,233.5335235595703,1.0
107.0,2025-01-14 15:51:19.524934,0.0,6.536159038543701,-80.62163543701172,57.82789993286133,1.0,6.406435966491699,62.88190841674805,233.4866180419922,1.0
108.0,2025-01-14 15:51:24.050866,0.0,6.539383411407471,-80.5906753540039,57.83115768432617,1.0,6.409695625305176,62.88297653198242,233.44012451171875,1.0
109.0,2025-01-14 15:51:28.271403,0.0,6.577417850494385,-93.61835479736328,57.83441162109375,1.0,6.433048248291016,63.01660919189453,227.62559509277344,1.0
110.0,2025-01-14 15:51:32.745099,0.0,6.614332675933838,-92.57313537597656,57.87244415283203,1.0,6.457014560699463,63.027462005615234,227.15341186523438,1.0
111.0,2025-01-14 15:51:37.098076,0.0,6.650251388549805,-91.64286804199219,57.909358978271484,1.0,6.481479644775391,63.03813934326172,226.6887969970703,1.0
112.0,2025-01-14 15:51:41.665276,0.0,6.685272216796875,-90.8047866821289,57.945274353027344,1.0,6.506351947784424,63.04866027832031,226.2310333251953,1.0
113.0,2025-01-14 15:51:46.066043,0.0,6.719476699829102,-90.04258728027344,57.98029708862305,1.0,6.531557083129883,63.05903625488281,225.7796173095703,1.0
114.0,2025-01-14 15:51:50.667033,0.0,6.752933025360107,-89.3441390991211,58.01449966430664,1.0,6.557033538818359,63.06927490234375,225.3341064453125,1.0
115.0,2025-01-14 15:51:55.125077,0.0,6.785699844360352,-88.70008850097656,58.04795455932617,1.0,6.582728385925293,63.07938766479492,224.8941192626953,1.0
116.0,2025-01-14 15:51:59.409636,0.0,6.817826747894287,-88.10301971435547,58.080718994140625,1.0,6.6085968017578125,63.089378356933594,224.45938110351562,1.0
117.0,2025-01-14 15:52:03.721754,0.0,6.849358558654785,-87.54695892333984,58.11284637451172,1.0,6.634600639343262,63.0992546081543,224.02957153320312,1.0
118.0,2025-01-14 15:52:08.235989,0.0,6.880333423614502,-87.02699279785156,58.144378662109375,1.0,6.660706043243408,63.10902404785156,223.6044921875,1.0
119.0,2025-01-14 15:52:12.764235,0.0,6.91078519821167,-86.53900146484375,58.17535400390625,1.0,6.686883926391602,63.118690490722656,223.1839141845703,1.0
120.0,2025-01-14 15:52:17.165183,0.0,6.9407453536987305,-86.07953643798828,58.20580291748047,1.0,6.713107585906982,63.128257751464844,222.76763916015625,1.0
121.0,2025-01-14 15:52:21.393848,0.0,6.991130352020264,-93.49791717529297,58.23579406738281,1.0,6.751278400421143,63.218502044677734,218.84100341796875,1.0
122.0,2025-01-14 15:52:25.827088,0.0,7.040508270263672,-92.55772399902344,58.28617858886719,1.0,6.789744853973389,63.233760833740234,218.17706298828125,1.0
123.0,2025-01-14 15:52:30.034829,0.0,6.920679092407227,65.42573547363281,58.33526611328125,1.0,6.763741493225098,58.1445198059082,0.0,0.0
124.0,2025-01-14 15:52:34.395023,0.0,6.806801795959473,59.86912536621094,58.215457916259766,1.0,6.731786727905273,58.054805755615234,0.0,0.0
125.0,2025-01-14 15:52:38.795135,0.0,6.699117183685303,54.08677291870117,58.10160446166992,1.0,6.693638801574707,57.96512222290039,0.0,0.0
126.0,2025-01-14 15:52:43.160110,0.0,6.5996832847595215,46.38374328613281,57.99394607543945,1.0,6.64724063873291,57.87650680541992,0.0,0.0
127.0,2025-01-14 15:52:47.596201,0.0,6.510429859161377,36.878570556640625,57.8945426940918,1.0,6.590662002563477,57.79073715209961,0.0,0.0
128.0,2025-01-14 15:52:52.038362,0.0,6.424165725708008,34.08724594116211,57.8052978515625,1.0,6.531093597412109,57.70951843261719,0.0,0.0
129.0,2025-01-14 15:52:56.885504,0.0,6.340044021606445,32.08671188354492,57.71903991699219,1.0,6.4693827629089355,57.62960433959961,0.0,0.0
130.0,2025-01-14 15:53:01.418098,0.0,6.257591247558594,30.52889060974121,57.63492202758789,1.0,6.406003475189209,57.55066680908203,0.0,0.0
131.0,2025-01-14 15:53:05.891819,0.0,6.176488876342773,29.268163681030273,57.55247497558594,1.0,6.341273784637451,57.47251892089844,0.0,0.0
132.0,2025-01-14 15:53:10.291941,0.0,6.096503734588623,28.224454879760742,57.47137451171875,1.0,6.275426387786865,57.39503479003906,0.0,0.0
133.0,2025-01-14 15:53:14.915075,0.0,6.005270481109619,33.089073181152344,57.391357421875,1.0,6.203129291534424,57.29148864746094,0.0,0.0
134.0,2025-01-14 15:53:19.275208,0.0,5.915219783782959,31.98526382446289,57.30012893676758,1.0,6.129649639129639,57.204463958740234,0.0,0.0
135.0,2025-01-14 15:53:23.717120,0.0,5.998102188110352,-129.47805786132812,57.21034240722656,1.0,6.132772445678711,62.893455505371094,232.98422241210938,1.0
136.0,2025-01-14 15:53:27.906175,0.0,6.076603889465332,-125.38709259033203,57.293212890625,1.0,6.139425277709961,62.91172790527344,232.18923950195312,1.0
137.0,2025-01-14 15:53:32.452080,0.0,6.150151252746582,-120.76204681396484,57.371700286865234,1.0,6.150204658508301,62.92947006225586,231.41717529296875,1.0
138.0,2025-01-14 15:53:37.062032,0.0,6.215055465698242,-112.69192504882812,57.445228576660156,1.0,6.168828964233398,62.94660568237305,230.6715087890625,1.0
139.0,2025-01-14 15:53:41.557450,0.0,6.272346019744873,-105.58325958251953,57.51011657714844,1.0,6.194317817687988,62.96268844604492,229.9718475341797,1.0
140.0,2025-01-14 15:53:46.162943,0.0,6.326802730560303,-102.93743896484375,57.56740188598633,1.0,6.221934795379639,62.977821350097656,229.31338500976562,1.0
141.0,2025-01-14 15:53:50.787042,0.0,6.37911319732666,-100.9334716796875,57.62185287475586,1.0,6.251010417938232,62.99257278442383,228.67141723632812,1.0
142.0,2025-01-14 15:53:55.252916,0.0,6.429654121398926,-99.28156280517578,57.674163818359375,1.0,6.281182289123535,63.00703048706055,228.0424041748047,1.0
143.0,2025-01-14 15:53:59.490251,0.0,6.478674411773682,-97.8615493774414,57.724700927734375,1.0,6.3122124671936035,63.02123260498047,227.42445373535156,1.0
144.0,2025-01-14 15:54:03.901013,0.0,6.526354789733887,-96.61045837402344,57.773719787597656,1.0,6.343931674957275,63.03520965576172,226.81625366210938,1.0
145.0,2025-01-14 15:54:08.490040,0.0,6.583748817443848,-99.58741760253906,57.821414947509766,1.0,6.38242244720459,63.09185791015625,224.3514862060547,1.0
146.0,2025-01-14 15:54:12.868710,0.0,6.639746189117432,-98.28346252441406,57.878807067871094,1.0,6.421536922454834,63.10845184326172,223.6293487548828,1.0
147.0,2025-01-14 15:54:17.274436,0.0,6.6944732666015625,-97.09744262695312,57.9348030090332,1.0,6.46115779876709,63.12483596801758,222.9164581298828,1.0
148.0,2025-01-14 15:54:21.736247,0.0,6.7480340003967285,-96.00836944580078,57.98952865600586,1.0,6.501190662384033,63.141021728515625,222.21221923828125,1.0
149.0,2025-01-14 15:54:25.986592,0.0,6.800515651702881,-95.0008316040039,58.043087005615234,1.0,6.541557312011719,63.157020568847656,221.5160675048828,1.0
150.0,2025-01-14 15:54:30.344425,0.0,6.851993083953857,-94.06304168701172,58.09556579589844,1.0,6.582190990447998,63.17284393310547,220.82757568359375,1.0
151.0,2025-01-14 15:54:34.896046,0.0,6.902530670166016,-93.18578338623047,58.14704132080078,1.0,6.623034477233887,63.188499450683594,220.14634704589844,1.0
152.0,2025-01-14 15:54:39.421706,0.0,6.95218563079834,-92.36160278320312,58.19757843017578,1.0,6.66403865814209,63.20399856567383,219.47206115722656,1.0
153.0,2025-01-14 15:54:44.036018,0.0,7.001008033752441,-91.58442687988281,58.247230529785156,1.0,6.705160140991211,63.21934127807617,218.80441284179688,1.0
154.0,2025-01-14 15:54:48.371477,0.0,6.879438877105713,67.50532531738281,58.29576110839844,1.0,6.682324409484863,58.09144973754883,0.0,0.0
155.0,2025-01-14 15:54:52.603229,0.0,6.763827800750732,61.942665100097656,58.17421340942383,1.0,6.653531074523926,58.002986907958984,0.0,0.0
156.0,2025-01-14 15:54:56.841668,0.0,6.654227256774902,56.330535888671875,58.058624267578125,1.0,6.61872673034668,57.91402816772461,0.0,0.0
157.0,2025-01-14 15:55:01.346218,0.0,6.559962272644043,46.17924880981445,57.949073791503906,1.0,6.581667900085449,57.84400177001953,0.0,0.0
158.0,2025-01-14 15:55:05.923215,0.0,6.477466106414795,35.190887451171875,57.85483932495117,1.0,6.532839775085449,57.764930725097656,0.0,0.0
159.0,2025-01-14 15:55:10.391936,0.0,6.398768901824951,31.64395523071289,57.77235412597656,1.0,6.480213165283203,57.69086837768555,0.0,0.0
160.0,2025-01-14 15:55:14.753049,0.0,6.322453498840332,29.41994857788086,57.69366455078125,1.0,6.425204277038574,57.618446350097656,0.0,0.0
161.0,2025-01-14 15:55:19.141979,0.0,6.247903823852539,27.771709442138672,57.61735153198242,1.0,6.368430137634277,57.547096252441406,0.0,0.0
162.0,2025-01-14 15:55:23.321860,0.0,6.174740314483643,26.477420806884766,57.542808532714844,1.0,6.310269832611084,57.4765739440918,0.0,0.0
163.0,2025-01-14 15:55:27.833062,0.0,6.102698802947998,25.429370880126953,57.46964645385742,1.0,6.2509870529174805,57.40673065185547,0.0,0.0
164.0,2025-01-14 15:55:32.257180,0.0,6.031583786010742,24.564828872680664,57.397605895996094,1.0,6.1907782554626465,57.33745574951172,0.0,0.0
165.0,2025-01-14 15:55:36.713827,0.0,5.961242198944092,23.84269142150879,57.32649230957031,1.0,6.129796028137207,57.2686653137207,0.0,0.0
166.0,2025-01-14 15:55:41.279817,0.0,6.060062885284424,-134.09951782226562,57.256412506103516,1.0,6.1453166007995605,62.97650909423828,229.37049865722656,1.0
167.0,2025-01-14 15:55:45.549429,0.0,6.153593063354492,-129.15945434570312,57.35521697998047,1.0,6.165059566497803,62.99943923950195,228.37269592285156,1.0
168.0,2025-01-14 15:55:49.759971,0.0,6.239856243133545,-122.37480163574219,57.44872283935547,1.0,6.191030025482178,63.02173614501953,227.40249633789062,1.0
169.0,2025-01-14 15:55:54.186733,0.0,6.298931121826172,-105.99541473388672,57.53491973876953,1.0,6.217902183532715,62.979183197021484,229.2540740966797,1.0
170.0,2025-01-14 15:55:58.543930,0.0,6.3551716804504395,-103.34871673583984,57.593990325927734,1.0,6.2468791007995605,62.99485397338867,228.57223510742188,1.0
171.0,2025-01-14 15:56:02.910899,0.0,6.409247398376465,-101.32711791992188,57.65022659301758,1.0,6.277308464050293,63.0101432800293,227.90692138671875,1.0
172.0,2025-01-14 15:56:07.468170,0.0,6.461529731750488,-99.65341186523438,57.70429992675781,1.0,6.308831691741943,63.0251350402832,227.25469970703125,1.0
173.0,2025-01-14 15:56:11.699206,0.0,6.512267112731934,-98.2104263305664,57.7565803527832,1.0,6.341214179992676,63.03986740112305,226.61367797851562,1.0
174.0,2025-01-14 15:56:16.021755,0.0,6.561639785766602,-96.93618774414062,57.80731201171875,1.0,6.3742852210998535,63.05437088012695,225.9825897216797,1.0
175.0,2025-01-14 15:56:20.671122,0.0,6.6097869873046875,-95.79247283935547,57.856685638427734,1.0,6.407915115356445,63.068668365478516,225.3605194091797,1.0
176.0,2025-01-14 15:56:25.088306,0.0,6.6568217277526855,-94.75363159179688,57.90483093261719,1.0,6.442000389099121,63.08277130126953,224.74673461914062,1.0
177.0,2025-01-14 15:56:29.354129,0.0,6.702836990356445,-93.80142974853516,57.95186233520508,1.0,6.476456165313721,63.096702575683594,224.1406707763672,1.0
178.0,2025-01-14 15:56:33.646218,0.0,6.747910022735596,-92.92227935791016,57.99787521362305,1.0,6.511212348937988,63.11046600341797,223.5418243408203,1.0
179.0,2025-01-14 15:56:38.086749,0.0,6.79210901260376,-92.10572814941406,58.04294967651367,1.0,6.54620885848999,63.12407302856445,222.94979858398438,1.0
180.0,2025-01-14 15:56:42.404173,0.0,6.83549165725708,-91.34352111816406,58.0871467590332,1.0,6.581394672393799,63.13752746582031,222.36424255371094,1.0
181.0,2025-01-14 15:56:46.744923,0.0,6.890328884124756,-95.22305297851562,58.13054656982422,1.0,6.623673915863037,63.19861602783203,219.70623779296875,1.0
182.0,2025-01-14 15:56:51.153374,0.0,6.944124221801758,-94.2506103515625,58.18538284301758,1.0,6.666221618652344,63.21520233154297,218.98452758789062,1.0
183.0,2025-01-14 15:56:55.554919,0.0,6.996944904327393,-93.33995819091797,58.23917770385742,1.0,6.708980083465576,63.23161697387695,218.27032470703125,1.0
184.0,2025-01-14 15:57:00.142624,0.0,7.048847675323486,-92.4835433959961,58.291996002197266,1.0,6.751897811889648,63.247867584228516,217.56329345703125,1.0
185.0,2025-01-14 15:57:04.487697,0.0,6.9310760498046875,65.93705749511719,58.34361267089844,1.0,6.731471538543701,58.14665985107422,0.0,0.0
186.0,2025-01-14 15:57:08.854146,0.0,6.819261074066162,60.375396728515625,58.22586441040039,1.0,6.7050886154174805,58.0622444152832,0.0,0.0
187.0,2025-01-14 15:57:13.302987,0.0,6.713400363922119,54.815616607666016,58.11406707763672,1.0,6.672750949859619,57.977073669433594,0.0,0.0
188.0,2025-01-14 15:57:17.569958,0.0,6.614023685455322,48.76189422607422,58.00822830200195,1.0,6.633929252624512,57.892295837402344,0.0,0.0
189.0,2025-01-14 15:57:22.098288,0.0,6.526675224304199,37.53159713745117,57.90888977050781,1.0,6.5830793380737305,57.809059143066406,0.0,0.0
190.0,2025-01-14 15:57:26.507485,0.0,6.443436145782471,33.69495391845703,57.82155227661133,1.0,6.528120517730713,57.73089599609375,0.0,0.0
191.0,2025-01-14 15:57:31.013999,0.0,6.362724304199219,31.33498191833496,57.738319396972656,1.0,6.4706339836120605,57.654502868652344,0.0,0.0
192.0,2025-01-14 15:57:35.650690,0.0,6.2838850021362305,29.58711814880371,57.65761184692383,1.0,6.411275386810303,57.57923889160156,0.0,0.0
193.0,2025-01-14 15:57:40.028160,0.0,6.204736232757568,29.047298431396484,57.578773498535156,1.0,6.349625110626221,57.50122833251953,0.0,0.0
194.0,2025-01-14 15:57:44.543058,0.0,6.1268463134765625,27.871747970581055,57.49962615966797,1.0,6.286715984344482,57.426002502441406,0.0,0.0
195.0,2025-01-14 15:57:48.981962,0.0,6.049998760223389,26.89874839782715,57.4217414855957,1.0,6.222764492034912,57.35139846801758,0.0,0.0
196.0,2025-01-14 15:57:53.424891,0.0,5.974025726318359,26.082305908203125,57.34489440917969,1.0,6.1579389572143555,57.27732849121094,0.0,0.0
197.0,2025-01-14 15:57:57.855878,0.0,6.067993640899658,-132.5868377685547,57.26918029785156,1.0,6.169585227966309,62.960453033447266,230.06898498535156,1.0
198.0,2025-01-14 15:58:02.152679,0.0,6.1569976806640625,-127.95175170898438,57.36313247680664,1.0,6.185193061828613,62.98198318481445,229.13230895996094,1.0
199.0,2025-01-14 15:58:07.230857,0.0,6.23983907699585,-122.19844055175781,57.452117919921875,1.0,6.205987453460693,63.00291061401367,228.22158813476562,1.0
200.0,2025-01-14 15:58:11.600006,0.0,6.3108978271484375,-111.1968994140625,57.53493118286133,1.0,6.237624645233154,63.02309036254883,227.3437042236328,1.0
201.0,2025-01-14 15:58:15.909075,0.0,6.378228187561035,-107.71607208251953,57.605979919433594,1.0,6.2721171379089355,63.04182434082031,226.52847290039062,1.0
202.0,2025-01-14 15:58:20.162116,0.0,6.442906379699707,-105.23974609375,57.67330551147461,1.0,6.308411121368408,63.06007385253906,225.7344207763672,1.0
203.0,2025-01-14 15:58:24.477202,0.0,6.50543737411499,-103.23477935791016,57.737979888916016,1.0,6.3460187911987305,63.077964782714844,224.95602416992188,1.0
204.0,2025-01-14 15:58:28.807921,0.0,6.566132545471191,-101.52112579345703,57.800506591796875,1.0,6.384642124176025,63.095550537109375,224.19073486328125,1.0
205.0,2025-01-14 15:58:33.223174,0.0,6.605404853820801,-92.5763168334961,57.86116409301758,1.0,6.412784576416016,63.035308837890625,226.81190490722656,1.0
206.0,2025-01-14 15:58:37.575140,0.0,6.6437907218933105,-91.74845123291016,57.90043258666992,1.0,6.441273212432861,63.04691696166992,226.306884765625,1.0
207.0,2025-01-14 15:58:41.812102,0.0,6.681361198425293,-90.98736572265625,57.938819885253906,1.0,6.470042705535889,63.05837631225586,225.8082275390625,1.0
208.0,2025-01-14 15:58:46.336658,0.0,6.718177318572998,-90.28340148925781,57.97638702392578,1.0,6.4990386962890625,63.0697021484375,225.31553649902344,1.0
209.0,2025-01-14 15:58:50.438267,0.0,6.754292964935303,-89.62891387939453,58.01320266723633,1.0,6.528213977813721,63.080894470214844,224.82852172851562,1.0
210.0,2025-01-14 15:58:54.571090,0.0,6.7897539138793945,-89.01768493652344,58.04931640625,1.0,6.557528018951416,63.09196472167969,224.3468780517578,1.0
211.0,2025-01-14 15:58:58.915952,0.0,6.824600696563721,-88.44463348388672,58.08477783203125,1.0,6.586945056915283,63.10291290283203,223.870361328125,1.0
212.0,2025-01-14 15:59:03.289693,0.0,6.858870506286621,-87.90550994873047,58.119625091552734,1.0,6.6164350509643555,63.11375427246094,223.3987579345703,1.0
213.0,2025-01-14 15:59:07.536621,0.0,6.892595291137695,-87.39669799804688,58.153892517089844,1.0,6.645969390869141,63.12448501586914,222.93185424804688,1.0
214.0,2025-01-14 15:59:12.049916,0.0,6.925804138183594,-86.9151382446289,58.187618255615234,1.0,6.675524711608887,63.135108947753906,222.469482421875,1.0
215.0,2025-01-14 15:59:16.547064,0.0,6.958523750305176,-86.45816802978516,58.2208251953125,1.0,6.705078601837158,63.14563751220703,222.011474609375,1.0
216.0,2025-01-14 15:59:20.722171,0.0,6.990777492523193,-86.02349090576172,58.253543853759766,1.0,6.734612464904785,63.15606689453125,221.5576934814453,1.0
217.0,2025-01-14 15:59:25.018178,0.0,7.033628940582275,-89.76014709472656,58.28581237792969,1.0,6.770411491394043,63.209007263183594,219.2540283203125,1.0
218.0,2025-01-14 15:59:29.530488,0.0,6.906519889831543,68.92647552490234,58.3283576965332,1.0,6.741340637207031,58.118927001953125,0.0,0.0
219.0,2025-01-14 15:59:34.068077,0.0,6.785408020019531,63.327449798583984,58.20127487182617,1.0,6.706272602081299,58.0228385925293,0.0,0.0
220.0,2025-01-14 15:59:38.428868,0.0,6.6705803871154785,57.46043395996094,58.08018493652344,1.0,6.664921283721924,57.926937103271484,0.0,0.0
221.0,2025-01-14 15:59:42.746137,0.0,6.564217567443848,49.55633544921875,57.96538543701172,1.0,6.615103721618652,57.83219909667969,0.0,0.0
222.0,2025-01-14 15:59:47.064147,0.0,6.468332290649414,39.774131774902344,57.85905838012695,1.0,6.5548095703125,57.740421295166016,0.0,0.0
223.0,2025-01-14 15:59:51.625851,0.0,6.375577449798584,36.8514404296875,57.76318359375,1.0,6.491384506225586,57.6533203125,0.0,0.0
224.0,2025-01-14 15:59:55.933076,0.0,6.285079002380371,34.74454116821289,57.670433044433594,1.0,6.425703525543213,57.56757736206055,0.0,0.0
225.0,2025-01-14 16:00:00.453312,0.0,6.196348190307617,33.09403991699219,57.57994079589844,1.0,6.358254432678223,57.482852935791016,0.0,0.0
226.0,2025-01-14 16:00:04.876222,0.0,6.1090569496154785,31.750225067138672,57.491214752197266,1.0,6.289365768432617,57.39896011352539,0.0,0.0
227.0,2025-01-14 16:00:09.454025,0.0,6.0229644775390625,30.630916595458984,57.403926849365234,1.0,6.219278812408447,57.315765380859375,0.0,0.0
228.0,2025-01-14 16:00:13.857836,0.0,5.937885284423828,29.68477439880371,57.31783676147461,1.0,6.1481781005859375,57.23316955566406,0.0,0.0
229.0,2025-01-14 16:00:18.209144,0.0,6.022500038146973,-129.90487670898438,57.23301315307617,1.0,6.152597427368164,62.908634185791016,232.32386779785156,1.0
230.0,2025-01-14 16:00:22.503452,0.0,6.102653503417969,-125.74017333984375,57.3176155090332,1.0,6.16060209274292,62.92741775512695,231.5064697265625,1.0
231.0,2025-01-14 16:00:26.680356,0.0,6.177718639373779,-120.9887466430664,57.39775466918945,1.0,6.172844886779785,62.9456672668457,230.71243286132812,1.0
232.0,2025-01-14 16:00:31.082699,0.0,6.242308139801025,-111.20799255371094,57.47279357910156,1.0,6.194742202758789,62.96329116821289,229.945556640625,1.0
233.0,2025-01-14 16:00:35.435971,0.0,6.301342487335205,-106.02166748046875,57.53737258911133,1.0,6.221432209014893,62.979637145996094,229.23426818847656,1.0
234.0,2025-01-14 16:00:39.799202,0.0,6.357512950897217,-103.34768676757812,57.59640121459961,1.0,6.2502570152282715,62.99528503417969,228.5535125732422,1.0
235.0,2025-01-14 16:00:44.168088,0.0,6.411506175994873,-101.3144760131836,57.65256881713867,1.0,6.280548095703125,63.01054763793945,227.8894500732422,1.0
236.0,2025-01-14 16:00:48.559799,0.0,6.463699817657471,-99.63441467285156,57.70655822753906,1.0,6.311941623687744,63.02550506591797,227.23854064941406,1.0
237.0,2025-01-14 16:00:52.953291,0.0,6.51434326171875,-98.18754577636719,57.75874710083008,1.0,6.344200134277344,63.04020690917969,226.59886169433594,1.0
238.0,2025-01-14 16:00:57.455911,0.0,6.563620090484619,-96.91082000732422,57.809391021728516,1.0,6.377151012420654,63.05467987060547,225.96914672851562,1.0
239.0,2025-01-14 16:01:01.656193,0.0,6.611669540405273,-95.7655029296875,57.858665466308594,1.0,6.410664081573486,63.06894302368164,225.34844970703125,1.0
240.0,2025-01-14 16:01:05.943220,0.0,6.658605575561523,-94.72566986083984,57.90671157836914,1.0,6.444634914398193,63.0830192565918,224.73605346679688,1.0
241.0,2025-01-14 16:01:10.497662,0.0,6.721360683441162,-100.0998764038086,57.953678131103516,1.0,6.488546371459961,63.163150787353516,221.24940490722656,1.0
242.0,2025-01-14 16:01:14.753239,0.0,6.78271484375,-98.79235076904297,58.01642990112305,1.0,6.533000946044922,63.18153762817383,220.44943237304688,1.0
243.0,2025-01-14 16:01:19.293675,0.0,6.842781066894531,-97.58953857421875,58.077781677246094,1.0,6.577897548675537,63.19970703125,219.6588134765625,1.0
244.0,2025-01-14 16:01:23.757229,0.0,6.901653289794922,-96.47467041015625,58.13784408569336,1.0,6.623150825500488,63.217674255371094,218.8769989013672,1.0
245.0,2025-01-14 16:01:28.008602,0.0,6.95941162109375,-95.43502044677734,58.19671630859375,1.0,6.668688774108887,63.235450744628906,218.103515625,1.0
246.0,2025-01-14 16:01:32.192898,0.0,7.01612663269043,-94.46061706542969,58.25447082519531,1.0,6.714450836181641,63.25304412841797,217.3379364013672,1.0
247.0,2025-01-14 16:01:36.594271,0.0,6.902945518493652,64.16644287109375,58.310909271240234,1.0,6.697330474853516,58.12129592895508,0.0,0.0
248.0,2025-01-14 16:01:40.766088,0.0,6.795743465423584,58.58385467529297,58.197750091552734,1.0,6.67423152923584,58.04222106933594,0.0,0.0
249.0,2025-01-14 16:01:45.118125,0.0,6.694438457489014,53.07792663574219,58.0905647277832,1.0,6.645235061645508,57.961952209472656,0.0,0.0
250.0,2025-01-14 16:01:49.520081,0.0,6.599371910095215,47.25336837768555,57.989280700683594,1.0,6.6100006103515625,57.88178253173828,0.0,0.0
251.0,2025-01-14 16:01:53.847253,0.0,6.515849590301514,36.47492599487305,57.894248962402344,1.0,6.563221454620361,57.802860260009766,0.0,0.0
252.0,2025-01-14 16:01:58.265781,0.0,6.437038898468018,32.075679779052734,57.81073760986328,1.0,6.511731147766113,57.72865295410156,0.0,0.0
253.0,2025-01-14 16:02:02.564201,0.0,6.374682903289795,23.191131591796875,57.73196792602539,1.0,6.464123725891113,57.68156051635742,0.0,0.0
254.0,2025-01-14 16:02:07.095866,0.0,6.313656806945801,21.94951820373535,57.669612884521484,1.0,6.415186882019043,57.622535705566406,0.0,0.0
255.0,2025-01-14 16:02:11.306538,0.0,6.253672122955322,20.977407455444336,57.60858917236328,1.0,6.365209102630615,57.564170837402344,0.0,0.0
256.0,2025-01-14 16:02:15.959939,0.0,6.194521903991699,20.198135375976562,57.548606872558594,1.0,6.314396381378174,57.50633239746094,0.0,0.0
257.0,2025-01-14 16:02:20.262093,0.0,6.136050701141357,19.56401824951172,57.48945617675781,1.0,6.262904644012451,57.44894027709961,0.0,0.0
258.0,2025-01-14 16:02:24.530040,0.0,6.0781378746032715,19.042667388916016,57.43098831176758,1.0,6.2108540534973145,57.39191436767578,0.0,0.0
259.0,2025-01-14 16:02:28.795082,0.0,6.020688056945801,18.610830307006836,57.373077392578125,1.0,6.158341407775879,57.335201263427734,0.0,0.0
260.0,2025-01-14 16:02:33.019492,0.0,5.963623046875,18.25113868713379,57.31562805175781,1.0,6.105443477630615,57.27874755859375,0.0,0.0
261.0,2025-01-14 16:02:37.486752,0.0,6.073351860046387,-137.47940063476562,57.258827209472656,1.0,6.129216194152832,63.02373123168945,227.31576538085938,1.0
262.0,2025-01-14 16:02:41.993113,0.0,6.176970481872559,-131.77442932128906,57.36853790283203,1.0,6.157885551452637,63.04978561401367,226.18211364746094,1.0
263.0,2025-01-14 16:02:46.255193,0.0,6.267789363861084,-119.82373809814453,57.47211456298828,1.0,6.198173999786377,63.07510757446289,225.08023071289062,1.0
264.0,2025-01-14 16:02:50.610171,0.0,6.353394031524658,-114.95516204833984,57.56291961669922,1.0,6.242568492889404,63.0988883972168,224.04551696777344,1.0
265.0,2025-01-14 16:02:55.273741,0.0,6.420666694641113,-106.21286010742188,57.648475646972656,1.0,6.280728816986084,63.06197738647461,225.6515655517578,1.0
266.0,2025-01-14 16:02:59.812198,0.0,6.48575496673584,-104.17343139648438,57.71574401855469,1.0,6.320205211639404,63.080596923828125,224.8414764404297,1.0
267.0,2025-01-14 16:03:03.909131,0.0,6.5489702224731445,-102.4249038696289,57.78083038330078,1.0,6.360701560974121,63.098907470703125,224.044677734375,1.0
268.0,2025-01-14 16:03:08.371557,0.0,6.610533714294434,-100.88227844238281,57.84403991699219,1.0,6.402008533477783,63.11695098876953,223.25958251953125,1.0
269.0,2025-01-14 16:03:12.617349,0.0,6.670612335205078,-99.49620819091797,57.905601501464844,1.0,6.443971157073975,63.13475036621094,222.485107421875,1.0
270.0,2025-01-14 16:03:17.014734,0.0,6.729339599609375,-98.23458862304688,57.965675354003906,1.0,6.4864654541015625,63.15232467651367,221.7203826904297,1.0
271.0,2025-01-14 16:03:21.157790,0.0,6.786825180053711,-97.07508087158203,58.0244026184082,1.0,6.529392719268799,63.16969299316406,220.96473693847656,1.0
272.0,2025-01-14 16:03:25.561933,0.0,6.843160629272461,-96.00133514404297,58.081886291503906,1.0,6.572669506072998,63.18686294555664,220.21763610839844,1.0
273.0,2025-01-14 16:03:30.049954,0.0,6.8984246253967285,-95.00090026855469,58.13821792602539,1.0,6.616226673126221,63.20384979248047,219.4785919189453,1.0
274.0,2025-01-14 16:03:34.424077,0.0,6.952685356140137,-94.0640640258789,58.1934814453125,1.0,6.660003662109375,63.22065734863281,218.74720764160156,1.0
275.0,2025-01-14 16:03:38.891450,0.0,7.006002426147461,-93.18301391601562,58.247737884521484,1.0,6.703948974609375,63.23729705810547,218.0231475830078,1.0
276.0,2025-01-14 16:03:43.134710,0.0,6.889138221740723,65.71028900146484,58.30077362060547,1.0,6.684563159942627,58.10429000854492,0.0,0.0
277.0,2025-01-14 16:03:47.390797,0.0,6.777478218078613,60.46908950805664,58.18392562866211,1.0,6.658773899078369,58.0196647644043,0.0,0.0
278.0,2025-01-14 16:03:51.872201,0.0,6.671760082244873,54.92157745361328,58.072288513183594,1.0,6.6270432472229,57.934967041015625,0.0,0.0
279.0,2025-01-14 16:03:56.102551,0.0,6.572446346282959,48.941715240478516,57.966590881347656,1.0,6.588907718658447,57.8505859375,0.0,0.0
280.0,2025-01-14 16:04:00.672217,0.0,6.485100269317627,37.76836395263672,57.867313385009766,1.0,6.5388054847717285,57.76764678955078,0.0,0.0
281.0,2025-01-14 16:04:05.087171,0.0,6.40210485458374,33.705623626708984,57.77997970581055,1.0,6.484351634979248,57.68970489501953,0.0,0.0
282.0,2025-01-14 16:04:09.401898,0.0,6.321696758270264,31.290563583374023,57.696990966796875,1.0,6.427310943603516,57.6136360168457,0.0,0.0
283.0,2025-01-14 16:04:13.626374,0.0,6.243189811706543,29.51527214050293,57.61658477783203,1.0,6.368369102478027,57.53871536254883,0.0,0.0
284.0,2025-01-14 16:04:18.032021,0.0,6.166173458099365,28.123149871826172,57.538082122802734,1.0,6.307936191558838,57.46467971801758,0.0,0.0
285.0,2025-01-14 16:04:22.251076,0.0,6.090366363525391,26.994503021240234,57.4610710144043,1.0,6.2462944984436035,57.391361236572266,0.0,0.0
286.0,2025-01-14 16:04:26.653775,0.0,6.01555871963501,26.061203002929688,57.3852653503418,1.0,6.183652877807617,57.31864929199219,0.0,0.0
287.0,2025-01-14 16:04:31.015962,0.0,5.941588878631592,25.2791748046875,57.31045913696289,1.0,6.120173931121826,57.24645233154297,0.0,0.0
288.0,2025-01-14 16:04:35.361842,0.0,6.037560939788818,-133.3909454345703,57.23674774169922,1.0,6.133312702178955,62.95731735229492,230.2055206298828,1.0
289.0,2025-01-14 16:04:39.948884,0.0,6.134498119354248,-130.91159057617188,57.332725524902344,1.0,6.153939247131348,63.003631591796875,228.19024658203125,1.0
290.0,2025-01-14 16:04:44.406772,0.0,6.2245774269104,-124.5086898803711,57.42964172363281,1.0,6.180346965789795,63.02672576904297,227.1854248046875,1.0
291.0,2025-01-14 16:04:48.819173,0.0,6.302855014801025,-113.48988342285156,57.51968765258789,1.0,6.217519283294678,63.04898452758789,226.2168731689453,1.0
292.0,2025-01-14 16:04:53.194872,0.0,6.377474308013916,-110.07403564453125,57.59795379638672,1.0,6.25738000869751,63.06980514526367,225.3109893798828,1.0
293.0,2025-01-14 16:04:57.544083,0.0,6.449377059936523,-107.53785705566406,57.672569274902344,1.0,6.299008846282959,63.09014892578125,224.4258575439453,1.0
294.0,2025-01-14 16:05:01.783856,0.0,6.519041538238525,-105.44764709472656,57.74446487426758,1.0,6.341945171356201,63.11012268066406,223.55670166015625,1.0
295.0,2025-01-14 16:05:06.015968,0.0,6.586771488189697,-103.64177703857422,57.814125061035156,1.0,6.385899543762207,63.12978744506836,222.7010955810547,1.0
296.0,2025-01-14 16:05:10.401940,0.0,6.652785778045654,-102.04019165039062,57.88185119628906,1.0,6.430665969848633,63.149173736572266,221.85752868652344,1.0
297.0,2025-01-14 16:05:14.757111,0.0,6.717252731323242,-100.5950927734375,57.94786071777344,1.0,6.476088523864746,63.16830825805664,221.02490234375,1.0
298.0,2025-01-14 16:05:18.969224,0.0,6.780305862426758,-99.27508544921875,58.012325286865234,1.0,6.522043228149414,63.18721389770508,220.202392578125,1.0
299.0,2025-01-14 16:05:23.523482,0.0,6.842055797576904,-98.05818176269531,58.07537841796875,1.0,6.5684309005737305,63.20589828491211,219.38931274414062,1.0
300.0,2025-01-14 16:05:27.949123,0.0,6.902595043182373,-96.92816925048828,58.137123107910156,1.0,6.615167617797852,63.22438430786133,218.58509826660156,1.0
