iteration,timestamp,error_flag,P2,T1,V5F,J5,V5,T2,V4F,J4,V4,J1,P1F,V1F,P1
0.0,2025-11-06 20:56:28.800324,False,1.0,0.0,0.0,0.0,1.0,0.0,0.0,0.0,1.0,0.0,0.0,0.0,1.0
1.0,2025-11-06 20:56:31.854506,False,1.0,3.1915781497955322,130.785888671875,55.54426956176758,1.0,3.2186312675476074,155.1534881591797,54.51407241821289,1.0,69.21785736083984,212.41648864746094,232.28428649902344,1.0
2.0,2025-11-06 20:56:34.527378,False,1.0,3.3316550254821777,130.31216430664062,55.67726135253906,1.0,3.3848071098327637,153.80491638183594,54.68024444580078,1.0,69.23635864257812,211.44125366210938,231.2305145263672,1.0
3.0,2025-11-06 20:56:37.342224,False,1.0,3.471224784851074,129.8325653076172,55.8096809387207,1.0,3.5495386123657227,152.466796875,54.844966888427734,1.0,69.25482940673828,210.4677734375,230.1776580810547,1.0
4.0,2025-11-06 20:56:40.373153,False,1.0,3.610280752182007,129.34710693359375,55.941524505615234,1.0,3.712836742401123,151.13912963867188,55.00825881958008,1.0,69.27326202392578,209.49607849121094,229.12579345703125,1.0
5.0,2025-11-06 20:56:43.136273,False,0.0,3.748816967010498,-53.798213958740234,54.83970260620117,1.0,3.8747129440307617,-59.39961242675781,55.169639587402344,1.0,54.82794952392578,0.0,-5.015650272369385,0.0
6.0,2025-11-06 20:56:45.869297,False,0.0,3.691196918487549,-54.02840042114258,54.78046417236328,1.0,3.81109356880188,-59.169429779052734,55.10601806640625,1.0,54.768272399902344,0.0,-5.115787506103516,0.0
7.0,2025-11-06 20:56:48.903054,False,0.0,3.6333301067352295,-54.24028015136719,54.721099853515625,1.0,3.747720718383789,-58.95754623413086,55.04264831542969,1.0,54.70850372314453,0.0,-5.207895755767822,0.0
8.0,2025-11-06 20:56:51.824291,False,0.0,3.5752365589141846,-54.43521499633789,54.661624908447266,1.0,3.684574604034424,-58.762603759765625,54.97949981689453,1.0,54.648651123046875,0.0,-5.292586803436279,0.0
9.0,2025-11-06 20:56:54.771506,False,0.0,3.5169341564178467,-54.61448669433594,54.60205078125,1.0,3.6216375827789307,-58.58332824707031,54.91656494140625,1.0,54.588722229003906,0.0,-5.3704142570495605,0.0
10.0,2025-11-06 20:56:57.238225,False,1.0,3.458439826965332,130.18983459472656,55.80221939086914,1.0,3.5588924884796143,152.12469482421875,54.85432052612305,1.0,69.25422668457031,210.49960327148438,230.23941040039062,1.0
11.0,2025-11-06 20:57:00.334694,False,1.0,3.5978784561157227,129.69602966308594,55.934303283691406,1.0,3.7218241691589355,150.80517578125,55.017242431640625,1.0,69.27267456054688,209.5270538330078,229.18572998046875,1.0
12.0,2025-11-06 20:57:03.245440,False,1.0,3.736788272857666,145.39199829101562,56.3185920715332,1.0,3.883342742919922,161.9967041015625,55.1788215637207,1.0,69.37684631347656,204.03660583496094,226.54949951171875,1.0
13.0,2025-11-06 20:57:06.296154,False,1.0,3.8925092220306396,144.70985412597656,56.46315383911133,1.0,4.056848049163818,160.69818115234375,55.35232162475586,1.0,69.39713287353516,202.9670867919922,225.38168334960938,1.0
14.0,2025-11-06 20:57:08.836366,False,1.0,4.047499179840088,144.02407836914062,56.606971740722656,1.0,4.228962421417236,159.40786743164062,55.52442932128906,1.0,69.41738891601562,201.89964294433594,224.21542358398438,1.0
15.0,2025-11-06 20:57:11.890833,False,0.0,4.201755046844482,-28.957277297973633,55.431941986083984,1.0,4.399694442749023,-46.7175178527832,55.694644927978516,1.0,55.4318733215332,0.0,-0.2558874487876892,0.0
16.0,2025-11-06 20:57:14.823416,False,0.0,4.170740604400635,-29.875429153442383,55.397071838378906,1.0,4.349658489227295,-45.79936218261719,55.64461135864258,1.0,55.396759033203125,0.0,-0.6669489741325378,0.0
17.0,2025-11-06 20:57:17.402285,False,0.0,4.138742923736572,-30.709577560424805,55.361480712890625,1.0,4.300605297088623,-44.9652099609375,55.59556198120117,1.0,55.360809326171875,0.0,-1.038989543914795,0.0
18.0,2025-11-06 20:57:20.415679,False,0.0,4.105851650238037,-31.465726852416992,55.32525634765625,1.0,4.252445697784424,-44.20906066894531,55.547401428222656,1.0,55.324153900146484,0.0,-1.3751294612884521,0.0
19.0,2025-11-06 20:57:23.300292,False,0.0,4.072150707244873,-32.14961624145508,55.28848648071289,1.0,4.2050957679748535,-43.52516555786133,55.50005340576172,1.0,55.28690719604492,0.0,-1.6782488822937012,0.0
20.0,2025-11-06 20:57:26.339056,False,1.0,4.037716865539551,143.3589324951172,56.586395263671875,1.0,4.158478736877441,160.57415771484375,55.453948974609375,1.0,69.41339874267578,202.10975646972656,224.3764190673828,1.0
21.0,2025-11-06 20:57:29.251300,False,1.0,4.19126033782959,142.68995666503906,56.7291259765625,1.0,4.330460071563721,159.27049255371094,55.62592315673828,1.0,69.43357849121094,201.04629516601562,223.21517944335938,1.0
22.0,2025-11-06 20:57:32.069008,False,1.0,4.34408712387085,142.01722717285156,56.871124267578125,1.0,4.5010457038879395,157.9751739501953,55.796504974365234,1.0,69.45372772216797,199.98435974121094,222.0555419921875,1.0
23.0,2025-11-06 20:57:35.124776,False,1.0,4.4961934089660645,141.34072875976562,57.01238250732422,1.0,4.670243263244629,156.688232421875,55.965694427490234,1.0,69.47383880615234,198.9245147705078,220.89743041992188,1.0
24.0,2025-11-06 20:57:38.079561,False,1.0,4.6475749015808105,133.15478515625,57.03601837158203,1.0,4.838062763214111,149.5481719970703,56.13347625732422,1.0,69.45384216308594,199.9783477783203,220.48922729492188,1.0
25.0,2025-11-06 20:57:40.995253,False,0.0,4.790189266204834,-39.04518508911133,55.972450256347656,1.0,4.99823522567749,-54.11503601074219,56.29317092895508,1.0,55.97058868408203,0.0,-1.8298448324203491,0.0
26.0,2025-11-06 20:57:43.764396,False,0.0,4.748370170593262,-39.724761962890625,55.926971435546875,1.0,4.9402756690979,-53.43547058105469,56.23521423339844,1.0,55.92451858520508,0.0,-2.130825996398926,0.0
27.0,2025-11-06 20:57:46.339324,False,0.0,4.7058234214782715,-40.34856414794922,55.88101577758789,1.0,4.883044242858887,-52.81166076660156,56.177982330322266,1.0,55.87795639038086,0.0,-2.406496286392212,0.0
28.0,2025-11-06 20:57:49.256280,False,0.0,4.662608623504639,-40.92034149169922,55.83463668823242,1.0,4.826480865478516,-52.239871978759766,56.121421813964844,1.0,55.830970764160156,0.0,-2.658660650253296,0.0
29.0,2025-11-06 20:57:51.980707,False,0.0,4.618781089782715,-41.4437255859375,55.78788375854492,1.0,4.770529747009277,-51.716495513916016,56.06547164916992,1.0,55.78361511230469,0.0,-2.8890488147735596,0.0
30.0,2025-11-06 20:57:54.128227,False,1.0,4.574393272399902,132.94094848632812,56.95958709716797,1.0,4.715139389038086,150.9803009033203,56.01055908203125,1.0,69.44216918945312,200.5937042236328,221.11297607421875,1.0
31.0,2025-11-06 20:57:56.999216,False,1.0,4.71677827835083,132.35597229003906,57.09310531616211,1.0,4.876845359802246,149.69224548339844,56.17226028442383,1.0,69.4612808227539,199.58615112304688,220.01519775390625,1.0
32.0,2025-11-06 20:58:00.053455,False,1.0,4.858537197113037,131.7663116455078,57.22595977783203,1.0,5.037171840667725,148.41363525390625,56.33258056640625,1.0,69.48036193847656,198.58041381835938,218.91883850097656,1.0
33.0,2025-11-06 20:58:03.092833,False,1.0,4.999664306640625,131.17196655273438,57.3581428527832,1.0,5.196128845214844,147.1444854736328,56.49153137207031,1.0,69.49940490722656,197.5767364501953,217.82391357421875,1.0
34.0,2025-11-06 20:58:05.903628,False,1.0,5.140154838562012,130.57302856445312,57.48965835571289,1.0,5.353726863861084,145.88475036621094,56.64912033081055,1.0,69.5184097290039,196.5751953125,216.73045349121094,1.0
35.0,2025-11-06 20:58:08.770342,False,0.0,5.280004024505615,-38.13180923461914,56.46710205078125,1.0,5.509975433349609,-55.02842712402344,56.804908752441406,1.0,56.465911865234375,0.0,-1.4242417812347412,0.0
36.0,2025-11-06 20:58:11.306798,False,0.0,5.239163398742676,-19.840408325195312,56.50198745727539,1.0,5.451037406921387,-42.42613220214844,56.74599838256836,1.0,56.50328063964844,0.0,1.5569849014282227,0.0
37.0,2025-11-06 20:58:13.934721,False,0.0,5.217913627624512,-21.100444793701172,56.47684860229492,1.0,5.405597686767578,-41.16609573364258,56.700557708740234,1.0,56.477420806884766,0.0,1.004221796989441,0.0
38.0,2025-11-06 20:58:17.027257,False,0.0,5.195313930511475,-22.254413604736328,56.45051193237305,1.0,5.361506938934326,-40.01212692260742,56.656471252441406,1.0,56.45066452026367,0.0,0.49350154399871826,0.0
39.0,2025-11-06 20:58:19.514842,False,0.0,5.171478748321533,-23.305742263793945,56.423126220703125,1.0,5.318652153015137,-38.960792541503906,56.613616943359375,1.0,56.42311477661133,0.0,0.023447921499609947,0.0
40.0,2025-11-06 20:58:22.637428,False,1.0,5.146517276763916,142.75588989257812,57.685447692871094,1.0,5.276923656463623,157.7710723876953,56.57238006591797,1.0,69.58626556396484,192.998779296875,215.4697265625,1.0
41.0,2025-11-06 20:58:25.593291,False,1.0,5.29941463470459,142.04005432128906,57.82681655883789,1.0,5.4459028244018555,156.4815216064453,56.74135208129883,1.0,69.60680389404297,191.916259765625,214.28465270996094,1.0
42.0,2025-11-06 20:58:28.551159,False,1.0,5.451545238494873,141.32083129882812,57.96741485595703,1.0,5.613501071929932,155.19998168945312,56.90894317626953,1.0,69.6272964477539,190.83590698242188,213.10122680664062,1.0
43.0,2025-11-06 20:58:31.529656,False,1.0,5.602905750274658,140.5982666015625,58.107242584228516,1.0,5.779726505279541,153.92640686035156,57.075164794921875,1.0,69.64775848388672,189.75772094726562,211.91946411132812,1.0
44.0,2025-11-06 20:58:34.372411,False,1.0,5.75349235534668,139.87242126464844,58.24629211425781,1.0,5.9445881843566895,152.66078186035156,57.24001693725586,1.0,69.66816711425781,188.6817626953125,210.73941040039062,1.0
45.0,2025-11-06 20:58:37.254351,False,0.0,5.903301239013672,-20.205293655395508,57.16501998901367,1.0,6.108094215393066,-42.06127166748047,57.403053283691406,1.0,57.16607666015625,0.0,1.3973751068115234,0.0
46.0,2025-11-06 20:58:39.850469,False,0.0,5.8816609382629395,-21.435211181640625,57.139530181884766,1.0,6.063045024871826,-40.83134460449219,57.35800552368164,1.0,57.13995361328125,0.0,0.8565459847450256,0.0
47.0,2025-11-06 20:58:42.887385,False,0.0,5.858702659606934,-22.559911727905273,57.112884521484375,1.0,6.019312858581543,-39.706634521484375,57.31427764892578,1.0,57.11296463012695,0.0,0.3574381172657013,0.0
48.0,2025-11-06 20:58:45.854504,False,0.0,5.834540367126465,-53.04301834106445,56.930702209472656,1.0,5.976785182952881,-59.91950225830078,57.27170944213867,1.0,56.920166015625,0.0,-4.724960803985596,0.0
49.0,2025-11-06 20:58:48.791318,False,0.0,5.777729034423828,-53.323848724365234,56.8719367980957,1.0,5.912609100341797,-59.638671875,57.20753479003906,1.0,56.86089324951172,0.0,-4.847372055053711,0.0
50.0,2025-11-06 20:58:51.577383,False,1.0,5.720616817474365,117.37904357910156,57.88132095336914,1.0,5.848733425140381,137.1366729736328,57.14408493041992,1.0,69.54585266113281,195.12863159179688,213.18142700195312,1.0
51.0,2025-11-06 20:58:54.340595,False,1.0,5.846334457397461,116.92589569091797,58.000858306884766,1.0,5.995612621307373,135.85275268554688,57.290958404541016,1.0,69.56349182128906,194.1988525390625,212.17233276367188,1.0
52.0,2025-11-06 20:58:57.232715,False,1.0,5.971567153930664,116.46629333496094,58.11984634399414,1.0,6.141116619110107,134.58023071289062,57.436458587646484,1.0,69.58110046386719,193.27102661132812,211.164306640625,1.0
53.0,2025-11-06 20:59:00.153133,False,1.0,6.096307277679443,116.00031280517578,58.23827362060547,1.0,6.285257339477539,133.31906127929688,57.58059310913086,1.0,69.59866333007812,192.34518432617188,210.15740966796875,1.0
54.0,2025-11-06 20:59:02.963322,False,1.0,6.220548629760742,115.52799987792969,58.35614013671875,1.0,6.4280476570129395,132.06924438476562,57.7233772277832,1.0,69.6161880493164,191.42137145996094,209.1516876220703,1.0
55.0,2025-11-06 20:59:05.851054,False,0.0,6.344283580780029,-49.945743560791016,57.46141052246094,1.0,6.569499492645264,-63.016788482666016,57.86441421508789,1.0,57.45573806762695,0.0,-3.3678553104400635,0.0
56.0,2025-11-06 20:59:08.735506,False,0.0,6.290789604187012,-50.460208892822266,57.404510498046875,1.0,6.502005577087402,-62.5023193359375,57.79692459106445,1.0,57.39812088012695,0.0,-3.5941407680511475,0.0
57.0,2025-11-06 20:59:11.575662,False,0.0,6.2367448806762695,-50.93699645996094,57.3472785949707,1.0,6.435063362121582,-62.0255241394043,57.72998046875,1.0,57.34019470214844,0.0,-3.8035497665405273,0.0
58.0,2025-12-04 17:26:33.102533,False,0.0,6.182188987731934,-51.37847900390625,57.28975296020508,1.0,6.368631362915039,-61.584041595458984,57.663551330566406,1.0,57.2819938659668,0.0,-3.997194290161133,0.0
59.0,2025-12-04 17:26:37.135958,False,0.0,6.127160549163818,-51.78693771362305,57.231956481933594,1.0,6.302672386169434,-61.17558288574219,57.597591400146484,1.0,57.223548889160156,0.0,-4.176120281219482,0.0
60.0,2025-12-04 17:26:41.685428,False,1.0,6.071694850921631,88.03202056884766,57.87480926513672,1.0,6.2371506690979,112.15984344482422,57.53239440917969,1.0,69.45763397216797,199.7784881591797,212.40789794921875,1.0
61.0,2025-12-04 17:26:45.899926,False,1.0,6.165980815887451,87.98302459716797,57.968570709228516,1.0,6.357278347015381,110.80974578857422,57.65251541137695,1.0,69.4716796875,199.03829956054688,211.61471557617188,1.0
62.0,2025-12-04 17:26:49.778087,False,1.0,6.260213851928711,87.92169952392578,58.06214904785156,1.0,6.4759602546691895,109.47650909423828,57.77119064331055,1.0,69.48570251464844,198.29905700683594,210.82069396972656,1.0
63.0,2025-12-04 17:26:53.675871,False,1.0,6.354382038116455,87.84803009033203,58.15553283691406,1.0,6.59321403503418,108.16021728515625,57.88844299316406,1.0,69.49971008300781,197.5608367919922,210.02597045898438,1.0
64.0,2025-12-04 17:26:58.251181,False,1.0,6.448470592498779,87.76200103759766,58.24870300292969,1.0,6.7090582847595215,106.86094665527344,58.00428009033203,1.0,69.5136947631836,196.82373046875,209.23065185546875,1.0
65.0,2025-12-04 17:27:02.610089,False,0.0,6.5424675941467285,-84.24494934082031,57.36909103393555,1.0,6.823510646820068,-92.6452865600586,58.11833953857422,1.0,57.34173583984375,0.0,-7.91433572769165,0.0
66.0,2025-12-04 17:27:06.282458,False,0.0,6.452237606048584,-84.48119354248047,57.276424407958984,1.0,6.724283695220947,-92.40904235839844,58.01911544799805,1.0,57.248416900634766,0.0,-8.017077445983887,0.0
67.0,2025-12-04 17:27:09.309197,False,0.0,6.361754894256592,-84.70455932617188,57.18363571166992,1.0,6.625309944152832,-92.18567657470703,57.92013931274414,1.0,57.154998779296875,0.0,-8.114180564880371,0.0
68.0,2025-12-04 17:27:12.371848,False,0.0,6.271032810211182,-84.91572570800781,57.09072494506836,1.0,6.526575088500977,-91.97450256347656,57.821407318115234,1.0,57.061492919921875,0.0,-8.20593547821045,0.0
69.0,2025-12-04 17:27:16.257751,False,0.0,6.180084228515625,-85.11531829833984,56.99770736694336,1.0,6.428066730499268,-91.77490997314453,57.722900390625,1.0,56.96790313720703,0.0,-8.292622566223145,0.0
70.0,2025-12-04 17:27:20.325076,False,1.0,6.088922500610352,89.46762084960938,57.90748977661133,1.0,6.329771995544434,109.9774398803711,57.62500762939453,1.0,69.4638671875,199.449951171875,212.1376190185547,1.0
71.0,2025-12-04 17:27:25.536105,False,1.0,6.184745788574219,89.36849212646484,58.00223922729492,1.0,6.447562217712402,108.67853546142578,57.74279022216797,1.0,69.47798919677734,198.7057647705078,211.334716796875,1.0
72.0,2025-12-04 17:27:30.028310,False,1.0,6.280463218688965,85.48323822021484,58.056671142578125,1.0,6.563961505889893,104.1058349609375,57.85917282104492,1.0,69.47368621826172,198.93252563476562,210.75177001953125,1.0
73.0,2025-12-04 17:27:37.691150,False,1.0,6.372019290924072,85.4304428100586,58.147674560546875,1.0,6.6754631996154785,102.81585693359375,57.97066879272461,1.0,69.48727416992188,198.21604919433594,209.97642517089844,1.0
74.0,2025-12-04 17:27:45.562630,False,1.0,6.4635186195373535,85.36447143554688,58.238487243652344,1.0,6.785583019256592,101.54374694824219,58.08078384399414,1.0,69.50084686279297,197.50067138671875,209.20042419433594,1.0
75.0,2025-12-04 17:27:48.554852,False,0.0,6.554947853088379,-87.75919342041016,57.34474563598633,1.0,6.894340515136719,-98.15324401855469,58.189151763916016,1.0,57.31696319580078,0.0,-7.977236270904541,0.0
76.0,2025-12-04 17:27:51.689311,False,0.0,6.460954189300537,-88.03765869140625,57.247779846191406,1.0,6.789214611053467,-97.87478637695312,58.08402633666992,1.0,57.21921920776367,0.0,-8.098532676696777,0.0
77.0,2025-12-04 17:27:55.071379,False,0.0,6.36666202545166,-88.3017578125,57.150657653808594,1.0,6.684386730194092,-97.61067962646484,57.97919845581055,1.0,57.12135314941406,0.0,-8.21351146697998,0.0
78.0,2025-12-04 17:27:58.093883,False,0.0,6.272087097167969,-88.55219268798828,57.05339813232422,1.0,6.579841613769531,-97.36024475097656,57.87465286254883,1.0,57.023372650146484,0.0,-8.32248306274414,0.0
79.0,2025-12-04 17:28:00.773992,False,0.0,6.177244186401367,-88.78961181640625,56.95600128173828,1.0,6.475564956665039,-97.1228256225586,57.77037811279297,1.0,56.925289154052734,0.0,-8.425745964050293,0.0
80.0,2025-12-04 17:28:03.781381,False,1.0,6.082146644592285,86.77128601074219,57.87186813354492,1.0,6.371541976928711,105.35698699951172,57.6667594909668,1.0,69.44710540771484,200.3332061767578,212.322998046875,1.0
81.0,2025-12-04 17:28:06.803524,False,1.0,6.175082683563232,86.70471954345703,57.9640998840332,1.0,6.484384059906006,104.07111358642578,57.77959442138672,1.0,69.46080780029297,199.6111602783203,211.5414581298828,1.0
82.0,2025-12-04 17:28:09.879098,False,1.0,6.267946720123291,86.62528991699219,58.05612564086914,1.0,6.595848560333252,102.80280303955078,57.891056060791016,1.0,69.4744873046875,198.8902587890625,210.75933837890625,1.0
83.0,2025-12-04 17:28:12.794113,False,1.0,6.3607258796691895,86.53296661376953,58.14793395996094,1.0,6.705954551696777,101.55216217041016,58.001155853271484,1.0,69.4881362915039,198.1705780029297,209.97679138183594,1.0
84.0,2025-12-04 17:28:15.894121,False,1.0,6.45340633392334,59.247352600097656,57.99245071411133,1.0,6.81472110748291,61.552249908447266,58.10980224609375,1.0,69.34761810302734,205.57691955566406,210.11944580078125,1.0
85.0,2025-12-04 17:28:18.796009,False,0.0,6.516862869262695,-132.57412719726562,56.72723388671875,1.0,6.880645751953125,-136.18321228027344,58.175296783447266,1.0,56.64866256713867,0.0,-14.009173393249512,0.0
86.0,2025-12-04 17:28:21.681797,False,0.0,6.374870300292969,-132.64698791503906,56.584136962890625,1.0,6.734787940979004,-136.1103515625,58.029441833496094,1.0,56.50524139404297,0.0,-14.040657997131348,0.0
87.0,2025-12-04 17:28:24.291118,False,0.0,6.232800006866455,-132.71693420410156,56.44100570678711,1.0,6.589008331298828,-136.0404052734375,57.88365936279297,1.0,56.36179733276367,0.0,-14.070891380310059,0.0
88.0,2025-12-04 17:28:27.231101,False,0.0,6.0906548500061035,-132.7841033935547,56.2978401184082,1.0,6.44330358505249,-135.97323608398438,57.73795700073242,1.0,56.21833419799805,0.0,-14.099916458129883,0.0
89.0,2025-12-04 17:28:30.121758,False,0.0,5.948437690734863,-132.84857177734375,56.15464782714844,1.0,6.297670364379883,-135.9087677001953,57.592323303222656,1.0,56.07484817504883,0.0,-14.127765655517578,0.0
90.0,2025-12-04 17:28:33.114995,False,1.0,5.806151390075684,61.96147918701172,57.36630630493164,1.0,6.152106761932373,67.50050354003906,57.447200775146484,1.0,69.2574691772461,210.32867431640625,215.42385864257812,1.0
91.0,2025-12-04 17:28:36.220328,False,1.0,5.872514247894287,61.908470153808594,57.432247161865234,1.0,6.22440242767334,66.6352767944336,57.51949691772461,1.0,69.26696014404297,209.828125,214.86929321289062,1.0
92.0,2025-12-04 17:28:38.982196,False,1.0,5.938820838928223,61.79838562011719,57.497684478759766,1.0,6.295771598815918,65.83451080322266,57.59086227416992,1.0,69.2763900756836,209.33119201660156,214.31814575195312,1.0
93.0,2025-12-04 17:28:41.848567,False,1.0,6.005009651184082,61.64288330078125,57.562644958496094,1.0,6.366282939910889,65.08589172363281,57.661373138427734,1.0,69.28575897216797,208.83753967285156,213.7700958251953,1.0
94.0,2025-12-04 17:28:44.762399,False,1.0,6.07103157043457,61.45064163208008,57.62715148925781,1.0,6.43599271774292,64.38027954101562,57.7310791015625,1.0,69.2950668334961,208.3469696044922,213.22496032714844,1.0
95.0,2025-12-04 17:28:47.585036,False,0.0,6.136847972869873,-132.49281311035156,56.34844970703125,1.0,6.504946708679199,-136.2645263671875,57.799598693847656,1.0,56.270240783691406,0.0,-13.974017143249512,0.0
96.0,2025-12-04 17:28:50.575618,False,0.0,5.994942665100098,-134.1679229736328,56.1810417175293,1.0,6.359001636505127,-137.54861450195312,57.653648376464844,1.0,56.100257873535156,0.0,-14.221354484558105,0.0
97.0,2025-12-04 17:28:53.630972,False,0.0,5.851243019104004,-134.23556518554688,56.03630447387695,1.0,6.211681365966797,-137.48094177246094,57.50632858276367,1.0,55.95521545410156,0.0,-14.250591278076172,0.0
98.0,2025-12-04 17:28:56.548230,False,0.0,5.7074713706970215,-134.30056762695312,55.891536712646484,1.0,6.064433574676514,-137.4159393310547,57.35908126831055,1.0,55.810157775878906,0.0,-14.278672218322754,0.0
99.0,2025-12-04 17:28:59.532041,False,0.0,5.563630104064941,-134.36297607421875,55.746742248535156,1.0,5.917255401611328,-137.35353088378906,57.2119026184082,1.0,55.665077209472656,0.0,-14.30563735961914,0.0
100.0,2025-12-04 17:29:02.450901,False,1.0,5.419721603393555,62.95145797729492,56.98777389526367,1.0,5.770144462585449,69.14649963378906,57.065242767333984,1.0,69.19972229003906,213.3719940185547,218.54379272460938,1.0
101.0,2025-12-04 17:29:05.294757,False,1.0,5.48714542388916,62.94552993774414,57.05514907836914,1.0,5.844202995300293,68.22309112548828,57.13930130004883,1.0,69.20933532714844,212.86534118652344,217.9829559326172,1.0
102.0,2025-12-04 17:29:07.965180,False,1.0,5.554562568664551,62.87137222290039,57.121971130371094,1.0,5.917272567749023,67.37591552734375,57.21236801147461,1.0,69.2188720703125,212.36265563964844,217.42591857910156,1.0
103.0,2025-12-04 17:29:10.959946,False,1.0,5.62190055847168,62.74418258666992,57.188289642333984,1.0,5.989435195922852,66.58891296386719,57.28452682495117,1.0,69.22834777832031,211.86346435546875,216.87220764160156,1.0
104.0,2025-12-04 17:29:13.915207,False,1.0,5.6891021728515625,62.57465744018555,57.25413513183594,1.0,6.060754776000977,65.850830078125,57.3558464050293,1.0,69.23775482177734,211.36749267578125,216.321533203125,1.0
105.0,2025-12-04 17:29:16.850974,False,0.0,5.75612211227417,-133.9605712890625,55.94539260864258,1.0,6.131283760070801,-137.75595092773438,57.42593002319336,1.0,55.865543365478516,0.0,-14.131734848022461,0.0
106.0,2025-12-04 17:29:19.727205,False,0.0,5.612644672393799,-134.03643798828125,55.80075454711914,1.0,5.983741283416748,-137.68008422851562,57.278385162353516,1.0,55.72056579589844,0.0,-14.164532661437988,0.0
107.0,2025-12-04 17:29:22.279013,False,0.0,5.469086170196533,-134.10931396484375,55.65608215332031,1.0,5.836280345916748,-137.60719299316406,57.130924224853516,1.0,55.5755615234375,0.0,-14.196029663085938,0.0
108.0,2025-12-04 17:29:25.334243,False,0.0,5.325449466705322,-96.94699096679688,56.01294708251953,1.0,5.688897132873535,-106.56852722167969,56.98367691040039,1.0,55.977413177490234,0.0,-9.114908218383789,0.0
109.0,2025-12-04 17:29:28.538412,False,0.0,5.221615314483643,-97.18709564208984,55.90632247924805,1.0,5.574758052825928,-106.32842254638672,56.869537353515625,1.0,55.87003707885742,0.0,-9.219335556030273,0.0
110.0,2025-12-04 17:29:31.425925,False,1.0,5.117524147033691,86.26506805419922,56.901912689208984,1.0,5.460875988006592,104.04280853271484,56.75608825683594,1.0,69.2854995727539,208.85110473632812,220.20481872558594,1.0
111.0,2025-12-04 17:29:34.516707,False,1.0,5.2099175453186035,86.25391387939453,56.99419021606445,1.0,5.572309970855713,102.74266815185547,56.867515563964844,1.0,69.298828125,208.14862060546875,219.44296264648438,1.0
112.0,2025-12-04 17:29:37.492617,False,1.0,5.3022990226745605,86.22933959960938,57.08631134033203,1.0,5.682351589202881,101.4604263305664,56.97755432128906,1.0,69.31214141845703,207.44703674316406,218.6802215576172,1.0
113.0,2025-12-04 17:29:40.256911,False,1.0,5.394654273986816,86.19129180908203,57.17826843261719,1.0,5.791019916534424,100.19622802734375,57.08621597290039,1.0,69.32543182373047,206.74644470214844,217.916748046875,1.0
114.0,2025-12-04 17:29:43.237978,False,1.0,5.486968517303467,86.13968658447266,57.270042419433594,1.0,5.89833402633667,98.9501953125,57.19352722167969,1.0,69.33869934082031,206.04693603515625,217.15261840820312,1.0
115.0,2025-12-04 17:29:46.133140,False,0.0,5.579227447509766,-95.51943969726562,56.28318786621094,1.0,6.004313945770264,-107.99608612060547,57.29908752441406,1.0,56.25197219848633,0.0,-8.493104934692383,0.0
116.0,2025-12-04 17:29:49.322025,False,0.0,5.476922512054443,-95.82768249511719,56.177345275878906,1.0,5.888645648956299,-107.68783569335938,57.18342208862305,1.0,56.14521789550781,0.0,-8.627496719360352,0.0
117.0,2025-12-04 17:29:52.202117,False,0.0,5.374287128448486,-96.121337890625,56.07133102416992,1.0,5.7733073234558105,-107.3941879272461,57.068084716796875,1.0,56.03832244873047,0.0,-8.755468368530273,0.0
118.0,2025-12-04 17:29:55.118277,False,0.0,5.271337032318115,-96.40101623535156,55.965152740478516,1.0,5.6582841873168945,-107.114501953125,56.953060150146484,1.0,55.93130111694336,0.0,-8.877279281616211,0.0
119.0,2025-12-04 17:29:58.304015,False,0.0,5.168087482452393,-96.66734313964844,55.85882568359375,1.0,5.543560028076172,-106.84817504882812,56.83833694458008,1.0,55.82415771484375,0.0,-8.993224143981934,0.0
120.0,2025-12-04 17:30:01.342783,False,1.0,5.0645527839660645,103.85325622558594,57.04962921142578,1.0,5.429121017456055,118.8569107055664,56.72439193725586,1.0,69.36376190185547,204.726318359375,219.51673889160156,1.0
121.0,2025-12-04 17:30:04.162541,False,1.0,5.175784111022949,103.53833770751953,57.15699005126953,1.0,5.556421756744385,117.65888977050781,56.851688385009766,1.0,69.37921142578125,203.91177368164062,218.62881469726562,1.0
122.0,2025-12-04 17:30:07.040884,False,1.0,5.286677837371826,103.21455383300781,57.263916015625,1.0,5.68243932723999,116.47480010986328,56.977699279785156,1.0,69.3946304321289,203.09910583496094,217.7417755126953,1.0
123.0,2025-12-04 17:30:09.980741,False,1.0,5.3972249031066895,102.88196563720703,57.37039566040039,1.0,5.807188510894775,115.30463409423828,57.10244369506836,1.0,69.4100112915039,202.28834533691406,216.8556365966797,1.0
124.0,2025-12-04 17:30:12.880276,False,1.0,5.507415771484375,102.54061889648438,57.47642517089844,1.0,5.930684566497803,114.14836120605469,57.22593688964844,1.0,69.42536163330078,201.4795379638672,215.97052001953125,1.0
125.0,2025-12-04 17:30:15.647200,False,0.0,5.617240905761719,-72.12604522705078,56.560943603515625,1.0,6.052942276000977,-90.57872009277344,57.3477783203125,1.0,56.549442291259766,0.0,-4.933056831359863,0.0
126.0,2025-12-04 17:30:18.537105,False,0.0,5.5399909019470215,-72.65872955322266,56.47887420654297,1.0,5.955928802490234,-90.04603576660156,57.25076675415039,1.0,56.46635818481445,0.0,-5.167261123657227,0.0
127.0,2025-12-04 17:30:21.370381,False,0.0,5.462170600891113,-73.16273498535156,56.39646530151367,1.0,5.859485626220703,-89.54203033447266,57.154327392578125,1.0,56.38295364379883,0.0,-5.388673305511475,0.0
128.0,2025-12-04 17:30:23.897626,False,0.0,5.383810043334961,-73.63947296142578,56.31373977661133,1.0,5.763582229614258,-89.0652847290039,57.05842208862305,1.0,56.29925537109375,0.0,-5.597899436950684,0.0
129.0,2025-12-04 17:30:26.804205,False,0.0,5.304939270019531,-74.09022521972656,56.23072052001953,1.0,5.668190002441406,-88.6145248413086,56.96303176879883,1.0,56.21528625488281,0.0,-5.795536518096924,0.0
130.0,2025-12-04 17:30:29.429076,False,1.0,5.225585460662842,102.61421203613281,57.195491790771484,1.0,5.573279857635498,118.18360137939453,56.86854934692383,1.0,69.38402557373047,203.65809631347656,218.30682373046875,1.0
131.0,2025-12-04 17:30:32.186891,False,1.0,5.335489749908447,102.31477355957031,57.301753997802734,1.0,5.699859619140625,116.97660827636719,56.995121002197266,1.0,69.39939880371094,202.84799194335938,217.4245147705078,1.0
132.0,2025-12-04 17:30:34.700750,False,1.0,5.445073127746582,93.90248107910156,57.31271743774414,1.0,5.825146198272705,108.48052978515625,57.12037658691406,1.0,69.3737564086914,204.1993408203125,217.0758819580078,1.0
133.0,2025-12-04 17:30:37.718201,False,1.0,5.545646667480469,93.71128845214844,57.4111328125,1.0,5.941333293914795,107.27310180664062,57.23655700683594,1.0,69.3880386352539,203.44651794433594,216.25485229492188,1.0
134.0,2025-12-04 17:30:40.672203,False,1.0,5.646015167236328,93.5083236694336,57.50921630859375,1.0,6.056227207183838,106.08247375488281,57.35144805908203,1.0,69.40229034423828,202.69534301757812,215.43418884277344,1.0
135.0,2025-12-04 17:30:43.295755,False,0.0,5.746166229248047,-83.71339416503906,56.5782470703125,1.0,6.169846057891846,-98.73725891113281,57.46465301513672,1.0,56.557655334472656,0.0,-6.775455951690674,0.0
136.0,2025-12-04 17:30:46.015124,False,0.0,5.656506061553955,-84.1148910522461,56.484466552734375,1.0,6.064094543457031,-98.33574676513672,57.35890579223633,1.0,56.462886810302734,0.0,-6.9511399269104,0.0
137.0,2025-12-04 17:30:49.114558,False,0.0,5.566415309906006,-84.49610137939453,56.39044952392578,1.0,5.958772659301758,-97.95454406738281,57.25358200073242,1.0,56.36791229248047,0.0,-7.117819309234619,0.0
138.0,2025-12-04 17:30:52.231115,False,0.0,5.475916385650635,-84.85790252685547,56.296207427978516,1.0,5.8538594245910645,-97.59273529052734,57.1486701965332,1.0,56.27274703979492,0.0,-7.275905132293701,0.0
139.0,2025-12-04 17:30:55.584015,False,0.0,5.385030269622803,-85.20121002197266,56.201759338378906,1.0,5.749333381652832,-97.24942779541016,57.04414749145508,1.0,56.177406311035156,0.0,-7.425800323486328,0.0
140.0,2025-12-04 17:30:58.063093,False,1.0,5.293776035308838,94.09979248046875,57.16365051269531,1.0,5.645175457000732,110.41363525390625,56.94041061401367,1.0,69.35209655761719,205.34095764160156,218.31466674804688,1.0
141.0,2025-12-04 17:31:01.124028,False,1.0,5.394560813903809,93.92768096923828,57.262489318847656,1.0,5.76343297958374,109.17972564697266,57.05866241455078,1.0,69.36641693115234,204.58604431152344,217.49378967285156,1.0
142.0,2025-12-04 17:31:03.719110,False,1.0,5.495161533355713,93.74421691894531,57.361019134521484,1.0,5.880369186401367,107.9620590209961,57.175594329833984,1.0,69.3807144165039,203.83262634277344,216.67306518554688,1.0
143.0,2025-12-04 17:31:06.903386,False,1.0,5.595565319061279,93.5494155883789,57.459228515625,1.0,5.99600076675415,106.76070404052734,57.291221618652344,1.0,69.39498138427734,203.08078002929688,215.85260009765625,1.0
144.0,2025-12-04 17:31:09.073563,False,1.0,5.695760726928711,101.95364379882812,57.65764236450195,1.0,6.110345840454102,113.63128662109375,57.40559387207031,1.0,69.45330047607422,200.00701904296875,214.47035217285156,1.0
145.0,2025-12-04 17:31:12.218018,False,0.0,5.804956912994385,-71.43965148925781,56.754825592041016,1.0,6.232049465179443,-89.67152404785156,57.52688980102539,1.0,56.74349594116211,0.0,-4.893552303314209,0.0
146.0,2025-12-04 17:31:15.194442,False,0.0,5.728442192077637,-71.9704818725586,56.673545837402344,1.0,6.136007785797119,-89.14069366455078,57.43084716796875,1.0,56.66121292114258,0.0,-5.126938819885254,0.0
147.0,2025-12-04 17:31:18.396075,False,0.0,5.6513590812683105,-72.47248077392578,56.5919303894043,1.0,6.040534496307373,-88.63867950439453,57.33537673950195,1.0,56.578609466552734,0.0,-5.3474650382995605,0.0
148.0,2025-12-04 17:31:21.389089,False,0.0,5.573738098144531,-72.94710540771484,56.5099983215332,1.0,5.945598602294922,-88.16407012939453,57.24044418334961,1.0,56.4957160949707,0.0,-5.555749416351318,0.0
149.0,2025-12-04 17:31:24.060551,False,0.0,5.495608806610107,-73.3956069946289,56.427772521972656,1.0,5.851171493530273,-87.71554565429688,57.146018981933594,1.0,56.41255187988281,0.0,-5.752387046813965,0.0
150.0,2025-12-04 17:31:27.099117,False,1.0,5.416998863220215,102.04344177246094,57.37997055053711,1.0,5.7572245597839355,117.62264251708984,57.052490234375,1.0,69.41224670410156,202.1707305908203,216.791259765625,1.0
151.0,2025-12-04 17:31:30.054001,False,1.0,5.526291847229004,101.74420166015625,57.48564147949219,1.0,5.883203029632568,116.41565704345703,57.178462982177734,1.0,69.42760467529297,201.3610076904297,215.9093780517578,1.0
152.0,2025-12-04 17:31:33.171999,False,1.0,5.635263919830322,101.43582916259766,57.59088897705078,1.0,6.007889270782471,115.22286987304688,57.30314254760742,1.0,69.44293212890625,200.55313110351562,215.0282745361328,1.0
153.0,2025-12-04 17:31:36.182151,False,1.0,5.743906021118164,101.11837005615234,57.69570541381836,1.0,6.131297588348389,114.04428100585938,57.42654800415039,1.0,69.4582290649414,199.74713134765625,214.14801025390625,1.0
154.0,2025-12-04 17:31:39.274956,False,1.0,5.852207660675049,100.79188537597656,57.800086975097656,1.0,6.253443717956543,112.8798828125,57.54869079589844,1.0,69.47348022460938,198.9430694580078,213.2686767578125,1.0
155.0,2025-12-04 17:31:42.320157,False,0.0,5.960159778594971,-71.79029083251953,56.90688705444336,1.0,6.374342441558838,-89.32089233398438,57.66918182373047,1.0,56.8948974609375,0.0,-5.0477728843688965,0.0
156.0,2025-12-04 17:31:45.212505,False,0.0,5.883269786834717,-63.881343841552734,56.897701263427734,1.0,6.278676509857178,-82.63740539550781,57.57353973388672,1.0,56.889976501464844,0.0,-3.9711415767669678,0.0
157.0,2025-12-04 17:31:47.789022,False,0.0,5.814849853515625,-64.4677963256836,56.824493408203125,1.0,6.190168380737305,-82.05094146728516,57.48503112792969,1.0,56.81583023071289,0.0,-4.229625225067139,0.0
158.0,2025-12-04 17:31:50.752769,False,0.0,5.745802402496338,-65.02041625976562,56.75089645385742,1.0,6.102288246154785,-81.49832916259766,57.397151947021484,1.0,56.74130630493164,0.0,-4.472891807556152,0.0
159.0,2025-12-04 17:31:53.689718,False,0.0,5.6761627197265625,-65.54084777832031,56.676944732666016,1.0,6.015000343322754,-80.97789001464844,57.30986785888672,1.0,56.666439056396484,0.0,-4.70172119140625,0.0
160.0,2025-12-04 17:31:56.505959,False,1.0,5.605966091156006,106.75285339355469,57.62715148925781,1.0,5.928269386291504,121.97164916992188,57.22355270385742,1.0,69.46730041503906,199.26876831054688,214.90992736816406,1.0
161.0,2025-12-04 17:31:59.697640,False,1.0,5.720302581787109,106.38336944580078,57.736839294433594,1.0,6.058906078338623,120.77001953125,57.354183197021484,1.0,69.48333740234375,198.4237823486328,213.98873901367188,1.0
162.0,2025-12-04 17:32:02.476606,False,1.0,5.8342437744140625,106.0059585571289,57.846046447753906,1.0,6.188255786895752,119.58143615722656,57.48352813720703,1.0,69.49932861328125,197.5807647705078,213.06858825683594,1.0
163.0,2025-12-04 17:32:05.384706,False,1.0,5.947780132293701,105.62068939208984,57.95476531982422,1.0,6.3163323402404785,118.40587615966797,57.611602783203125,1.0,69.51528930664062,196.73977661132812,212.14956665039062,1.0
164.0,2025-12-04 17:32:08.367425,False,1.0,6.060904502868652,105.22764587402344,58.062992095947266,1.0,6.443150043487549,117.24331665039062,57.7384147644043,1.0,69.53120422363281,195.90084838867188,211.23171997070312,1.0
165.0,2025-12-04 17:32:10.832574,False,0.0,6.17360782623291,-63.889835357666016,57.18796920776367,1.0,6.568722724914551,-82.62892150878906,57.86358642578125,1.0,57.180233001708984,0.0,-3.974893569946289,0.0
166.0,2025-12-04 17:32:13.488430,False,0.0,6.1051788330078125,-64.4758071899414,57.11475372314453,1.0,6.480223655700684,-82.04293823242188,57.775089263916016,1.0,57.1060791015625,0.0,-4.233153820037842,0.0
167.0,2025-12-04 17:32:16.163275,False,0.0,6.036122798919678,-65.0279541015625,57.04115676879883,1.0,6.392352104187012,-81.49078369140625,57.687217712402344,1.0,57.031551361083984,0.0,-4.47621488571167,0.0
168.0,2025-12-04 17:32:19.029892,False,0.0,5.966475009918213,-83.39753723144531,56.801788330078125,1.0,6.30507230758667,-94.65969848632812,57.59989547729492,1.0,56.77786636352539,0.0,-7.355216026306152,0.0
169.0,2025-12-04 17:32:21.813074,False,0.0,5.877152919769287,-83.70894622802734,56.70928192138672,1.0,6.20368766784668,-94.34828186035156,57.498512268066406,1.0,56.68454360961914,0.0,-7.49103307723999,0.0
170.0,2025-12-04 17:32:24.801619,False,1.0,5.787497043609619,92.32323455810547,57.63743591308594,1.0,6.102636814117432,109.57379913330078,57.39786911010742,1.0,69.42491912841797,201.502685546875,214.40948486328125,1.0
171.0,2025-12-04 17:32:27.615539,False,1.0,5.886379241943359,92.1652603149414,57.73455810546875,1.0,6.219995021820068,108.32615661621094,57.51522445678711,1.0,69.43920135498047,200.7498779296875,213.59230041503906,1.0
172.0,2025-12-04 17:32:30.829031,False,1.0,5.9850921630859375,91.99574279785156,57.831390380859375,1.0,6.336016654968262,107.09494018554688,57.63124084472656,1.0,69.45346069335938,199.99853515625,212.77516174316406,1.0
173.0,2025-12-04 17:32:34.027155,False,1.0,6.08362340927124,91.81470489501953,57.927913665771484,1.0,6.450719833374023,105.88021087646484,57.74593734741211,1.0,69.46768188476562,199.24871826171875,211.95816040039062,1.0
174.0,2025-12-04 17:32:36.913257,False,1.0,6.181960582733154,91.62214660644531,58.02412033081055,1.0,6.564121723175049,104.68202209472656,57.859336853027344,1.0,69.48188018798828,198.50047302246094,211.1414031982422,1.0
175.0,2025-12-04 17:32:40.091189,False,0.0,6.280091762542725,-81.9223861694336,57.130348205566406,1.0,6.67624044418335,-96.13485717773438,57.9710578918457,1.0,57.11012649536133,0.0,-6.7107038497924805,0.0
176.0,2025-12-04 17:32:43.165425,False,0.0,6.192349433898926,-82.31086730957031,57.038692474365234,1.0,6.573276042938232,-95.74636840820312,57.86809539794922,1.0,57.017520904541016,0.0,-6.880613803863525,0.0
177.0,2025-12-04 17:32:46.428640,False,0.0,6.104190826416016,-82.67921447753906,56.946807861328125,1.0,6.470727920532227,-95.37802124023438,57.76554870605469,1.0,56.92472457885742,0.0,-7.041602611541748,0.0
178.0,2025-12-04 17:32:49.594286,False,0.0,6.01563835144043,-83.02836608886719,56.85470962524414,1.0,6.368574142456055,-95.02885437011719,57.663394927978516,1.0,56.83174133300781,0.0,-7.194096565246582,0.0
179.0,2025-12-04 17:32:52.752331,False,0.0,5.926711559295654,-83.3592300415039,56.762413024902344,1.0,6.266794204711914,-94.697998046875,57.561614990234375,1.0,56.73859405517578,0.0,-7.338501453399658,0.0
180.0,2025-12-04 17:32:55.865530,False,1.0,5.837430000305176,102.28370666503906,57.80331802368164,1.0,6.165369033813477,117.48787689208984,57.46063232421875,1.0,69.48209381103516,198.48916625976562,213.3267364501953,1.0
181.0,2025-12-04 17:32:58.849988,False,1.0,5.9469804763793945,101.9612808227539,57.90895462036133,1.0,6.291203022003174,116.28752899169922,57.586463928222656,1.0,69.49762725830078,197.6707000732422,212.43467712402344,1.0
182.0,2025-12-04 17:33:01.876877,False,1.0,6.056184768676758,101.63005065917969,58.01415252685547,1.0,6.415751934051514,115.10111999511719,57.71100616455078,1.0,69.51311492919922,196.8541259765625,211.5435028076172,1.0
183.0,2025-12-04 17:33:04.734818,False,1.0,6.165034770965576,101.29008483886719,58.118900299072266,1.0,6.539030075073242,113.92862701416016,57.83428192138672,1.0,69.52857208251953,196.03952026367188,210.65328979492188,1.0
184.0,2025-12-04 17:33:07.645973,False,1.0,6.2735209465026855,100.9414291381836,58.22319412231445,1.0,6.661052227020264,112.7700424194336,57.956298828125,1.0,69.54399108886719,195.22689819335938,209.76409912109375,1.0
185.0,2025-12-04 17:33:10.463174,False,0.0,6.381633281707764,-68.1875,57.36003494262695,1.0,6.781833648681641,-86.00012969970703,58.07668685913086,1.0,57.34991455078125,0.0,-4.603111267089844,0.0
186.0,2025-12-04 17:33:13.253428,False,0.0,6.3086018562316895,-68.72506713867188,57.28236389160156,1.0,6.689723968505859,-85.46255493164062,57.98457717895508,1.0,57.27127456665039,0.0,-4.839563846588135,0.0
187.0,2025-12-04 17:33:16.118088,False,0.0,6.234994411468506,-69.23246002197266,57.204349517822266,1.0,6.598189830780029,-84.95515441894531,57.893043518066406,1.0,57.19231033325195,0.0,-5.062526226043701,0.0
188.0,2025-12-04 17:33:18.899898,False,0.0,6.160843372344971,-69.71117401123047,57.12601852416992,1.0,6.507199764251709,-84.4764404296875,57.80205535888672,1.0,57.1130485534668,0.0,-5.272662162780762,0.0
189.0,2025-12-04 17:33:21.718188,False,0.0,6.086179733276367,-70.16259765625,57.047386169433594,1.0,6.416721820831299,-84.02501678466797,57.711578369140625,1.0,57.03351593017578,0.0,-5.470617771148682,0.0
190.0,2025-12-04 17:33:24.735033,False,1.0,6.011033058166504,101.0369873046875,57.96185302734375,1.0,6.326727390289307,116.58794403076172,57.62199020385742,1.0,69.50469207763672,197.29811096191406,211.98374938964844,1.0
191.0,2025-12-04 17:33:27.547343,False,1.0,6.1192474365234375,100.7273941040039,58.06635284423828,1.0,6.451598167419434,115.38213348388672,57.74685287475586,1.0,69.52013397216797,196.48431396484375,211.09730529785156,1.0
192.0,2025-12-04 17:33:30.630438,False,1.0,6.227130889892578,99.20161437988281,58.15605926513672,1.0,6.575177192687988,113.13736724853516,57.87042236328125,1.0,69.5294418334961,195.99362182617188,210.29556274414062,1.0
193.0,2025-12-04 17:33:33.815596,False,1.0,6.333379745483398,98.89177703857422,58.25864791870117,1.0,6.696352005004883,111.95684051513672,57.99159240722656,1.0,69.5446548461914,195.19175720214844,209.4199676513672,1.0
194.0,2025-12-04 17:33:37.089159,False,1.0,6.439297199249268,98.57270050048828,58.360801696777344,1.0,6.816262245178223,110.790771484375,58.11149978637695,1.0,69.55982971191406,194.391845703125,208.54525756835938,1.0
195.0,2025-12-04 17:33:39.629700,False,0.0,6.544872283935547,-70.14305877685547,57.50625228881836,1.0,6.9349236488342285,-86.94737243652344,58.22977066040039,1.0,57.49454116821289,0.0,-4.985283851623535,0.0
196.0,,,0.0,6.469746112823486,-70.64501953125,57.426692962646484,1.0,6.841799259185791,-86.4454116821289,58.13665008544922,1.0,,,,
