iteration,timestamp,T1_LEVEL,T2_LEVEL,J1_LEVEL,J2_LEVEL,J3_LEVEL,J4_LEVEL,J5_LEVEL,P2_FLOW,P2_STATUS,P2_SPEED,P1_FLOW,P1_STATUS,P1_SPEED,plc3AttackerUnit,plc2AttackerUnit
0,2025-12-25 22:07:36.523899,3.0509999999999993,3.0509999999999993,79.06646893465594,79.25981145882966,56.50568526484545,54.346807676349066,56.41604034877507,219.275416468142,1.0,1.0,296.61242613763324,1.0,1.0,0,0
1,2025-12-25 22:07:41.258250,3.25229337088512,3.2810045173300804,79.06969557875,79.26223090423727,56.690828901924064,54.576801826635595,56.60174270221198,218.30763830509895,1.0,1.0,295.32176850000843,1.0,1.0,0,0
2,2025-12-25 22:07:47.014016,3.452766688343929,3.5094102081670555,79.0729189710524,79.26464436001697,56.875141717307095,54.80519725932721,56.78661493256386,217.34225599321908,1.0,1.0,294.03241157903796,1.0,1.0,0,0
3,2025-12-25 22:07:52.952308,3.6524165585764607,3.736224425488944,79.07613902960097,79.26705185721693,57.058621695385575,55.032001326588,56.97065498168757,216.37925711322768,1.0,1.0,292.7443881596164,1.0,1.0,0,0
4,2025-12-25 22:07:58.183734,3.8512396142947156,3.96145451758916,79.07935569767388,79.26945339265839,57.24126680496968,55.25722137589557,57.153860776538934,215.4186429366436,1.0,1.0,291.4577209304494,1.0,1.0,0,0
5,2025-12-25 22:08:03.702969,4.049232519416629,4.1851078272154005,79.08256891836321,79.27184896322274,57.42307505008966,55.4808647491828,57.33623027913186,214.46041471091485,1.0,1.0,290.1724326547149,1.0,1.0,0,0
6,2025-12-25 22:08:09.446308,4.246391969521307,4.40719169116953,79.08577863457698,79.27423856584927,57.6040444703083,55.70293878243771,57.51776148685432,213.50457366029354,1.0,1.0,288.88854616920577,1.0,1.0,0,0
7,2025-12-25 22:08:15.314986,4.442714692309334,4.62771343989439,79.08898478904173,79.27662219753311,57.78417314104058,55.923450805290464,57.69845243279141,212.55112098675153,1.0,1.0,287.60608438330974,1.0,1.0,0,0
8,2025-12-25 22:08:20.286787,4.6381974480684764,4.846680397075303,79.09218732430509,79.27899985532301,57.9634591738686,56.14240814061476,57.878301186044204,211.60005787079743,1.0,1.0,286.3250702779724,1.0,1.0,0,0
9,2025-12-25 22:08:25.975545,4.832837030144499,5.0640998792229786,79.09538618273848,79.28137153631887,58.141900716864996,56.3598181041108,58.057305852056864,210.65138547245581,1.0,1.0,285.0455269046076,1.0,1.0,0,0
10,2025-12-25 22:08:31.031119,5.026630265417397,5.279979195239122,79.09858130653947,79.2837372376691,58.319495954900844,56.57568800387097,58.23546457292875,209.70510493236247,1.0,1.0,283.767477384211,1.0,1.0,0,0
11,2025-12-25 22:08:36.403473,5.219574014782154,5.494325645994973,79.10177263773497,79.28609695656826,58.49624310996884,56.79002513995849,58.41277552774179,208.7612173727032,1.0,1.0,282.49094490602147,1.0,1.0,0,0
12,2025-12-25 22:08:41.768484,5.411665173634799,5.707146523908073,79.11824067947065,79.30004182029862,58.98935257530701,57.002916563764295,58.90463088493708,203.18327188055386,1.0,1.0,275.9037282117497,1.0,1.0,0,0
13,2025-12-25 22:08:47.272523,5.619582696449458,5.931300380274013,79.1216710731946,79.30253851087754,59.17690894151384,57.227060705813905,59.092856094538874,202.1845956489896,1.0,1.0,274.5315707221621,1.0,1.0,0,0
14,2025-12-25 22:08:52.845644,5.826492292998837,6.15392290018356,79.12509748012822,79.30503013809945,59.363499858137644,57.44967360548466,59.28011477913709,201.1879447602251,1.0,1.0,273.1610079487112,1.0,1.0,0,0
15,2025-12-25 22:08:58.485243,6.032391906197586,6.3750200179651655,79.12851987291745,79.30751670303746,59.549124508517124,57.670761196442115,59.466406084570835,200.19331878501814,1.0,1.0,271.79205083302094,1.0,1.0,0,0
16,2025-12-25 22:09:03.527260,6.237279500824978,6.594597657345636,79.1319382036558,79.30999820030937,59.733782067897494,57.89032940175839,59.651729148680566,199.20071987626065,1.0,1.0,270.4247185376732,1.0,1.0,0,0
17,2025-12-25 22:09:08.575357,6.441153073676344,6.8126617328579195,79.13535242423934,79.31247462446052,59.91747174179405,58.108384135313464,59.836083139605286,198.21015021579439,1.0,1.0,269.05903030427106,1.0,1.0,0,0
18,2025-12-25 22:09:13.950977,6.644010653911782,7.029218149624933,79.13876248636602,79.31494596996086,60.100192766170125,58.3249313015788,60.01946725596554,197.22161201565686,1.0,1.0,267.6950054535896,1.0,1.0,0,0
19,2025-12-25 22:09:19.221492,6.84585030340666,7.244272803114241,78.66368596803117,70.34709639914799,60.22717720285471,58.53970844871065,60.14891965692108,0.0,0.0,0.0,414.431403196882,1.0,1.0,0,0
20,2025-12-25 22:09:23.818544,7.043867073888598,7.409078328476858,78.68110775196801,70.4228971374752,60.39793684586596,58.70451173319759,60.320579171576625,0.0,0.0,0.0,412.6892248031982,1.0,1.0,0,0
21,2025-12-25 22:09:28.934542,7.240476176722617,7.5734255742540935,58.49657524612108,58.54771879272826,58.493641325349024,58.86836547566059,58.49360465659575,0.0,0.0,0.0,0.0,0.0,0.0,0,0
22,2025-12-25 22:09:34.413971,7.215979329632039,7.516871531413639,58.46606595501807,58.510807293185906,58.464330351653224,58.811814304999004,58.46431653318563,0.0,0.0,0.0,0.0,0.0,0.0,0,0
23,2025-12-25 22:09:39.472140,7.190006673906475,7.461793298095775,58.434544797490666,58.473638944348295,58.433665957974455,58.75673869037885,58.4336639455034,0.0,0.0,0.0,0.0,0.0,0.0,0,0
24,2025-12-25 22:09:45.102128,7.1626584606102375,7.40809062325017,58.35227027793579,58.382384978802136,58.35299139335061,58.70302435031532,58.35307340768033,0.0,0.0,0.0,0.0,0.0,0.0,0,0
25,2025-12-25 22:09:50.214984,7.122500606238087,7.348469981656899,58.30742462657058,58.33453176420592,58.30861974343451,58.643405469498525,58.30872678356952,0.0,0.0,0.0,0.0,0.0,0.0,0,0
26,2025-12-25 22:09:55.522394,7.081482147098148,7.289709946009062,58.261926582011064,58.28640032976541,58.26365187104101,58.58464703580349,58.26378463538564,0.0,0.0,0.0,0.0,0.0,0.0,0,0
27,2025-12-25 22:10:00.635327,7.039671273475802,7.231742326052746,58.215862490293496,58.238030230787956,58.218151528735014,58.526680872232866,58.218310171523285,0.0,0.0,0.0,0.0,0.0,0.0,0,0
28,2025-12-25 22:10:05.648421,6.997131895961489,7.17450321119705,58.1693071049118,58.189455112081305,58.17217609415401,58.46944308045949,58.172360345367636,0.0,0.0,0.0,0.0,0.0,0.0,0,0
29,2025-12-25 22:10:11.050294,6.95392377844512,7.117932837566746,58.122325297566135,58.14070374206103,58.12577708324653,58.41287390795662,58.12598634724989,0.0,0.0,0.0,0.0,0.0,0.0,0,0
30,2025-12-25 22:10:16.035874,6.910102675389404,7.061975450677868,58.07497339331386,58.091800776369766,58.0790006506309,58.356917610735884,58.079234087628244,0.0,0.0,0.0,0.0,0.0,0.0,0,0
31,2025-12-25 22:10:21.397096,6.865720477575324,7.006579159776095,58.02730028058867,58.042767364832876,58.03188807034549,58.301522307739525,58.03214466356125,0.0,0.0,0.0,0.0,0.0,0.0,0,0
32,2025-12-25 22:10:26.458940,6.820825367173088,6.951695782700768,57.97934836358357,57.993621653444116,57.98447619214907,58.24663982575398,57.98475480296718,0.0,0.0,0.0,0.0,0.0,0.0,0,0
33,2025-12-25 22:10:31.582606,6.775461981345639,6.8972806822805035,57.93115439248332,57.94437920892565,57.93679787044659,58.19222553585197,57.9370972833243,0.0,0.0,0.0,0.0,0.0,0.0,0,0
34,2025-12-25 22:10:36.834938,6.729671582797267,6.84329259582258,57.882750192470006,57.895053382136915,57.888882364033144,58.13823818292594,57.88920132271669,0.0,0.0,0.0,0.0,0.0,0.0,0,0
35,2025-12-25 22:10:42.013868,6.683492235305828,6.789693459539661,57.834163305384486,57.845655620987856,57.840755705771315,58.08463971015742,57.841092942125854,0.0,0.0,0.0,0.0,0.0,0.0,0,0
36,2025-12-25 22:10:47.190244,6.636958982159206,6.736448230152502,57.87783218187409,57.889546407015374,57.8786262040171,58.03141833150328,57.87868801722197,0.0,0.0,0.0,0.0,0.0,0.0,0,0
37,2025-12-25 22:10:52.189235,6.609060892487365,6.697656256627459,57.847053468099105,57.857219714698296,57.848233509074355,57.99262733978994,57.84831295201782,0.0,0.0,0.0,0.0,0.0,0.0,0,0
38,2025-12-25 22:10:57.784665,6.580469699309856,6.659557387413868,57.81581548288118,57.82470193808272,57.81739294847111,57.954529325701074,57.81748964892527,0.0,0.0,0.0,0.0,0.0,0.0,0,0
39,2025-12-25 22:11:02.849049,6.551265963398246,6.6220710617595895,57.78420265593649,57.79203027656707,57.786172613396516,57.917043743714565,57.78628580307413,0.0,0.0,0.0,0.0,0.0,0.0,0,0
40,2025-12-25 22:11:08.284053,6.521522505751776,6.5851244586610385,57.75228393300494,57.75923458072209,57.754630589134095,57.880097786441034,57.754759246581315,0.0,0.0,0.0,0.0,0.0,0.0,0,0
41,2025-12-25 22:11:14.343535,6.4913048271366485,6.548652077352841,57.72011553814324,57.72633881749305,57.72281625509482,57.84362596525251,57.72295921340225,0.0,0.0,0.0,0.0,0.0,0.0,0,0
42,2025-12-25 22:11:19.663265,6.460671564938528,6.5125952804428975,57.68774324098072,57.69336222130559,57.69077147357215,57.807569653544874,57.6909275002788,0.0,0.0,0.0,0.0,0.0,0.0,0,0
43,2025-12-25 22:11:25.296632,6.429674977622118,6.476901809488862,57.655204244058915,57.660320220050345,57.658531660214095,57.77187660243419,57.658699515160514,0.0,0.0,0.0,0.0,0.0,0.0,0,0
44,2025-12-25 22:11:29.960346,6.398361444799798,6.44152528485611,57.62252875541915,57.6272251853118,57.62612673360863,57.73650044072875,57.62630520943721,0.0,0.0,0.0,0.0,0.0,0.0,0,0
45,2025-12-25 22:11:35.437255,6.366771970811625,6.406424702219104,57.58974129367207,57.59408704042582,57.593581946823626,57.70140017153834,57.59376989600214,0.0,0.0,0.0,0.0,0.0,0.0,0,0
46,2025-12-25 22:11:40.498394,6.3349426809508875,6.371563936307657,57.556861764453394,57.56091375173058,57.56091860746796,57.666539676122426,57.56111495902505,0.0,0.0,0.0,0.0,0.0,0.0,0,0
47,2025-12-25 22:11:45.604770,6.302905301285173,6.336911261028628,57.52390634263788,57.52771172382182,57.52815469550958,57.63188723410743,57.528358464079254,0.0,0.0,0.0,0.0,0.0,0.0,0,0
48,2025-12-25 22:11:50.871274,6.27068761510252,6.302438893102623,57.31630332410263,57.32200346153303,57.33492447566877,57.59737278492054,57.33576100225157,0.0,0.0,0.0,0.0,0.0,0.0,0,0
49,2025-12-25 22:11:56.004995,6.209240666949351,6.2428983271346485,57.255605955687145,57.2614391853224,57.27405471273401,57.537832049432495,57.274884705420334,0.0,0.0,0.0,0.0,0.0,0.0,0,0
50,2025-12-25 22:12:01.412262,6.147876111640013,6.183275369832368,57.1949242695111,57.20088022274622,57.213216301841406,57.47820893725394,57.21404035231441,0.0,0.0,0.0,0.0,0.0,0.0,0,0
51,2025-12-25 22:12:07.256428,6.086586747273638,6.123577223108267,57.13425721338379,57.14032623834111,57.15240669401967,57.418510649018735,57.153225337779425,0.0,0.0,0.0,0.0,0.0,0.0,0,0
52,2025-12-25 22:12:11.913355,6.025366014840004,6.063810445965457,57.073604412003185,57.07977716602212,57.09162391672281,57.358743742568585,57.09243762992317,0.0,0.0,0.0,0.0,0.0,0.0,0,0
53,2025-12-25 22:12:17.440591,5.96420796505952,6.0039809876963375,57.012963530154515,57.01923212917241,57.03086498601864,57.298914166132334,57.031674218959786,0.0,0.0,0.0,0.0,0.0,0.0,0,0
54,2025-12-25 22:12:22.912219,5.903107118632154,5.944094327575682,78.48429356972574,69.39964890475036,58.99706811227546,57.23950604969206,58.92004104323169,0.0,0.0,0.0,432.3706430274258,1.0,1.0,0,0
55,2025-12-25 22:12:28.518034,6.085351125416902,6.10394964789886,78.50043584435703,69.47365141267845,59.157356118987906,57.399358917880974,59.0810998253658,0.0,0.0,0.0,430.75641556429787,1.0,1.0,0,0
56,2025-12-25 22:12:33.569156,6.266381006734,6.26329018728213,78.51654577852015,69.54743839696064,59.31672203310361,57.55869698392063,59.241227049121036,0.0,0.0,0.0,429.14542214798286,1.0,1.0,0,0
57,2025-12-25 22:12:38.492753,6.446206118309705,6.422110053814556,78.53262320257518,69.62100738780094,59.47516982813303,57.71751435692662,59.400426860339465,0.0,0.0,0.0,427.53767974248166,1.0,1.0,0,0
58,2025-12-25 22:12:44.793702,6.62483566723711,6.580403522382262,78.54866795085786,69.69435598322018,59.63270347924025,57.875805312783946,59.55870340170615,0.0,0.0,0.0,425.93320491421343,1.0,1.0,0,0
59,2025-12-25 22:12:50.715717,6.802278716094197,6.738165030120653,78.56467986143036,69.76748184709746,59.78932696168196,58.03356428960025,59.71606081136823,0.0,0.0,0.0,424.3320138569628,1.0,1.0,0,0
60,2025-12-25 22:12:56.326258,6.97854418692035,6.895389172056559,78.45838724041761,69.21942777713484,59.470976154930966,58.190675241759955,59.40227272580297,0.0,0.0,0.0,434.9612759582373,1.0,1.0,0,0
61,2025-12-25 22:13:01.409612,7.123625461592942,7.026712680622768,78.47174366613119,69.28178261988282,59.60142454025787,58.32199692636248,59.53331010613417,0.0,0.0,0.0,433.62563338687954,1.0,1.0,0,0
62,2025-12-25 22:13:06.759103,7.267728986102215,7.157583409250165,57.91378334422937,57.91695564734765,57.97493060580063,58.45244797224492,57.97754389146112,0.0,0.0,0.0,0.0,0.0,0.0,0,0
63,2025-12-25 22:13:11.750339,7.165972297050686,7.069883354985132,57.818262358705134,57.821983269639084,57.87786107689576,58.36474666999437,57.880416242933585,0.0,0.0,0.0,0.0,0.0,0.0,0,0
64,2025-12-25 22:13:16.902351,7.064651033669288,6.981747877427831,57.72273665683488,57.72700600901383,57.78090323172329,58.27661002168873,57.78340463962952,0.0,0.0,0.0,0.0,0.0,0.0,0,0
65,2025-12-25 22:13:21.835938,6.963736590102166,6.893205582430472,57.62721271209469,57.6320264596285,57.684053813619336,58.18806662813951,57.68650544508567,0.0,0.0,0.0,0.0,0.0,0.0,0,0
66,2025-12-25 22:13:26.712085,6.863202436179266,6.8042830001636965,57.53169636344587,57.53704681913421,57.58730945394998,58.099143014799516,57.5897149477918,0.0,0.0,0.0,0.0,0.0,0.0,0,0
67,2025-12-25 22:13:32.282666,6.763023956408477,6.71500474612017,57.436192263885744,57.442068901896036,57.4906665446406,58.00986379278843,57.49302923217312,0.0,0.0,0.0,0.0,0.0,0.0,0,0
68,2025-12-25 22:13:37.231666,6.663178287103698,6.625393683985013,57.34070408128537,57.34709419147284,57.39412132260141,57.92025182173273,57.39644425863542,0.0,0.0,0.0,0.0,0.0,0.0,0,0
69,2025-12-25 22:13:42.767630,6.563644170775069,6.535471071255921,57.24523466458129,57.252123887381565,57.297669936568205,57.830328355358624,57.299955926666804,0.0,0.0,0.0,0.0,0.0,0.0,0,0
70,2025-12-25 22:13:48.086555,6.464401825464144,6.445256689889975,57.14978618189238,57.15715894624745,57.20130849994693,57.740113172114995,57.20356012447495,0.0,0.0,0.0,0.0,0.0,0.0,0,0
71,2025-12-25 22:13:53.593928,6.3654328270940415,6.354768963959469,57.05436023570703,57.062200117731614,57.10503313243728,57.64962469280772,57.10725276784717,0.0,0.0,0.0,0.0,0.0,0.0,0,0
72,2025-12-25 22:13:58.771474,6.266720003211255,6.264025065917014,56.90089470841647,56.90999967153609,56.955564865244746,57.55886607213781,56.95796506884406,0.0,0.0,0.0,0.0,0.0,0.0,0,0
73,2025-12-25 22:14:03.923270,6.163232289558862,6.168392908645479,56.80065326216568,56.81021237748582,56.85455055971304,57.463233216964355,56.85692163048547,0.0,0.0,0.0,0.0,0.0,0.0,0,0
74,2025-12-25 22:14:09.284400,6.059971010725255,6.072534319045898,56.700436786972176,56.71043253440819,56.753611416771506,57.36737396964943,56.755955234988214,0.0,0.0,0.0,0.0,0.0,0.0,0,0
75,2025-12-25 22:14:14.453143,5.95692271248037,5.97646275135992,56.60024542654061,56.61066032504506,56.652743965106275,57.27130178205019,56.655062276504374,0.0,0.0,0.0,0.0,0.0,0.0,0,0
76,2025-12-25 22:14:19.471443,5.854074786334368,5.8801908140693175,78.33930666401483,68.6493658443427,58.398012828790016,57.1754761920057,58.32526396531789,0.0,0.0,0.0,446.86933359851764,1.0,1.0,0,0
77,2025-12-25 22:14:23.615169,6.002418513444232,6.011342753594721,78.3525615408643,68.7116965622402,58.53080338707428,57.3066265199966,58.45868497933593,0.0,0.0,0.0,445.54384591357046,1.0,1.0,0,0
78,2025-12-25 22:14:28.723335,6.14974300905254,6.142094270803573,78.36578226679605,68.77385301851135,58.66281648513813,57.437376404368294,58.59131984796252,0.0,0.0,0.0,444.22177332039564,1.0,1.0,0,0
79,2025-12-25 22:14:33.486501,6.296058292416991,6.272439004153617,78.37896872028057,68.83583248453587,58.79405649786307,57.56771948466481,58.72317314452311,0.0,0.0,0.0,442.903127971943,1.0,1.0,0,0
80,2025-12-25 22:14:37.630443,6.441374175480692,6.402370812431103,78.39212077777728,68.89763231951521,58.92452778207071,57.697649620722025,58.85424941745638,0.0,0.0,0.0,441.58792222227163,1.0,1.0,0,0
81,2025-12-25 22:14:42.043740,6.585700270683207,6.531883767155306,78.40523832095695,68.95924997161487,59.054234681727166,57.82716088507415,58.98455319582979,0.0,0.0,0.0,440.27616790430466,1.0,1.0,0,0
82,2025-12-25 22:14:47.170200,6.72904599753668,6.660972145445973,78.4183212363755,69.02068297487617,59.183181525652344,57.95624755582269,59.11408898735892,0.0,0.0,0.0,438.9678763624485,1.0,1.0,0,0
83,2025-12-25 22:14:52.343794,6.8714205888865525,6.789630423243529,78.43136941517176,69.0819289462861,59.31137262547819,58.084904109857966,59.242861276656285,0.0,0.0,0.0,437.6630584828234,1.0,1.0,0,0
84,2025-12-25 22:14:57.309919,7.012833096877583,6.917853268852935,78.29606506854358,68.34371792914988,58.942750466328114,58.21300986020975,58.88020507943133,0.0,0.0,0.0,451.19349314564295,1.0,1.0,0,0
85,2025-12-25 22:15:02.386942,7.113380610446852,7.012702446420106,57.060613264878,57.0735347982742,57.178443349802116,58.30739628781705,57.183556234534855,0.0,0.0,0.0,0.0,0.0,0.0,0,0
86,2025-12-25 22:15:07.649964,6.961755651561045,6.876477204625538,56.91554027165819,56.92923849740533,57.031782985189366,58.171169678498764,57.03683608737454,0.0,0.0,0.0,0.0,0.0,0.0,0,0
87,2025-12-25 22:15:13.031494,6.810458878046249,6.73992378108111,56.770490843524776,56.78494708083393,56.885222463019204,58.03461494555542,56.89021871917524,0.0,0.0,0.0,0.0,0.0,0.0,0,0
88,2025-12-25 22:15:18.668450,6.65947574485122,6.603056720824084,56.62546231608504,56.64066083679636,56.73875764481986,57.89774663154593,56.743699851171485,0.0,0.0,0.0,0.0,0.0,0.0,0,0
89,2025-12-25 22:15:23.662878,6.508792350345826,6.465889925488118,56.480456088180745,56.496380395880436,56.59238572120594,57.76057863563889,56.59727651746537,0.0,0.0,0.0,0.0,0.0,0.0,0,0
90,2025-12-25 22:15:28.892432,6.358395458322423,6.328436631279139,56.335473287533326,56.35210628884552,56.44610388975265,57.62312419169369,56.45094576946654,0.0,0.0,0.0,0.0,0.0,0.0,0,0
91,2025-12-25 22:15:34.894485,6.208272461676292,6.1907094453122475,56.19051480366834,56.20783895734163,56.299909366137165,57.485395904590575,56.304704686216496,0.0,0.0,0.0,0.0,0.0,0.0,0,0
92,2025-12-25 22:15:40.539244,6.058411348483882,6.052720379497591,56.045581317024194,56.063578763574256,56.15379939347402,57.34740578411077,56.158550382983314,0.0,0.0,0.0,0.0,0.0,0.0,0,0
93,2025-12-25 22:15:45.772578,5.908800670279419,5.914480882313358,55.900673324770096,55.919325999074296,56.007771250140856,57.20916527670333,56.01248001841426,0.0,0.0,0.0,0.0,0.0,0.0,0,0
94,2025-12-25 22:15:50.648860,5.759429512354698,5.776001868457799,78.18047315153105,67.78426520136685,57.79089905269301,57.07116954312305,57.723163207215386,0.0,0.0,0.0,462.75268484689553,1.0,1.0,0,0
95,2025-12-25 22:15:55.195501,5.8687895949560565,5.874418864129533,78.19039751007885,67.83240757909203,57.89101610011166,57.16958563899435,57.8237457878999,0.0,0.0,0.0,461.76024899211353,1.0,1.0,0,0
96,2025-12-25 22:16:00.638942,5.977372262005652,5.972550334220622,78.19514784552725,67.85148132112913,57.974462999503146,57.267712467459894,57.907845935129764,0.0,0.0,0.0,461.28521544727556,1.0,1.0,0,0
97,2025-12-25 22:16:05.609224,6.083761020168426,6.069197522595,78.20488543217314,67.89882272245704,58.072161601316495,57.36435873959101,58.00598884624734,0.0,0.0,0.0,460.3114567826844,1.0,1.0,0,0
98,2025-12-25 22:16:10.249894,6.189402133982798,6.165549418262049,78.2145907290838,67.9460280998579,58.16927451876856,57.46070970231172,58.10353900473158,0.0,0.0,0.0,459.34092709162087,1.0,1.0,0,0
99,2025-12-25 22:16:15.474657,6.294305239361937,6.261599843676995,78.22426369800236,67.99309473110299,58.26580637802303,57.5567591790826,58.20050124868257,0.0,0.0,0.0,458.37363019976283,1.0,1.0,0,0
100,2025-12-25 22:16:20.612530,6.398479700204256,6.357342897414765,78.2339043060441,68.04002001347898,58.36176175474688,57.6525012694411,58.29688035652259,0.0,0.0,0.0,457.40956939559084,1.0,1.0,0,0
101,2025-12-25 22:16:25.581098,6.501934619704326,6.452772942271138,78.24351252534092,68.08680145857193,58.45714517329701,57.74793033710491,58.39268104668736,0.0,0.0,0.0,456.44874746590915,1.0,1.0,0,0
102,2025-12-25 22:16:30.800832,6.604678851038666,6.547884594039495,78.25308833262339,68.13343668729614,58.55196110524109,57.84304099875081,58.48790797664779,0.0,0.0,0.0,455.4911667376611,1.0,1.0,0,0
103,2025-12-25 22:16:36.353505,6.706721007444441,6.642672710950716,78.26263170884035,68.17992342522618,58.64621396817492,57.93782811345643,58.582565742190596,0.0,0.0,0.0,454.53682911596354,1.0,1.0,0,0
104,2025-12-25 22:16:41.682443,6.808069471736242,6.737132383695169,78.2721426388119,68.22625949819415,58.73990812480455,58.032286772724184,58.67665887692981,0.0,0.0,0.0,453.5857361188109,1.0,1.0,0,0
105,2025-12-25 22:16:46.527778,6.908732405302565,6.831258926027359,78.28162111091288,68.2724428281519,58.83304788226722,58.12641229108741,58.770191852025626,0.0,0.0,0.0,452.6378889087123,1.0,1.0,0,0
106,2025-12-25 22:16:52.025743,7.008717756620482,6.925047865841556,78.29106711678338,68.3184714292478,58.92563749164426,58.220200197187765,58.86316907606735,0.0,0.0,0.0,451.69328832166144,1.0,1.0,0,0
107,2025-12-25 22:16:56.334411,7.108033269321804,7.018494936776682,57.0332786840884,57.04712444191003,57.15215706884963,58.31318133319879,57.15732339200264,0.0,0.0,0.0,0.0,0.0,0.0,0,0
108,2025-12-25 22:17:02.019770,6.955017693903412,6.88049090305393,57.4385497878745,57.44557498080925,57.51045632056538,58.17530924550812,57.51356770222023,0.0,0.0,0.0,0.0,0.0,0.0,0,0
109,2025-12-25 22:17:07.696146,6.839811012003136,6.777724049168856,57.32867466285811,57.33630225341214,57.399282723093144,58.07254128692983,57.402345295121464,0.0,0.0,0.0,0.0,0.0,0.0,0,0
110,2025-12-25 22:17:12.836244,6.724941299594022,6.6746202285249545,57.21881592115601,57.227032873725214,57.28820819875322,57.969436421377836,57.29122505037456,0.0,0.0,0.0,0.0,0.0,0.0,0,0
111,2025-12-25 22:17:18.517762,6.610389464259309,6.571198533546124,57.10897594191489,57.11776784891096,57.17722917792088,57.86601373788834,57.18020317703214,0.0,0.0,0.0,0.0,0.0,0.0,0,0
112,2025-12-25 22:17:24.183156,6.4961375848383724,6.467476885393135,56.9991567574858,57.008508068595624,57.066342182229484,57.76229115444371,57.06927599175957,0.0,0.0,0.0,0.0,0.0,0.0,0,0
113,2025-12-25 22:17:29.558093,6.382168833702094,6.3634721116893385,56.8893599338905,56.899254252631515,56.95554373150889,57.658285495683714,56.958439826711185,0.0,0.0,0.0,0.0,0.0,0.0,0,0
114,2025-12-25 22:17:34.595235,6.268467400502369,6.25920002277952,56.779586641607615,56.79000697382419,56.84483036825627,57.554012569150544,56.847691052263116,0.0,0.0,0.0,0.0,0.0,0.0,0,0
115,2025-12-25 22:17:40.017681,6.155018422352938,6.154675481566876,56.66983771609799,56.6807666779411,56.73419867725531,57.44948723511295,56.73702609509985,0.0,0.0,0.0,0.0,0.0,0.0,0,0
116,2025-12-25 22:17:45.228541,6.041807919765648,6.049912467527569,56.56011370962384,56.571533701268486,56.62364530117521,57.344723470569534,56.62644145245799,0.0,0.0,0.0,0.0,0.0,0.0,0,0
117,2025-12-25 22:17:50.482099,5.928822737753629,5.944924135643193,56.45041493572306,56.46230828605227,56.5131669528734,57.23973442817058,56.51593370322717,0.0,0.0,0.0,0.0,0.0,0.0,0,0
118,2025-12-25 22:17:56.546336,5.816050491590056,5.839722870646153,78.3030157005296,68.45664973927391,58.24256340698623,57.13498127245961,58.17079288448829,0.0,0.0,0.0,450.4984299470409,1.0,1.0,0,0
119,2025-12-25 22:18:00.904047,5.956274258233005,5.964028034074276,78.31557341731353,68.51609099051443,58.36864540019813,57.25928499643804,58.29747157919227,0.0,0.0,0.0,449.24265826864655,1.0,1.0,0,0
120,2025-12-25 22:18:06.145810,6.095527414809034,6.087958822564945,78.40424218305628,68.97665173708883,58.778089873792105,57.38328035698387,58.704994741312845,0.0,0.0,0.0,440.37578169437273,1.0,1.0,0,0
121,2025-12-25 22:18:11.413543,6.253046923501738,6.227836472308385,78.41837318933514,69.04259496786709,58.91854883512446,57.52315609713482,58.84611342006521,0.0,0.0,0.0,438.9626810664848,1.0,1.0,0,0
122,2025-12-25 22:18:16.490560,6.409502124123078,6.367264939123739,78.43246990252433,69.10834535885361,59.05819100143432,57.66258263509397,58.98640673575888,0.0,0.0,0.0,437.55300974756756,1.0,1.0,0,0
123,2025-12-25 22:18:21.848087,6.564902467525782,6.506238445087457,78.44653234356235,69.17390054040003,59.19702074197089,57.80155419392575,59.125879231709106,0.0,0.0,0.0,436.1467656437664,1.0,1.0,0,0
124,2025-12-25 22:18:26.759139,6.719257225849351,6.644751388773395,78.46056038202843,69.23925811657996,59.335042273246614,57.94006517317391,59.26453529595279,0.0,0.0,0.0,434.74396179715563,1.0,1.0,0,0
125,2025-12-25 22:18:31.853090,6.872575503160929,6.782798350773802,78.47455389168015,69.30441576663982,59.4722598001622,58.07811015437135,59.402379299628166,0.0,0.0,0.0,433.3446108319874,1.0,1.0,0,0
126,2025-12-25 22:18:36.654355,7.024866240496543,6.920374088236819,78.48851275021093,69.36937124265874,59.60867751429582,58.215683895578756,59.53941559549278,0.0,0.0,0.0,431.94872497890714,1.0,1.0,0,0
127,2025-12-25 22:18:42.408435,7.176138220681969,7.057473529634816,57.90431807231344,57.906190321250655,57.95943690893998,58.352359676603996,57.96177817235888,0.0,0.0,0.0,0.0,0.0,0.0,0,0
128,2025-12-25 22:18:47.731503,7.081727646189526,6.977620568203515,57.8164875513718,57.81884949428013,57.86995569445872,58.27250542265013,57.87223506487458,0.0,0.0,0.0,0.0,0.0,0.0,0,0
129,2025-12-25 22:18:52.879983,6.987805292174934,6.8972793884729535,57.72863456901615,57.73149790305741,57.780589202528276,58.19216303710127,57.78281180267892,0.0,0.0,0.0,0.0,0.0,0.0,0,0
130,2025-12-25 22:18:59.028567,6.894336140262943,6.816485008814743,57.64077014618063,57.644139324697164,57.69133514260076,58.111367532087534,57.69350559511353,0.0,0.0,0.0,0.0,0.0,0.0,0,0
131,2025-12-25 22:19:04.377016,6.801288003677105,6.735269616017743,57.5529032173923,57.5567769212992,57.60219059907389,58.03015108866021,57.604313084969604,0.0,0.0,0.0,0.0,0.0,0.0,0,0
132,2025-12-25 22:19:08.846870,6.708631255028086,6.653662837477512,57.34335444932716,57.34937614972638,57.40147051793331,57.94851393419458,57.40398868871913,0.0,0.0,0.0,0.0,0.0,0.0,0,0
133,2025-12-25 22:19:13.718040,6.605524734574816,6.561357185727271,57.24485819130337,57.25141456677103,57.30185418557095,57.85620732325918,57.30433024181483,0.0,0.0,0.0,0.0,0.0,0.0,0,0
134,2025-12-25 22:19:18.576316,6.502738785416527,6.468730965134032,57.146380269785595,57.15345717655677,57.20233380650658,57.76358020035697,57.20477064849312,0.0,0.0,0.0,0.0,0.0,0.0,0,0
135,2025-12-25 22:19:24.016593,6.4002535538016545,6.375804029447906,57.04792251159804,57.055504791970634,57.10290526449703,57.67065241571573,57.10530557150092,0.0,0.0,0.0,0.0,0.0,0.0,0,0
136,2025-12-25 22:19:29.243151,6.298050503269734,6.282594915128516,56.94948670577987,56.95755822761918,57.00356476596686,57.577442502508376,57.00593100963441,0.0,0.0,0.0,0.0,0.0,0.0,0,0
137,2025-12-25 22:19:34.640602,6.196112329225374,6.189120926776225,56.85107415709927,56.85961811856082,56.90430854141031,57.483967762267675,56.906643004668446,0.0,0.0,0.0,0.0,0.0,0.0,0,0
138,2025-12-25 22:19:39.667542,6.094422865972207,6.0953982300907725,56.75268576693052,56.7616849469776,56.80513287171259,57.390244357828095,56.80743766563329,0.0,0.0,0.0,0.0,0.0,0.0,0,0
139,2025-12-25 22:19:44.249354,5.992967002169265,6.0014419364140945,56.65432210143141,56.66375906529917,56.706034108602786,57.29628739785334,56.708311187482145,0.0,0.0,0.0,0.0,0.0,0.0,0,0
140,2025-12-25 22:19:48.859415,5.891730603765021,5.907266179778262,78.34885411219548,68.69658483632314,58.454687500291094,57.20255720446471,58.38193569076094,0.0,0.0,0.0,445.91458878045154,1.0,1.0,0,0
141,2025-12-25 22:19:53.876312,6.041364547544471,6.039813040379312,78.3622396351528,68.75949718271721,58.5885938743105,57.33510239897211,58.5164750902945,0.0,0.0,0.0,444.5760364847188,1.0,1.0,0,0
142,2025-12-25 22:19:58.773198,6.189975116104904,6.1719496296262415,78.37559096873402,68.82223142708736,58.72171780226826,57.46723730148881,58.650223440932784,0.0,0.0,0.0,443.24090312659877,1.0,1.0,0,0
143,2025-12-25 22:20:04.275173,6.337572161511602,6.30366975729275,78.38890799343464,68.88478491653134,58.8540636307094,57.59895572284781,58.78318528168274,0.0,0.0,0.0,441.9092006565351,1.0,1.0,0,0
144,2025-12-25 22:20:08.452254,6.484165336694048,6.434967445070111,78.44227894406424,69.15584004692842,59.13660328374105,57.73028682630085,59.06502407927975,0.0,0.0,0.0,436.57210559357753,1.0,1.0,0,0
145,2025-12-25 22:20:12.914461,6.639824322529355,6.574338525522517,78.4563890568931,69.22155525013844,59.27566201616771,57.86965593536381,59.20472502331392,0.0,0.0,0.0,435.1610943106896,1.0,1.0,0,0
146,2025-12-25 22:20:18.482698,6.7944372272147735,6.713244433912873,78.47046472303832,69.28707103048183,59.41391111526052,58.00855985544334,59.3436081616624,0.0,0.0,0.0,433.7535276961669,1.0,1.0,0,0
147,2025-12-25 22:20:23.596255,6.948013080247649,6.85167983013304,78.48450582861355,69.35238510873174,59.55135478890597,58.14699324735759,59.48167786552479,0.0,0.0,0.0,432.34941713864606,1.0,1.0,0,0
148,2025-12-25 22:20:28.263458,7.100560751299034,6.989639546096607,78.4985122517044,69.41749526898069,59.687997216735404,58.284950943921224,59.61893847336168,0.0,0.0,0.0,430.948774829559,1.0,1.0,0,0
149,2025-12-25 22:20:32.203243,7.252088954696994,7.1271185821321525,57.98665214548866,57.98823004796771,58.041747359228644,58.422007535909,58.04408275981028,0.0,0.0,0.0,0.0,0.0,0.0,0,0
150,2025-12-25 22:20:37.146260,7.158316120762045,7.048334684966975,57.89970004183509,57.9017524180198,57.95307817889666,58.34322230787883,57.95534921489606,0.0,0.0,0.0,0.0,0.0,0.0,0,0
151,2025-12-25 22:20:42.070645,7.065051723139695,6.969042353643957,57.81271804821916,57.81526164867905,57.86452443744555,58.26392873602409,57.86673653284632,0.0,0.0,0.0,0.0,0.0,0.0,0,0
152,2025-12-25 22:20:46.854146,6.972258762900645,6.889278587090189,57.725718860523614,57.728761926935476,57.776084342186635,58.1841638126578,57.77824237935189,0.0,0.0,0.0,0.0,0.0,0.0,0,0
153,2025-12-25 22:20:52.219832,6.879903295381226,6.8090773299877725,57.63871265756718,57.64225677009109,57.68775529773422,58.103961476404145,57.68986368287963,0.0,0.0,0.0,0.0,0.0,0.0,0,0
154,2025-12-25 22:20:57.653521,6.787954124900518,6.728469778006385,57.55170752018763,57.55574909461484,57.59953411175852,58.02335291737671,57.601596831086006,0.0,0.0,0.0,0.0,0.0,0.0,0,0
155,2025-12-25 22:21:03.246924,6.696382536647774,6.647484645965038,57.46470982279713,57.46924129400238,57.51141717283453,57.942366845287744,57.513437840677994,0.0,0.0,0.0,0.0,0.0,0.0,0,0
156,2025-12-25 22:21:09.648931,6.605162061805903,6.566148402673771,57.45926963329973,57.46316574734316,57.49823643591433,57.86104941864768,57.49992341188688,0.0,0.0,0.0,0.0,0.0,0.0,0,0
157,2025-12-25 22:21:14.577367,6.522275522237914,6.492107323558447,57.38016483965491,57.38449504208632,57.41821196403814,57.78700755401124,57.419864363904374,0.0,0.0,0.0,0.0,0.0,0.0,0,0
158,2025-12-25 22:21:20.113489,6.439705672939443,6.417749556138898,57.30107723891377,57.305828130982206,57.33828171277239,57.71264905725749,57.33990241471615,0.0,0.0,0.0,0.0,0.0,0.0,0,0
159,2025-12-25 22:21:24.898780,6.357428837766881,6.343098776557187,57.222009613949204,57.227166219202495,57.2584411487763,57.63799760032894,57.260032758827016,0.0,0.0,0.0,0.0,0.0,0.0,0,0
160,2025-12-25 22:21:29.676804,6.275423255737229,6.268176745795027,57.142963965254566,57.14851022872829,57.17868575631136,57.56307494034905,57.18025063814748,0.0,0.0,0.0,0.0,0.0,0.0,0,0
161,2025-12-25 22:21:34.775344,6.193668905506944,6.193003485209809,57.06394163238922,57.06986083487056,57.0990110681775,57.4879010951262,57.10055136950986,0.0,0.0,0.0,0.0,0.0,0.0,0,0
162,2025-12-25 22:21:39.971614,6.112147347985122,6.117597433883161,56.984943426104515,56.9912185103357,57.01941270717823,57.41249450047403,57.02093038273833,0.0,0.0,0.0,0.0,0.0,0.0,0,0
163,2025-12-25 22:21:45.441058,6.030841585941647,6.0419755890532985,56.905969735848075,56.91258356226689,56.93988641641381,57.33687215061845,56.94138324805647,0.0,0.0,0.0,0.0,0.0,0.0,0,0
164,2025-12-25 22:21:50.353981,5.94973593835831,5.9661536317379875,56.8270206173618,56.83395616324964,56.86042808084179,57.26104972379817,56.86190569518466,0.0,0.0,0.0,0.0,0.0,0.0,0,0
165,2025-12-25 22:21:55.567990,5.868815927631123,5.890146039539398,78.41501597140247,69.04334704399848,58.697786808248246,57.18549826908516,58.62274639966238,0.0,0.0,0.0,439.29840285975314,1.0,1.0,0,0
166,2025-12-25 22:22:00.952463,6.035458577079022,6.037082538007858,78.42983886396537,69.11218588382019,58.845590256706195,57.33243270215292,58.77125356003153,0.0,0.0,0.0,437.81611360346244,1.0,1.0,0,0
167,2025-12-25 22:22:05.032867,6.200979492678161,6.1835531753572885,78.44462809697326,69.18082649506806,58.992538609168584,57.4789012533634,58.91889661408,0.0,0.0,0.0,436.3371903026729,1.0,1.0,0,0
168,2025-12-25 22:22:10.162378,6.365388239772299,6.329551991325543,78.39967310566391,68.94006675360463,58.90977462560601,57.62484466927849,58.83873334614627,0.0,0.0,0.0,440.8326894336107,1.0,1.0,0,0
169,2025-12-25 22:22:15.002435,6.513878742591935,6.462504897863646,78.41312663780779,69.00312775035398,59.04291363807404,57.75779580356802,58.97248762905792,0.0,0.0,0.0,439.4873362192205,1.0,1.0,0,0
170,2025-12-25 22:22:20.080462,6.661363623889769,6.595022495292155,78.42654555260125,69.06600028878404,59.17527454537492,57.89031161123824,59.10545572712928,0.0,0.0,0.0,438.1454447398742,1.0,1.0,0,0
171,2025-12-25 22:22:25.195446,6.807852132110748,6.727099242836142,78.43992980766828,69.12868203286682,59.30686177955151,58.02238655247516,59.23764224221348,0.0,0.0,0.0,436.80701923317315,1.0,1.0,0,0
172,2025-12-25 22:22:30.045063,6.953353330539804,6.858729789422835,78.4532792910162,69.19117067785778,59.43767960313459,58.154015277131144,59.36905160347512,0.0,0.0,0.0,435.4720708983816,1.0,1.0,0,0
173,2025-12-25 22:22:34.522959,7.09787611205729,6.989908966370789,78.46659389464722,69.25346399468894,59.56773226056472,58.28519261742105,59.49968821673484,0.0,0.0,0.0,434.1406105352784,1.0,1.0,0,0
174,2025-12-25 22:22:39.208883,7.2414292043305535,7.12063178178357,57.87537159370193,57.878241756172834,57.9383061982068,58.41549551126815,57.940990433941224,0.0,0.0,0.0,0.0,0.0,0.0,0,0
175,2025-12-25 22:22:44.571286,7.138713625107318,7.032640710862388,57.77922886072334,57.78264754250187,57.8405255425266,58.32750313304405,57.84314832927844,0.0,0.0,0.0,0.0,0.0,0.0,0,0
176,2025-12-25 22:22:49.451564,7.036452843388288,6.9441948448215705,57.68307562303124,57.68704651208123,57.742858186008384,58.23905604041742,57.74542415316477,0.0,0.0,0.0,0.0,0.0,0.0,0,0
177,2025-12-25 22:22:54.579533,6.934616975453467,6.855324067391369,57.586919730059876,57.59144157770403,57.64530128144783,58.15018411181868,57.64781465050833,0.0,0.0,0.0,0.0,0.0,0.0,0,0
178,2025-12-25 22:22:59.777328,6.833178326801845,6.766056073069459,57.49076786251453,57.495835197302085,57.54785168254785,58.0609150368167,57.5503163089649,0.0,0.0,0.0,0.0,0.0,0.0,0,0
179,2025-12-25 22:23:05.226346,6.732111209413581,6.676416549867226,57.39462537975156,57.400229413821926,57.450505941749775,57.97127449885666,57.452925353071684,0.0,0.0,0.0,0.0,0.0,0.0,0,0
180,2025-12-25 22:23:09.959624,6.631391769335172,6.586429351755439,57.440916075786134,57.44509893895506,57.483962323219615,57.88132074430587,57.48582466781439,0.0,0.0,0.0,0.0,0.0,0.0,0,0
181,2025-12-25 22:23:15.282506,6.544095346633222,6.5085844763571945,57.35766840777416,57.362310230647296,57.39972889780571,57.803475029578,57.401554186638876,0.0,0.0,0.0,0.0,0.0,0.0,0,0
182,2025-12-25 22:23:20.131680,6.457123183855055,6.43041534309484,57.274437147800136,57.2795249731949,57.31559120611649,57.72530511451603,57.31738240291226,0.0,0.0,0.0,0.0,0.0,0.0,0,0
183,2025-12-25 22:23:25.679640,6.370452029112035,6.351945203880083,57.19122521578705,57.196744412245266,57.23154491308299,57.646834246906735,57.23330471167625,0.0,0.0,0.0,0.0,0.0,0.0,0,0
184,2025-12-25 22:23:30.876603,6.284060437970733,6.273195503136552,57.10803476189923,57.113969517183406,57.1475856803404,57.568083867371236,57.14931653324046,0.0,0.0,0.0,0.0,0.0,0.0,0,0
185,2025-12-25 22:23:36.266634,6.197928613697193,6.194186037608177,57.024867283232425,57.03120101585356,57.063709198311166,57.48907376914398,57.06541334206776,0.0,0.0,0.0,0.0,0.0,0.0,0,0
186,2025-12-25 22:23:41.332414,6.112038263535889,6.114935100028218,56.94172374858567,56.94843943564293,56.97991122673104,57.4098222417161,56.981590704143095,0.0,0.0,0.0,0.0,0.0,0.0,0,0
187,2025-12-25 22:23:46.314285,6.026372470007272,6.0354596078927365,56.858604700852766,56.86568513835013,56.89618762489762,57.33034619958537,56.8978443045236,0.0,0.0,0.0,0.0,0.0,0.0,0,0
188,2025-12-25 22:23:51.696129,5.940915575293483,5.955775219009309,56.77551034113783,56.78293834960507,56.81253437376952,57.25066129778452,56.814169967122716,0.0,0.0,0.0,0.0,0.0,0.0,0,0
189,2025-12-25 22:23:56.663555,5.855653077078846,5.875896435707073,78.39904946838281,68.96091377051673,58.62766706237464,57.17123552778039,58.553047873885305,0.0,0.0,0.0,440.8950531617173,1.0,1.0,0,0
190,2025-12-25 22:24:01.958015,6.018777190939774,6.019847869491561,78.413570537078,69.02853869482183,58.77261614680752,57.31518498419178,58.69868615195174,0.0,0.0,0.0,439.44294629219814,1.0,1.0,0,0
191,2025-12-25 22:24:07.516286,6.180799904921103,6.163345434803456,78.42805783744447,69.09596975673406,58.916725312505115,57.45868055135418,58.84347558046126,0.0,0.0,0.0,437.99421625555334,1.0,1.0,0,0
192,2025-12-25 22:24:12.505680,6.34173085018043,6.306383117219173,78.4369872965552,69.13472175967989,59.03859943979448,57.60171123043353,58.966196520830266,0.0,0.0,0.0,437.1012703444793,1.0,1.0,0,0
193,2025-12-25 22:24:16.867867,6.500218292336615,6.447798904893317,78.45129016910775,69.20128411195141,59.1799316571642,57.74312501468942,59.10818600365511,0.0,0.0,0.0,435.6709830892266,1.0,1.0,0,0
194,2025-12-25 22:24:21.586655,6.657640727600914,6.588747800849273,78.46555879605764,69.26764675568683,59.32044242736649,57.88407188949071,59.24934567539265,0.0,0.0,0.0,434.2441203942348,1.0,1.0,0,0
195,2025-12-25 22:24:25.980213,6.814007296312675,6.729224332610923,78.4797930456965,69.3338073530112,59.46013593439816,58.0245463833118,59.38967988692889,0.0,0.0,0.0,432.8206954303494,1.0,1.0,0,0
196,2025-12-25 22:24:30.829105,6.969326977630548,6.8692232029749904,78.49399279015554,69.39976363814914,59.599016350086046,58.16454319987199,59.529192971977594,0.0,0.0,0.0,431.40072098444557,1.0,1.0,0,0
197,2025-12-25 22:24:35.406317,7.123608594252375,7.00873928490608,78.5081579052851,69.46551341531115,59.73708783325181,58.30405721303126,59.667889246434804,0.0,0.0,0.0,429.98420947149106,1.0,1.0,0,0
198,2025-12-25 22:24:40.655803,7.27686081694091,7.147767616583194,58.03252729147314,58.033752763667046,58.08624824185068,58.44266252174367,58.0885197558401,0.0,0.0,0.0,0.0,0.0,0.0,0,0
199,2025-12-25 22:24:45.281340,7.1850856502015805,7.071292456125903,57.947771340199616,57.94944380845622,57.99971788842721,58.36618600272497,58.00192290760055,0.0,0.0,0.0,0.0,0.0,0.0,0,0
200,2025-12-25 22:24:49.780170,7.093842706671876,6.994285074567131,57.86297592392541,57.865118749275595,57.91330326470234,58.28917735721363,57.915447579575606,0.0,0.0,0.0,0.0,0.0,0.0,0,0
201,2025-12-25 22:24:54.643471,7.003092124037728,6.9167853342160495,57.77815599490922,57.7807823141652,57.827003226986314,58.21167644037229,57.82909202780698,0.0,0.0,0.0,0.0,0.0,0.0,0,0
202,2025-12-25 22:24:59.415120,6.91279744944878,6.838829687922801,57.69332344009005,57.69643849226463,57.740815594426515,58.13371969853575,57.742853546987774,0.0,0.0,0.0,0.0,0.0,0.0,0,0
203,2025-12-25 22:25:03.779089,6.822925281636365,6.760451536961007,57.608487672041676,57.6120905993763,57.654737430754444,58.05534052702234,57.656728740636815,0.0,0.0,0.0,0.0,0.0,0.0,0,0
204,2025-12-25 22:25:08.490160,6.733444961107952,6.681681540832362,57.28044819852963,57.28785061301601,57.34556387709551,57.97651083848749,57.3483918294867,0.0,0.0,0.0,0.0,0.0,0.0,0,0
205,2025-12-25 22:25:13.840388,6.62308922307089,6.582308937221581,57.17475413437206,57.182716504633184,57.23874111653585,57.87713725944946,57.24152661346633,0.0,0.0,0.0,0.0,0.0,0.0,0,0
206,2025-12-25 22:25:18.511125,6.513039692092674,6.482630129188621,57.069079993979756,57.07758726943649,57.13201149483324,57.777457530316774,57.1347572729996,0.0,0.0,0.0,0.0,0.0,0.0,0,0
207,2025-12-25 22:25:23.754213,6.403278579868997,6.382662905035904,56.96342757594663,56.97246371694961,57.025371422614185,57.677489436237565,57.02808001832133,0.0,0.0,0.0,0.0,0.0,0.0,0,0
208,2025-12-25 22:25:28.517240,6.293789213478703,6.282423937676708,56.857798229358565,56.867346490907806,56.91881732529145,57.57724964716941,56.92149109172724,0.0,0.0,0.0,0.0,0.0,0.0,0,0
209,2025-12-25 22:25:33.693956,6.184555955798788,6.181928864242139,56.752192924553306,56.76223609242175,56.81234566658777,57.47675379747167,56.81498678932641,0.0,0.0,0.0,0.0,0.0,0.0,0,0
210,2025-12-25 22:25:38.790279,6.075564132756922,6.081192358800656,56.6466123133094,56.65713290020329,56.70595296711326,57.37601655861209,56.70856347806113,0.0,0.0,0.0,0.0,0.0,0.0,0,0
211,2025-12-25 22:25:42.835153,5.966799966689105,5.980228199014644,56.54105678020439,56.552037188272614,56.59963581895636,57.27505170581135,56.60221760892375,0.0,0.0,0.0,0.0,0.0,0.0,0,0
212,2025-12-25 22:25:47.724474,5.858250515173498,5.879049327306161,78.32107361633942,68.55127875233923,58.332672538222496,57.17431918100911,58.26058905766995,0.0,0.0,0.0,448.69263836605967,1.0,1.0,0,0
213,2025-12-25 22:25:52.834347,6.001840471671862,6.006299412185074,78.33393055359804,68.611966713673,58.46155846298849,57.30156774682883,58.39008465006097,0.0,0.0,0.0,447.4069446401972,1.0,1.0,0,0
214,2025-12-25 22:25:57.740400,6.144440677042449,6.133162215393101,78.34675332001333,68.67248513172092,58.58968786079287,57.428429010025866,58.51881518900514,0.0,0.0,0.0,446.12466799866763,1.0,1.0,0,0
215,2025-12-25 22:26:02.585852,6.286061163719354,6.259631364349802,78.359541799061,68.73283126220691,58.71706514683347,57.55489659910313,58.64678529030917,0.0,0.0,0.0,444.845820093899,1.0,1.0,0,0
216,2025-12-25 22:26:07.653075,6.426711749881532,6.3857007132006816,78.41241052380217,69.00390997730182,58.991694061866,57.68099878393282,58.9206633822673,0.0,0.0,0.0,439.5589476197827,1.0,1.0,0,0
217,2025-12-25 22:26:12.626747,6.576598777186098,6.519970819452898,78.4260034905175,69.0675171079383,59.125994787650136,57.81526707279112,59.05558396804188,0.0,0.0,0.0,438.19965094824806,1.0,1.0,0,0
218,2025-12-25 22:26:17.512887,6.725472609274923,6.653798256248332,78.43956188682364,69.13093304638376,59.25951118454894,57.949092674955445,59.1897121492574,0.0,0.0,0.0,436.84381131763433,1.0,1.0,0,0
219,2025-12-25 22:26:22.525604,6.873342415258988,6.7871775571311215,78.45308560739664,69.19415545092176,59.39224752761934,58.08247012491238,59.32305236990876,0.0,0.0,0.0,435.49143926033634,1.0,1.0,0,0
220,2025-12-25 22:26:27.057411,7.020217193031505,6.9201034381208375,78.46657453851356,69.25718204749086,59.52420805966488,58.21539413959729,59.45560903691628,0.0,0.0,0.0,434.1425461486442,1.0,1.0,0,0
221,2025-12-25 22:26:32.174631,7.166105774217397,7.052570793700689,57.82711940437456,57.82996767760312,57.88730194693058,58.34743964661248,57.88987025938731,0.0,0.0,0.0,0.0,0.0,0.0,0,0
222,2025-12-25 22:26:36.634458,7.065666106318762,6.966381768178804,57.733029259820654,57.73641597806064,57.7916311643464,58.261249355872515,57.79414016871717,0.0,0.0,0.0,0.0,0.0,0.0,0,0
223,2025-12-25 22:26:41.493851,6.965674418099465,6.879744765310909,57.63893051960763,57.64285809038704,57.696073025778404,58.174611167275316,57.69852725925938,0.0,0.0,0.0,0.0,0.0,0.0,0,0
224,2025-12-25 22:26:46.518133,6.866100782042689,6.792689712623965,57.54483066330824,57.54929686338868,57.6006244881648,58.08755500305504,57.603028083192406,0.0,0.0,0.0,0.0,0.0,0.0,0,0
225,2025-12-25 22:26:51.015063,6.766917491720354,6.705244316542665,57.45073616749453,57.455734698792234,57.50528227293057,58.00010856470687,57.50763899860687,0.0,0.0,0.0,0.0,0.0,0.0,0,0
226,2025-12-25 22:26:55.890952,6.668098878528511,6.617434245668281,57.35665219623402,57.36217358170999,57.41004281443514,57.91229751627039,57.41235611486529,0.0,0.0,0.0,0.0,0.0,0.0,0,0
227,2025-12-25 22:27:00.856173,6.5696211343541,6.529283308125444,57.26258282664527,57.268615137458426,57.314902356317866,57.824145661642696,57.31717538408812,0.0,0.0,0.0,0.0,0.0,0.0,0,0
228,2025-12-25 22:27:05.749190,6.471462153535088,6.44081360956907,57.14320903312572,57.150090517045,57.196621248513985,57.73566898919551,57.198948578790535,0.0,0.0,0.0,0.0,0.0,0.0,0,0
229,2025-12-25 22:27:11.109138,6.371376378798997,6.349951173549471,57.047004481663045,57.054376757083446,57.099481930513406,57.64480573395831,57.101774077806496,0.0,0.0,0.0,0.0,0.0,0.0,0,0
230,2025-12-25 22:27:15.998532,6.271568160888418,6.258811183102288,56.95082217565112,56.95866896560094,57.00242961483647,57.55366497354077,57.00468900113881,0.0,0.0,0.0,0.0,0.0,0.0,0,0
231,2025-12-25 22:27:20.667880,6.17202015989314,6.167410978135217,56.85466333260466,56.86296774731743,56.90546046825873,57.462264044776894,56.90768932771883,0.0,0.0,0.0,0.0,0.0,0.0,0,0
232,2025-12-25 22:27:25.657334,6.072716197049129,6.075766737418109,56.75852877647719,56.76727355715538,56.808570720074925,57.37061912356898,56.810771115941556,0.0,0.0,0.0,0.0,0.0,0.0,0,0
233,2025-12-25 22:27:30.377160,5.973641167384398,5.98389356591839,56.66241899983251,56.67158672104892,56.711756678050115,57.27874531220751,56.713930517889565,0.0,0.0,0.0,0.0,0.0,0.0,0,0
234,2025-12-25 22:27:35.776390,5.874780959990787,5.891805574551559,78.35512195594252,68.73039792911098,58.468833440919845,57.1871036507616,58.395758745432566,0.0,0.0,0.0,445.28780440574775,1.0,1.0,0,0
235,2025-12-25 22:27:41.338645,6.026482970876467,6.026077012210404,78.36867818487262,68.79403052333875,58.604439228291064,57.32137337893035,58.53200640303433,0.0,0.0,0.0,443.9321815127363,1.0,1.0,0,0
236,2025-12-25 22:27:46.445251,6.177149399499303,6.159932102228697,78.3822002625968,68.85748282910286,58.73925374767887,57.455226738733636,58.667454130441875,0.0,0.0,0.0,442.57997374031964,1.0,1.0,0,0
237,2025-12-25 22:27:50.931920,6.326790077668361,6.293364670538325,78.39568806936597,68.9207522058346,58.873281327229286,57.58865755716184,58.80210644702662,0.0,0.0,0.0,441.2311930634021,1.0,1.0,0,0
238,2025-12-25 22:27:56.031182,6.47541464113913,6.426368751951368,78.40914147901896,68.98383609325921,59.00652627438892,57.721659870051035,58.93596784511319,0.0,0.0,0.0,439.88585209810304,1.0,1.0,0,0
239,2025-12-25 22:28:00.964047,6.623032537204562,6.558938583261594,78.42256037025479,69.04673201522067,59.13899288438601,57.85422791518611,59.06904279872563,0.0,0.0,0.0,438.5439629745211,1.0,1.0,0,0
240,2025-12-25 22:28:05.943424,6.7696530307128056,6.69106859668612,78.49814847098543,69.42995165297364,59.50702076302765,57.98641120845214,59.43566237975425,0.0,0.0,0.0,430.98515290145804,1.0,1.0,0,0
241,2025-12-25 22:28:11.049892,6.930795670606595,6.835824909106055,78.5128313633663,69.49785474922265,59.650620062251086,58.13116534129796,59.57992043656551,0.0,0.0,0.0,429.5168636633691,1.0,1.0,0,0
242,2025-12-25 22:28:15.843126,7.0908636823279645,6.9800832493722025,78.52747986473015,69.56554608706365,59.793384593404234,58.27542148651157,59.723335616473065,0.0,0.0,0.0,428.0520135269833,1.0,1.0,0,0
243,2025-12-25 22:28:20.848899,7.249865767800924,7.123838598984316,58.0710376873359,58.07174524087409,58.11925711964545,58.418748815741885,58.12128789331092,0.0,0.0,0.0,0.0,0.0,0.0,0,0
244,2025-12-25 22:28:25.824241,7.164403457358098,7.05359692475067,57.992652206651336,57.99374191064891,58.03907073913672,58.348505789808605,58.041034051939704,0.0,0.0,0.0,0.0,0.0,0.0,0,0
245,2025-12-25 22:28:30.651751,7.079510189240906,6.982786210158309,57.914210277249786,57.915717546869104,57.95899915021145,58.27769382476943,57.960901389899085,0.0,0.0,0.0,0.0,0.0,0.0,0,0
246,2025-12-25 22:28:35.664089,6.995139890389714,6.911452528239166,57.835731471391476,57.83767790584403,57.87904247468476,58.20635898535877,57.880889304591726,0.0,0.0,0.0,0.0,0.0,0.0,0,0
247,2025-12-25 22:28:40.932073,6.91125078986904,6.839637649925756,57.75723108239876,57.759627876230624,57.799199273887616,58.13454303502306,57.80099573357701,0.0,0.0,0.0,0.0,0.0,0.0,0,0
248,2025-12-25 22:28:46.195239,6.827804918634366,6.767379544287029,57.67872104998183,57.68157151546637,57.719466996250056,58.0622839360494,57.72121758507849,0.0,0.0,0.0,0.0,0.0,0.0,0,0
249,2025-12-25 22:28:51.819608,6.744767685723659,6.694712802271738,57.60021065987274,57.603512140075644,57.63984230820184,57.989616273223,57.6415510553036,0.0,0.0,0.0,0.0,0.0,0.0,0,0
250,2025-12-25 22:28:56.640643,6.662107515445973,6.621668999573279,57.52170708397307,57.52545242693954,57.56032134125621,57.91657161662062,57.56199186459582,0.0,0.0,0.0,0.0,0.0,0.0,0,0
251,2025-12-25 22:29:01.228538,6.579795534133208,6.548277009864908,57.44321580360745,57.44739451016115,57.48089987810304,57.84317883478586,57.48253543462723,0.0,0.0,0.0,0.0,0.0,0.0,0,0
252,2025-12-25 22:29:06.003334,6.49780529776451,6.474563277167244,57.47752075548884,57.480561307198606,57.505065497759645,57.76949159836181,57.50626084193443,0.0,0.0,0.0,0.0,0.0,0.0,0,0
253,2025-12-25 22:29:10.953235,6.428602811274888,6.412364097810453,57.41129178310599,57.414688740968685,57.43811641166945,57.707291797033285,57.43928466994615,0.0,0.0,0.0,0.0,0.0,0.0,0,0
254,2025-12-25 22:29:15.839454,6.359691167077742,6.349874077805456,57.34508238891402,57.34882104682634,57.3712561938691,57.64480120665864,57.37239995645378,0.0,0.0,0.0,0.0,0.0,0.0,0,0
255,2025-12-25 22:29:21.278254,6.291045228066818,6.287118354256435,57.278894810090314,57.28295926126566,57.30447958305484,57.582044959885046,57.30560116123569,0.0,0.0,0.0,0.0,0.0,0.0,0,0
256,2025-12-25 22:29:26.791440,6.222642191832478,6.224119729586863,57.21273047723152,57.217104119841025,57.23778143240459,57.5190458550941,57.23888289283368,0.0,0.0,0.0,0.0,0.0,0.0,0,0
257,2025-12-25 22:29:31.211119,6.154461348243425,6.160898913917789,57.14659014609045,57.151256097928716,57.17115672952164,57.4558245987364,57.17223992427213,0.0,0.0,0.0,0.0,0.0,0.0,0,0
258,2025-12-25 22:29:36.463373,6.086483864555008,6.097474739981674,57.080474056433566,57.085415465959464,57.10460063915268,57.39240002020692,57.10566723143835,0.0,0.0,0.0,0.0,0.0,0.0,0,0
259,2025-12-25 22:29:41.164899,6.018692596508283,6.0338643520687985,57.01438205712293,57.019582334260996,57.03810853136889,57.32878926075738,57.03916001765287,0.0,0.0,0.0,0.0,0.0,0.0,0,0
260,2025-12-25 22:29:46.980128,5.9510719216055525,5.970083372660787,56.9483137046651,56.953756689295616,56.971675998839885,57.265007940100425,56.972713727921004,0.0,0.0,0.0,0.0,0.0,0.0,0,0
261,2025-12-25 22:29:52.424934,5.883607591417786,5.906146050190493,78.4626017051703,69.28652418093836,58.89743852874502,57.20154124211658,58.82103534779817,0.0,0.0,0.0,434.5398294829698,1.0,1.0,0,0
262,2025-12-25 22:29:57.311867,6.061258833343446,6.0625032775344705,78.478366370169,69.35914549634386,59.054133090552675,57.35789611023295,58.97847854906127,0.0,0.0,0.0,432.96336298309944,1.0,1.0,0,0
263,2025-12-25 22:30:02.844186,6.237726319263889,6.218355798079746,78.4940970624735,69.43155394670978,59.20992523686989,57.51374625101869,59.13501009567157,0.0,0.0,0.0,431.39029375265096,1.0,1.0,0,0
264,2025-12-25 22:30:07.661270,6.413019491681414,6.373697807945622,78.4532464435213,69.21604046567386,59.140323873341686,57.66903348143289,59.0678831588405,0.0,0.0,0.0,435.4753556478712,1.0,1.0,0,0
265,2025-12-25 22:30:13.205804,6.573453457159527,6.516863798271042,78.46773769767154,69.28331526544935,59.28324462004718,57.81219740920195,59.21146834641923,0.0,0.0,0.0,434.0262302328473,1.0,1.0,0,0
266,2025-12-25 22:30:18.648061,6.732811014429615,6.659554121732356,78.48219470865901,69.35038709206357,59.42533482921581,57.954885652562375,59.35421461166493,0.0,0.0,0.0,432.58052913409904,1.0,1.0,0,0
267,2025-12-25 22:30:23.242248,6.8911012494088295,6.801763360007137,78.49661739650462,69.4172536689037,59.56659876607743,58.097092794138526,59.496126382632795,0.0,0.0,0.0,431.13826034953803,1.0,1.0,0,0
268,2025-12-25 22:30:28.363545,7.048333084334379,6.943486267020347,78.51100563069231,69.48391275518159,59.70704057947184,58.23881358877081,59.63720796786753,0.0,0.0,0.0,429.699436930768,1.0,1.0,0,0
269,2025-12-25 22:30:33.384233,7.204515288989684,7.08471776311506,57.99279378564707,57.99399280306916,58.04314748317779,58.37961872376745,58.045277558673625,0.0,0.0,0.0,0.0,0.0,0.0,0,0
270,2025-12-25 22:30:37.901177,7.115766530838279,7.010654344365781,57.91077087080038,57.91240641831386,57.959425786979025,58.30555400105506,57.96149219762775,0.0,0.0,0.0,0.0,0.0,0.0,0,0
271,2025-12-25 22:30:42.060306,7.027542716876363,6.936065983458212,57.828710951097584,57.830804690738475,57.875819434621505,58.23096442948579,57.877827865412286,0.0,0.0,0.0,0.0,0.0,0.0,0,0
272,2025-12-25 22:30:46.982431,6.939803483910953,6.8609930435987545,57.7466288098603,57.74919235007104,57.79232705003232,58.15589036503656,57.794282582727476,0.0,0.0,0.0,0.0,0.0,0.0,0,0
273,2025-12-25 22:30:52.517064,6.852512005396851,6.785472351329211,57.66453613844154,57.66757335724933,57.70894622870935,58.080368627670445,57.710853419594734,0.0,0.0,0.0,0.0,0.0,0.0,0,0
274,2025-12-25 22:30:57.355657,6.765634613133542,6.709537574856299,57.58244212268235,57.585950978642806,57.62567381960692,58.00443287959375,57.6275367652464,0.0,0.0,0.0,0.0,0.0,0.0,0,0
275,2025-12-25 22:31:02.498593,6.679140469749056,6.633219551542181,57.50035393591601,57.50432787631626,57.54250615157762,57.928113952682274,57.54432854463208,0.0,0.0,0.0,0.0,0.0,0.0,0,0
276,2025-12-25 22:31:07.582448,6.5930012844838295,6.556546572148614,57.410842805552576,57.41537378700266,57.45261670139266,57.851438337283,57.45442877108597,0.0,0.0,0.0,0.0,0.0,0.0,0,0
277,2025-12-25 22:31:12.753436,6.506455968398914,6.478846008020555,57.328060232677295,57.33303680051279,57.36892179983323,57.77373698765878,57.370699558295556,0.0,0.0,0.0,0.0,0.0,0.0,0,0
278,2025-12-25 22:31:17.941045,6.420214628744411,6.40084146953002,57.24529662286698,57.250704353084096,57.285318855625455,57.6957317176036,57.28706503103639,0.0,0.0,0.0,0.0,0.0,0.0,0,0
279,2025-12-25 22:31:23.022714,6.334255490028148,6.322554732152204,57.162554234564006,57.16837745428838,57.201803510350715,57.617444298731314,57.203520584790105,0.0,0.0,0.0,0.0,0.0,0.0,0,0
280,2025-12-25 22:31:28.057286,6.248558460320999,6.244005887832347,57.079834649829955,57.0860568644945,57.11837142923031,57.53889481942523,57.12006166472176,0.0,0.0,0.0,0.0,0.0,0.0,0,0
281,2025-12-25 22:31:33.918240,6.163104983387312,6.165213492793625,56.99713890270044,57.00374313679713,57.035018342815015,57.460101832619635,57.036683804122696,0.0,0.0,0.0,0.0,0.0,0.0,0,0
282,2025-12-25 22:31:38.836383,6.077877906343362,6.086194699939974,56.91446758564272,56.92143665312928,56.951740078848424,57.38108248817838,56.95338265348317,0.0,0.0,0.0,0.0,0.0,0.0,0,0
283,2025-12-25 22:31:43.326275,5.99286136088241,6.006965377553219,56.8318209368943,56.83913765470198,56.86853258555842,57.301852651571224,56.870154001392194,0.0,0.0,0.0,0.0,0.0,0.0,0,0
284,2025-12-25 22:31:48.261320,5.908040656356363,5.927540216305839,78.40554284086565,68.99324855559009,58.68152316165738,57.22287974247955,58.60703558641957,0.0,0.0,0.0,440.2457159134341,1.0,1.0,0,0
285,2025-12-25 22:31:53.525501,6.071265243248607,6.071591126427374,78.4200859311389,69.06091137610494,58.82654469331587,57.36692866891941,58.75274648529631,0.0,0.0,0.0,438.791406886111,1.0,1.0,0,0
286,2025-12-25 22:31:59.208431,6.233387252944694,6.215186986783287,78.43459523852492,69.12837988057298,58.970725314903625,57.510522524862594,58.897607545361524,0.0,0.0,0.0,437.3404761475065,1.0,1.0,0,0
287,2025-12-25 22:32:04.319987,6.394416310504519,6.358321790623086,78.4490706266566,69.19565152026406,59.1140692264866,57.65365530459504,59.041623148555644,0.0,0.0,0.0,435.89293733434016,1.0,1.0,0,0
288,2025-12-25 22:32:08.387848,6.554361866603201,6.500989720159358,78.48615821686002,69.37854132687268,59.344944451005745,57.79634179689705,59.272450341249964,0.0,0.0,0.0,432.18417831399904,1.0,1.0,0,0
289,2025-12-25 22:32:13.684355,6.7187813038804345,6.647891793185014,78.5010413833134,69.44732744193605,59.49113532025718,57.943241671378814,59.41931919806498,0.0,0.0,0.0,430.6958616686586,1.0,1.0,0,0
290,2025-12-25 22:32:18.452890,6.882102723170974,6.794297833654421,78.51589051368352,69.51590306987266,59.636477802921256,58.08964549646396,59.56533127822364,0.0,0.0,0.0,429.2109486316495,1.0,1.0,0,0
291,2025-12-25 22:32:33.673204,7.0443350217840734,6.940202589673715,78.53070547124238,69.58426597706959,59.7809760051047,58.2355480211764,59.7104908460359,0.0,0.0,0.0,427.7294528757616,1.0,1.0,1,1
292,2025-12-25 22:32:48.791414,7.205486950267058,7.085600970750784,78.54548612139206,69.65241399500778,59.924634019467526,58.38094415591676,59.854802147986796,0.0,0.0,0.0,426.25138786079305,1.0,1.0,1,1
293,2025-12-25 22:33:04.268029,7.365567116296114,7.23048804368771,78.56023233283064,69.72034501937856,60.067455927334116,58.52582896835489,59.99826941489237,0.0,0.0,0.0,424.77676671693575,1.0,1.0,1,1
294,2025-12-25 22:33:19.361962,7.524583988610678,7.374859028281703,78.5749439773686,69.7880570082592,60.209445797420976,58.67019767913177,60.140896860799714,0.0,0.0,0.0,423.3056022631395,1.0,1.0,1,1
295,2025-12-25 22:33:34.339154,7.682545900789415,7.518709293222539,58.505684539968115,58.50571653108689,58.557006711844096,58.813627784393404,58.55914257996034,0.0,0.0,0.0,0.0,0.0,0.0,1,1
296,2025-12-25 22:33:49.234406,7.597648916272928,7.45204063242399,58.429661368159174,58.4298689910071,58.478676058607235,58.74695750296374,58.480725621189364,0.0,0.0,0.0,0.0,0.0,0.0,1,1
297,2025-12-25 22:34:04.357300,7.513464439058574,7.384659466213803,58.35349963733346,58.35398448270883,58.400446711119734,58.679574843765394,58.40241888109829,0.0,0.0,0.0,0.0,0.0,0.0,1,1
298,2025-12-25 22:34:18.997365,7.429930717439168,7.316627546300169,58.27723870013033,58.27806861763734,58.322326903638036,58.6115415470029,58.32422945873769,0.0,0.0,0.0,0.0,0.0,0.0,1,1
299,2025-12-25 22:34:33.837196,7.346992463466666,7.248000160643796,58.200908289630014,58.202128231896715,58.24432068427272,58.54291289053974,58.24616045177544,0.0,0.0,0.0,0.0,0.0,0.0,1,1
300,2025-12-25 22:34:48.908224,7.264599935265306,7.1788270511128935,58.395391636674574,58.394741887016124,58.41596609653226,58.47380484819244,58.41680940472483,0.0,0.0,0.0,0.0,0.0,0.0,1,1
301,2025-12-25 22:35:04.128244,7.217089528507428,7.145793362073551,58.355435477126036,58.3552193041087,58.37405453498212,58.44076989725985,58.37481977652519,0.0,0.0,0.0,0.0,0.0,0.0,1,1
302,2025-12-25 22:35:18.882146,7.170579968860912,7.1117588268977485,58.315263566585095,58.3152429339303,58.33222637598745,58.40673426334121,58.332927959631675,0.0,0.0,0.0,0.0,0.0,0.0,1,1
303,2025-12-25 22:35:33.679206,7.124921860243515,7.076872841692945,58.274945818385284,58.27497691645138,58.290510085455644,58.37184732065643,58.29115927835269,0.0,0.0,0.0,0.0,0.0,0.0,1,1
304,2025-12-25 22:35:48.309315,7.079991548654659,7.041259060455086,58.2344772913042,58.234652098211726,58.24889001563328,58.33623271155535,58.24949611136522,0.0,0.0,0.0,0.0,0.0,0.0,1,1
305,2025-12-25 22:36:03.223679,7.035680444321789,7.005026072963888,58.19391915193752,58.1942986626758,58.2073771871278,58.29999900667178,58.20794752043581,0.0,0.0,0.0,0.0,0.0,0.0,1,1
306,2025-12-25 22:36:18.392037,6.991898717367288,6.968263709102965,58.1533154393127,58.153927588503194,58.1659755037515,58.263236019571025,58.1665159211236,0.0,0.0,0.0,0.0,0.0,0.0,1,1
307,2025-12-25 22:36:33.149705,6.948571673653477,6.931046663004174,58.11269407560055,58.11354759296627,58.124682756716226,58.22601843098378,58.125197981763506,0.0,0.0,0.0,0.0,0.0,0.0,1,1
308,2025-12-25 22:36:48.614168,6.905636582786208,6.893437665069355,58.07207282354708,58.07316487938014,58.083493487763256,58.18840896012359,58.0839873787106,0.0,0.0,0.0,0.0,0.0,0.0,1,1
309,2025-12-25 22:37:03.721319,6.863040366989074,6.855489793079368,78.6479496466639,70.18768186883247,60.16640238541542,58.150956457832415,60.090827767874245,0.0,0.0,0.0,416.0050353336109,1.0,1.0,1,1
310,2025-12-25 22:37:18.704019,7.057013506058458,7.026531168038568,78.66542400436165,70.26594853947603,60.335927569585095,58.321994871412315,60.26116125934921,0.0,0.0,0.0,414.2575995638342,1.0,1.0,1,1
311,2025-12-25 22:37:33.355413,7.249701994776643,7.196985615217771,78.68286743159224,70.3439730513793,60.50447043392811,58.492446338756324,60.43050298853229,0.0,0.0,0.0,412.5132568407769,1.0,1.0,1,1
312,2025-12-25 22:37:48.921710,7.441114546943469,7.366847733612213,78.52138061617565,69.5338234189563,59.96281704014754,58.662139650154494,59.895004409783844,0.0,0.0,0.0,428.66193838243527,1.0,1.0,1,1
313,2025-12-25 22:38:03.880649,7.588276164199543,7.499613767411241,78.53501484985853,69.59676351103433,60.09482049358765,58.79490381702981,60.02760740387213,0.0,0.0,0.0,427.2985150141474,1.0,1.0,1,1
314,2025-12-25 22:38:18.332443,7.734436646625446,7.631920651546885,78.54861394342406,69.65950548360225,60.22604318810291,58.92720881906547,60.159421906773105,0.0,0.0,0.0,425.9386056575941,1.0,1.0,1,1
315,2025-12-25 22:38:33.140140,7.879604868603647,7.763763275282589,78.56217778241648,69.7220471359895,60.35648937510563,59.059049546415174,60.290452328521305,0.0,0.0,0.0,424.58222175835135,1.0,1.0,1,1
316,2025-12-25 22:38:47.753250,8.023789543052471,7.895136701625054,78.57570625609739,69.78438633930993,60.48616328713667,59.19042106294859,60.42070305541624,0.0,0.0,0.0,423.2293743902603,1.0,1.0,1,1
317,2025-12-25 22:39:02.410497,8.166999226205506,8.026036162128934,78.58919925719303,69.84652103420927,60.61506913650069,59.32131860105709,60.55017844886669,0.0,0.0,0.0,421.88007428069625,1.0,1.0,1,1
318,2025-12-25 22:39:17.662223,8.309242322189151,8.156457051929456,58.99461188532758,58.99578619504348,59.0558870375405,59.4513396417673,59.058473596850455,0.0,0.0,0.0,0.0,0.0,0.0,1,1
319,2025-12-25 22:39:31.959877,8.211245819103612,8.07526651039171,58.904373088046924,58.90600692813463,58.96368111043349,59.370147607871026,58.966193965413055,0.0,0.0,0.0,0.0,0.0,0.0,1,1
320,2025-12-25 22:39:46.962080,8.113804925815458,7.9935203612932,58.81408612191544,58.816208916344415,58.871591613768715,59.288400065219385,58.874036906170296,0.0,0.0,0.0,0.0,0.0,0.0,1,1
321,2025-12-25 22:40:01.607326,8.016879967473775,7.911258279501918,58.72376691338599,58.72639702251015,58.77961808061902,59.20613668155667,58.78200134024872,0.0,0.0,0.0,0.0,0.0,0.0,1,1
322,2025-12-25 22:40:16.473842,7.920434522358147,7.828516686719045,58.63342832627076,58.63657543054306,58.687758957883865,59.12339387206306,58.690085177050356,0.0,0.0,0.0,0.0,0.0,0.0,1,1
323,2025-12-25 22:40:31.404680,7.824435093116114,7.74532908031554,58.54308069564117,58.54674767886334,58.59601186848264,59.0402051281286,58.59828556562711,0.0,0.0,0.0,0.0,0.0,0.0,1,1
324,2025-12-25 22:40:46.036934,7.728850819493267,7.661726320530425,58.79416770844468,58.79436586890062,58.81804582783138,58.956684029454706,58.81904753445874,0.0,0.0,0.0,0.0,0.0,0.0,1,1
325,2025-12-25 22:41:00.729241,7.671125514830837,7.614946576838678,58.74158702876367,58.742022310434976,58.76414905362511,58.90990331355867,58.765101475425766,0.0,0.0,0.0,0.0,0.0,0.0,1,1
326,2025-12-25 22:41:15.487431,7.613977839964436,7.567589204652127,58.688940548799096,58.68965542460444,58.710363465068156,58.862545072024346,58.71127320273255,0.0,0.0,0.0,0.0,0.0,0.0,1,1
327,2025-12-25 22:41:30.544381,7.557341645798851,7.519720353067009,58.63625742326951,58.63727347213676,58.656689901005194,58.81467544201061,58.65756250137854,0.0,0.0,0.0,0.0,0.0,0.0,1,1
328,2025-12-25 22:41:45.399420,7.501159520451021,7.471397433972758,58.5835581051796,58.58488303564789,58.603126025156605,58.76635182512275,58.603966185551144,0.0,0.0,0.0,0.0,0.0,0.0,1,1
329,2025-12-25 22:41:59.861558,7.445381360397028,7.42267055089617,58.53085691715642,58.532489120197425,58.549667562850956,58.71762431595124,58.55047928747743,0.0,0.0,0.0,0.0,0.0,0.0,1,1
330,2025-12-25 22:42:14.921311,7.389963244598091,7.373583624876588,58.478163776799036,58.48009542465019,58.49630909701869,58.668536827722605,58.49709581898646,0.0,0.0,0.0,0.0,0.0,0.0,1,1
331,2025-12-25 22:42:30.376065,7.33486652801691,7.324175300937703,58.42548540466963,58.42770461330101,58.44304459576284,58.61912799859769,58.44380927357078,0.0,0.0,0.0,0.0,0.0,0.0,1,1
332,2025-12-25 22:42:45.683993,7.280057100376759,7.274479689374009,78.64330133659082,70.16128249166556,60.35532410871425,58.569892780816026,60.282412440110015,0.0,0.0,0.0,416.4698663409168,1.0,1.0,1,1
333,2025-12-25 22:43:00.646716,7.461466351056285,7.434621860988016,78.6598046246993,70.23528653416705,60.51473383572626,58.73003235103751,60.44257867960919,0.0,0.0,0.0,414.8195375300694,1.0,1.0,1,1
334,2025-12-25 22:43:15.630408,7.641653353790962,7.59421870812822,78.67627534421143,70.30906314956705,60.67320897511772,58.889626577900835,60.60180113478282,0.0,0.0,0.0,413.1724655788568,1.0,1.0,1,1
335,2025-12-25 22:43:30.056671,7.8206271650906025,7.753264662507294,78.69271332401287,70.38261000933011,60.830753491351295,59.048669894092896,60.76008393113812,0.0,0.0,0.0,411.5286675987139,1.0,1.0,1,1
336,2025-12-25 22:43:45.297713,7.998396704351251,7.911754311306821,78.65443416549864,70.18843720597079,60.77036334165262,59.20710611422294,60.70203144056933,0.0,0.0,0.0,415.3565834501371,1.0,1.0,1,1
337,2025-12-25 22:43:59.994286,8.161912339435904,8.058594682741594,78.66965672595103,70.25710963852003,60.915588254543714,59.353944170916144,60.847922034723176,0.0,0.0,0.0,413.83432740489746,1.0,1.0,1,1
338,2025-12-25 22:44:14.750539,8.32432004963479,8.204912578027734,78.68484471257567,70.32556117386981,61.05995258029353,59.500259736458254,60.99294385626498,0.0,0.0,0.0,412.31552874243215,1.0,1.0,1,1
339,2025-12-25 22:44:29.648089,8.485628534249683,8.350703000875528,78.69999803201297,70.39378972137266,61.203460514426546,59.64604781544269,61.13710124849193,0.0,0.0,0.0,410.80019679870395,1.0,1.0,1,1
340,2025-12-25 22:44:44.407505,8.645846348903662,8.49596110867118,78.7151165438694,70.46179322071488,61.34611614491247,59.79130356611205,61.28039844483669,0.0,0.0,0.0,409.2883456130599,1.0,1.0,1,1
341,2025-12-25 22:44:58.910886,8.804981915237816,8.64068220782039,59.705234947525334,59.70504630946202,59.75069951363762,59.935619792073744,59.752574630078925,0.0,0.0,0.0,0.0,0.0,0.0,1,1
342,2025-12-25 22:45:13.744631,8.72819496808595,8.58296104491883,59.63803925108039,59.63802706051553,59.68099058943036,59.87789694211809,59.68277042261046,0.0,0.0,0.0,0.0,0.0,0.0,1,1
343,2025-12-25 22:45:28.748834,8.652245273319187,8.524402631307058,59.570703968339764,59.57075305221482,59.61139821423042,59.81933698145216,59.61309365922991,0.0,0.0,0.0,0.0,0.0,0.0,1,1
344,2025-12-25 22:45:43.680110,8.577054484977117,8.465085312935141,59.5031963243512,59.503431559652746,59.541897921816926,59.760018252119714,59.54351881858757,0.0,0.0,0.0,0.0,0.0,0.0,1,1
345,2025-12-25 22:45:59.309576,8.502548699904565,8.4050829929706,59.43556581052903,59.436075021869925,59.472501449567545,59.70001464372424,59.4740562308033,0.0,0.0,0.0,0.0,0.0,0.0,1,1
346,2025-12-25 22:46:14.578409,8.428662662304871,8.344460927198702,59.36785123255218,59.368690502578396,59.403215820814495,59.63939140000605,59.40471175253367,0.0,0.0,0.0,0.0,0.0,0.0,1,1
347,2025-12-25 22:46:29.766550,8.355338541574405,8.283276946243783,59.30008129739328,59.30128532939157,59.33404378613075,59.57820634108842,59.33548717076732,0.0,0.0,0.0,0.0,0.0,0.0,1,1
348,2025-12-25 22:46:44.623300,8.282524816816123,8.22158257099845,59.21087899730937,59.212727383307154,59.24533133381946,59.51650579782366,59.24680451295005,0.0,0.0,0.0,0.0,0.0,0.0,1,1
349,2025-12-25 22:46:59.633918,8.207751923912635,8.157034170748304,59.14062842274289,59.142884161123284,59.17395934027261,59.45195648977107,59.17539043767184,0.0,0.0,0.0,0.0,0.0,0.0,1,1
350,2025-12-25 22:47:14.862637,8.13339003822526,8.092074765014111,59.070376088589114,59.073037441918416,59.102694688598895,59.386996249182125,59.10408777626844,0.0,0.0,0.0,0.0,0.0,0.0,1,1
351,2025-12-25 22:47:29.953430,8.05940418899818,8.026739324558122,59.00013004760193,59.00319021317019,59.03153316343034,59.321660040597315,59.03289185651074,0.0,0.0,0.0,0.0,0.0,0.0,1,1
352,2025-12-25 22:47:44.694061,7.985762700082352,7.961059525535862,58.92989633555498,58.933344821930646,58.96047015237864,59.25597953454447,58.961797669641584,0.0,0.0,0.0,0.0,0.0,0.0,1,1
353,2025-12-25 22:47:59.532617,7.912436826577799,7.89506411286106,58.85967936054974,58.86350306766018,58.889500796810985,59.18998347083527,58.89080001223582,0.0,0.0,0.0,0.0,0.0,0.0,1,1
354,2025-12-25 22:48:14.855702,7.839400439125199,7.828779215883292,58.78948225396546,58.793666302143166,58.81862013072918,59.12369797418465,58.819893617099936,0.0,0.0,0.0,0.0,0.0,0.0,1,1
355,2025-12-25 22:48:29.973420,7.766629749876434,7.762228622457293,78.62691691914587,70.07354120407047,60.541918007788404,59.057571578160946,60.47249312584696,0.0,0.0,0.0,418.10830808541374,1.0,1.0,1,1
356,2025-12-25 22:48:45.150757,7.930285018120225,7.907063378938452,78.64199932688922,70.14141856234919,60.6869157691821,59.20240420514669,60.618174250178484,0.0,0.0,0.0,416.60006731107694,1.0,1.0,1,1
357,2025-12-25 22:49:00.316308,8.092811182779263,8.051411848917617,78.65704735572649,70.20908944758833,60.831049248873434,59.34675052632747,60.76298226921395,0.0,0.0,0.0,415.09526442735205,1.0,1.0,1,1
358,2025-12-25 22:49:15.605565,8.254217752891549,8.195268205498511,78.67206088731449,70.27655141566376,60.97432268928777,59.49060471582371,60.90692159889826,0.0,0.0,0.0,413.59391126855144,1.0,1.0,1,1
359,2025-12-25 22:49:30.444199,8.414514068088627,8.338626803842224,78.68703976661801,70.34380207259014,61.11674028757808,59.63396112978068,61.04999660500412,0.0,0.0,0.0,412.0960233381976,1.0,1.0,1,1
360,2025-12-25 22:49:45.513126,8.573709308556989,8.481482175188374,78.55216016510761,69.65297096775781,60.72238228741644,59.77668942689664,60.6611423499256,0.0,0.0,0.0,425.5839834892384,1.0,1.0,1,1
361,2025-12-25 22:50:00.375672,8.693565011981889,8.591829723956236,78.56367313420992,69.7063433045183,60.83162016346722,59.88703557858394,60.77085509212389,0.0,0.0,0.0,424.43268657900705,1.0,1.0,1,1
362,2025-12-25 22:50:15.945495,8.812589899704934,8.701775000415859,78.57515059619013,69.75953665874133,60.940195974870825,59.99697944628713,60.879899271133894,0.0,0.0,0.0,423.2849403809863,1.0,1.0,1,1
363,2025-12-25 22:50:30.919257,8.930792410416082,8.81131336884793,78.58659249087461,69.81254899604698,61.04811407614029,60.10651639508712,60.98827939427869,0.0,0.0,0.0,422.1407509125408,1.0,1.0,1,1
364,2025-12-25 22:50:46.009923,9.04818080184589,8.920440380926006,59.45722360822271,59.462570758459584,59.53903322403373,60.21525104264116,59.54254360519492,0.0,0.0,0.0,0.0,0.0,0.0,1,1
365,2025-12-25 22:51:00.898822,8.927656653758154,8.81534969953122,59.34347009355792,59.34946732943794,59.42360844977801,60.110158990919444,59.427056087834465,0.0,0.0,0.0,0.0,0.0,0.0,1,1
366,2025-12-25 22:51:15.376556,8.80754250040213,8.709849026230737,59.22971976133114,59.23636203484748,59.308293768022246,60.004657020051,59.31168265724867,0.0,0.0,0.0,0.0,0.0,0.0,1,1
367,2025-12-25 22:51:29.584329,8.687815336611521,8.60396136619547,59.115977096653815,59.12325662460659,59.193085956993194,59.89876813111517,59.196419801188945,0.0,0.0,0.0,0.0,0.0,0.0,1,1
368,2025-12-25 22:51:44.560527,8.568453575229455,8.497708306577305,59.0022462351961,59.010152707073075,59.077981887163745,59.79251390742867,59.081264119690296,0.0,0.0,0.0,0.0,0.0,0.0,1,1
369,2025-12-25 22:51:59.318182,8.449436954475244,8.39111010916753,58.888530555002106,58.8970516374241,58.96297830387276,59.68591460718544,58.96621211127412,0.0,0.0,0.0,0.0,0.0,0.0,1,1
370,2025-12-25 22:52:14.400316,8.330746442657487,8.28418580565661,58.774832787491555,58.78395454846797,58.84807187251297,59.57898925869876,58.85126021565907,0.0,0.0,0.0,0.0,0.0,0.0,1,1
371,2025-12-25 22:52:29.561110,8.212364151382998,8.176953284431503,58.66115511211418,58.67086237834296,58.73325921551537,59.471755747182655,58.73640484857543,0.0,0.0,0.0,0.0,0.0,0.0,1,1
372,2025-12-25 22:52:44.585861,8.09427325630412,8.069429369844535,58.003503366450715,58.02140006655647,58.119392836064435,59.364099583685395,58.12446897638711,0.0,0.0,0.0,0.0,0.0,0.0,1,1
373,2025-12-25 22:52:59.466962,7.939995668860723,7.927624671833922,57.8544106812495,57.87300995502722,57.96906102020635,59.22229377765739,57.97409047588775,0.0,0.0,0.0,0.0,0.0,0.0,1,1
374,2025-12-25 22:53:14.268133,7.785975102987945,7.785562955972234,57.705345181855755,57.724627883109314,57.81881380691762,59.08023099939313,57.823798728342986,0.0,0.0,0.0,0.0,0.0,0.0,1,1
375,2025-12-25 22:53:29.224553,7.632200643153838,7.643255137790682,57.55630543115957,57.57625337691393,57.66864743414533,58.93792216248397,57.673589884445896,0.0,0.0,0.0,0.0,0.0,0.0,1,1
376,2025-12-25 22:53:44.243295,7.4786618321060665,7.500711674543883,57.40729169493216,57.42788663506502,57.51855929907928,58.79537772233121,57.523461234660104,0.0,0.0,0.0,0.0,0.0,0.0,1,1
377,2025-12-25 22:53:58.878899,7.325348684610088,7.357942551448972,57.25830411288092,57.27952780576583,57.368546845774,58.65260766238255,57.373410122729204,0.0,0.0,0.0,0.0,0.0,0.0,1,1
378,2025-12-25 22:54:13.911379,7.172251663759517,7.2149573054328595,78.30461384902664,68.41142028189671,59.07954160079704,58.510093326727834,59.016619058223135,0.0,0.0,0.0,450.3386150973366,1.0,1.0,1,1
379,2025-12-25 22:54:28.911454,7.270596540881404,7.302861446594753,78.31376387563049,68.454842417054,59.16980698490411,58.59799678615694,59.10731386686185,0.0,0.0,0.0,449.4236124369512,1.0,1.0,1,1
380,2025-12-25 22:54:44.131277,7.368199575780215,7.390527423138864,78.32288199139434,68.49815206004499,59.25950469404571,58.685662059659855,59.19743305586491,0.0,0.0,0.0,448.51180086056615,1.0,1.0,1,1
381,2025-12-25 22:54:59.202352,7.465072209151357,7.477947212160778,78.33196813731584,68.54134566926271,59.34863975929115,58.773081125617,59.28698193961544,0.0,0.0,0.0,447.603186268418,1.0,1.0,1,1
382,2025-12-25 22:55:14.189342,7.561225494556132,7.5651131842064085,78.34102226376615,68.58441987586905,59.437217163636475,58.860246355795475,59.37596576975051,0.0,0.0,0.0,446.69777362338573,1.0,1.0,1,1
383,2025-12-25 22:55:28.396099,7.656670117752141,7.652018082939018,78.35004432957659,68.62737147461237,59.52524183732569,58.94715049502015,59.464389731516185,0.0,0.0,0.0,445.79556704234113,1.0,1.0,1,1
384,2025-12-25 22:55:43.487389,7.751416414676443,7.738655006255344,78.5304350579242,69.58467324773495,60.171801068259434,59.033916313618434,60.105323701789544,0.0,0.0,0.0,427.75649420758,1.0,1.0,1,1
385,2025-12-25 22:55:58.453936,7.891580504754001,7.863712939706742,78.54345642149752,69.64438090699996,60.29763659683603,59.15897266507076,60.23174389657048,0.0,0.0,0.0,426.45435785024785,1.0,1.0,1,1
386,2025-12-25 22:56:13.030096,8.030759335461347,7.988361489029751,78.55644253336011,69.70390967835817,60.42271306761596,59.28361961365372,60.357396879710485,0.0,0.0,0.0,425.15574666398953,1.0,1.0,1,1
387,2025-12-25 22:56:27.821502,8.16896270144364,8.112594635193302,58.81802470989741,58.82377546730859,58.87505838958079,59.40744946456789,58.87752804222669,0.0,0.0,0.0,0.0,0.0,0.0,1,1
388,2025-12-25 22:56:42.948378,8.067088747579845,8.021545692074444,58.72077963425223,58.72706113437174,58.77668750893165,59.316399560136034,58.779114836312594,0.0,0.0,0.0,0.0,0.0,0.0,1,1
389,2025-12-25 22:56:57.706323,7.965539853574991,7.930171691521376,58.623551680661365,58.63035050354273,58.67841301476869,59.22502465594162,58.68080097849189,0.0,0.0,0.0,0.0,0.0,0.0,1,1
390,2025-12-25 22:57:12.917154,7.8642956225838505,7.838493030374265,58.52634339214,58.53364466338285,58.58023109225924,59.1333451452067,58.58258241743666,0.0,0.0,0.0,0.0,0.0,0.0,1,1
391,2025-12-25 22:57:27.852339,7.763337045921605,7.746528717316786,58.42915669443401,58.436944480110775,58.48213790814459,59.04138003324428,58.484455105696156,0.0,0.0,0.0,0.0,0.0,0.0,1,1
392,2025-12-25 22:57:32.966384,7.662646394835289,7.654296481103578,58.33199299915396,58.340250630239375,58.38412964719963,58.949147045666116,58.38641503365277,0.0,0.0,0.0,0.0,0.0,0.0,0,0
393,2025-12-25 22:57:37.683264,7.562207122495335,7.56181286856795,58.23485329036533,58.24356362895628,58.286202540845764,58.85666272637259,58.288458255961146,0.0,0.0,0.0,0.0,0.0,0.0,0,0
394,2025-12-25 22:57:42.604211,7.462003775010008,7.469093333600872,58.137738197391236,58.146883854679466,58.18835288934773,58.763942526515784,58.19058091185149,0.0,0.0,0.0,0.0,0.0,0.0,0,0
395,2025-12-25 22:57:47.861890,7.362021910431416,7.376152318148041,58.04064805618449,58.05021157031446,58.09057707887566,58.67100088548196,58.092779240535755,0.0,0.0,0.0,0.0,0.0,0.0,0,0
396,2025-12-25 22:57:52.735333,7.262248024873364,7.283003326095396,57.99652641632749,58.005750395260115,58.04145075202268,58.57786408495311,58.04343698812447,0.0,0.0,0.0,0.0,0.0,0.0,0,0
397,2025-12-25 22:57:57.507113,7.167392879243044,7.193981671705141,57.9040433927804,57.913627866876176,57.9484090074065,58.48884191217085,57.95037415004774,0.0,0.0,0.0,0.0,0.0,0.0,0,0
398,2025-12-25 22:58:02.562604,7.07271653824047,7.104781215002823,57.81158482475044,57.82151305656913,57.85542950496977,58.39964096882111,57.85737497249855,0.0,0.0,0.0,0.0,0.0,0.0,0,0
399,2025-12-25 22:58:07.232069,6.978207775486367,7.015413182354934,57.719150248586956,57.72940589985875,57.76250898864561,58.310272479280435,57.764436095328584,0.0,0.0,0.0,0.0,0.0,0.0,0,0
400,2025-12-25 22:58:12.898155,6.883856101743182,6.925888063006302,57.626739109877995,57.63730629064221,57.669644341653175,58.220746930934105,57.6715543062101,0.0,0.0,0.0,0.0,0.0,0.0,0,0
401,2025-12-25 22:58:17.897566,6.78965171277853,6.836215661187322,57.53435077526884,57.54521408570112,57.57683258021912,58.131074126274235,57.57872653367674,0.0,0.0,0.0,0.0,0.0,0.0,0,0
402,2025-12-25 22:58:22.823618,6.695585441107309,6.746405144380085,57.44198455204249,57.4531291124383,57.484070852902285,58.04126323115734,57.48594984569877,0.0,0.0,0.0,0.0,0.0,0.0,0,0
403,2025-12-25 22:58:28.459346,6.601648711574813,6.65646508774529,57.34963970444003,57.361051175416954,57.39135643889072,57.9513228192233,57.39322144731371,0.0,0.0,0.0,0.0,0.0,0.0,0,0
404,2025-12-25 22:58:33.393978,6.507833500418105,6.566403515040461,57.25731546723962,57.26898006188168,57.29868674551525,57.8612609128065,57.30053867754624,0.0,0.0,0.0,0.0,0.0,0.0,0,0
405,2025-12-25 22:58:38.474358,6.414132297486059,6.476227936418862,57.16501105704452,57.176915546437726,57.20605930518393,57.77108502072792,57.207899005812436,0.0,0.0,0.0,0.0,0.0,0.0,0,0
406,2025-12-25 22:58:43.735443,6.320538071336005,6.385945383320428,57.072725681576024,57.084857394950554,57.11347177182777,57.68080217318,57.11530002789119,0.0,0.0,0.0,0.0,0.0,0.0,0,0
407,2025-12-25 22:58:48.960272,6.227044236949181,6.2955624407712305,56.98045990154708,56.992805919277366,57.02092272985987,57.590418954026696,57.022740255467035,0.0,0.0,0.0,0.0,0.0,0.0,0,0
408,2025-12-25 22:58:54.369442,6.133644665497594,6.205085237590445,56.77743091675963,56.79146711099333,56.82672759676366,57.49991472447583,56.82893523640434,0.0,0.0,0.0,0.0,0.0,0.0,0,0
409,2025-12-25 22:58:59.624181,6.030531951782401,6.105772129684752,56.67582241354063,56.6901178172589,56.72477141190391,57.400601278749065,56.7269658854677,0.0,0.0,0.0,0.0,0.0,0.0,0,0
410,2025-12-25 22:59:05.380489,5.927525433552232,6.006352828832865,56.574234432512306,56.58877550208359,56.62285581941631,57.301181658952295,56.62503788518704,0.0,0.0,0.0,0.0,0.0,0.0,0,0
411,2025-12-25 22:59:10.813374,5.8246191317710965,5.906833314071726,78.33326290507367,68.62984117844424,58.36061679417185,57.20211031707354,58.28750803834159,0.0,0.0,0.0,447.4737094926347,1.0,1.0,0,0
412,2025-12-25 22:59:16.188353,5.972396685643995,6.035892785083448,78.34639569456601,68.69129994575431,58.49261902849179,57.331168320790404,58.42015315448983,0.0,0.0,0.0,446.16043054339855,1.0,1.0,0,0
413,2025-12-25 22:59:21.440713,6.119137244818673,6.164582673052777,78.3594945494529,68.75259703329853,58.62384150049028,57.45985671645151,58.55200920153622,0.0,0.0,0.0,444.85054505470936,1.0,1.0,0,0
414,2025-12-25 22:59:25.596790,6.264851674098783,6.292895747723998,78.37255933200376,68.81372934326167,58.754288666309535,57.58816827503158,58.68308086279387,0.0,0.0,0.0,443.54406679962403,1.0,1.0,0,0
415,2025-12-25 22:59:30.421081,6.4095505959864205,6.420825035889446,78.38558990111747,68.8746938800042,58.88396496455633,57.71609602450849,58.81337279573727,0.0,0.0,0.0,442.24100988825205,1.0,1.0,0,0
416,2025-12-25 22:59:35.941077,6.5532444008530195,6.548363811591557,78.39858612242183,68.93548775197762,59.0128748289391,57.843633240068684,58.94288964494583,0.0,0.0,0.0,440.941387757816,1.0,1.0,0,0
417,2025-12-25 22:59:41.040697,6.695943255189085,6.6755055871358735,78.41154786782907,68.99610816780275,59.14102268488694,57.970773435122126,59.071636039133566,0.0,0.0,0.0,439.6452132170932,1.0,1.0,0,0
418,2025-12-25 22:59:45.973990,6.837657109426796,6.802244104606089,78.42447501512586,69.05655243257443,59.26841294652208,58.09751035281913,59.199616588504085,0.0,0.0,0.0,438.3524984874142,1.0,1.0,0,0
419,2025-12-25 22:59:50.858291,6.978395705364748,6.928573327811083,78.4373674475933,69.11681794436002,59.39505001395116,58.22383795799905,59.32683588239917,0.0,0.0,0.0,437.0632552406697,1.0,1.0,0,0
420,2025-12-25 22:59:55.657241,7.118168583221817,7.054487434653589,78.5658469455397,69.76829593341903,59.95877271850143,58.349852467088354,59.887445861663714,0.0,0.0,0.0,424.2153054460303,1.0,1.0,0,0
421,2025-12-25 23:00:00.396809,7.285755572058443,7.204284092928106,58.215372608004266,58.216401302579506,58.251292660044314,58.49921169436063,58.2528152421962,0.0,0.0,0.0,0.0,0.0,0.0,0,0
422,2025-12-25 23:00:05.726725,7.211322716436535,7.141748448011701,58.146346159079435,58.1477563263521,58.18090618203071,58.43667499310136,58.18237777870092,0.0,0.0,0.0,0.0,0.0,0.0,0,0
423,2025-12-25 23:00:11.088379,7.137380895331698,7.078721770289537,58.077293483033294,58.07909942514247,58.110632805317344,58.37364734626524,58.112058619085936,0.0,0.0,0.0,0.0,0.0,0.0,0,0
424,2025-12-25 23:00:16.445323,7.063886712837306,7.015247455663656,58.00822868600635,58.01043536589844,58.0404699669044,58.310172142003715,58.041854575076776,0.0,0.0,0.0,0.0,0.0,0.0,0,0
425,2025-12-25 23:00:21.450753,6.990801102753937,6.951364570358438,57.93916255799869,57.94176796781891,57.97041409405509,58.246288439577306,57.971761538702566,0.0,0.0,0.0,0.0,0.0,0.0,0,0
426,2025-12-25 23:00:26.085015,6.918088810517228,6.887108368917214,57.870103184605256,57.8731002398244,57.90046091710595,58.18203148725771,57.9017747801446,0.0,0.0,0.0,0.0,0.0,0.0,0,0
427,2025-12-25 23:00:31.076427,6.845717949991758,6.822510737474709,57.801056547222935,57.804434515961944,57.83060573360909,58.11743316551512,57.83188919927263,0.0,0.0,0.0,0.0,0.0,0.0,0,0
428,2025-12-25 23:00:36.120860,6.773659624855379,6.7576005723598485,57.73202698486849,57.735772575712474,57.760843601344796,58.052522365549976,57.762099508546065,0.0,0.0,0.0,0.0,0.0,0.0,0,0
429,2025-12-25 23:00:40.615961,6.701887602668118,6.692404106022168,57.663017553091514,57.66711574690998,57.691169479509185,57.98732531515903,57.69240036600976,0.0,0.0,0.0,0.0,0.0,0.0,0,0
430,2025-12-25 23:00:45.552291,6.630378032440195,6.626945189438376,57.594030304923095,57.5984649920261,57.62157833155304,57.92186586109045,57.62278647143992,0.0,0.0,0.0,0.0,0.0,0.0,0,0
431,2025-12-25 23:00:49.857730,6.55910919847275,6.561245538313854,57.52506651208089,57.529820979783636,57.552065199479614,57.856165715200525,57.55325263513189,0.0,0.0,0.0,0.0,0.0,0.0,0,0
432,2025-12-25 23:00:55.065938,6.488061304717565,6.495324948698293,56.87816385970048,56.891328501174,56.95232099018314,57.79010516543856,56.95558346506463,0.0,0.0,0.0,0.0,0.0,0.0,0,0
433,2025-12-25 23:01:00.101569,6.365372035396107,6.381423371721517,56.75908948483616,56.772772197489346,56.83238857536079,57.67620280769349,56.835618692948906,0.0,0.0,0.0,0.0,0.0,0.0,0,0
434,2025-12-25 23:01:05.694967,6.242901061948339,6.267303501843333,56.64004109790752,56.65422381744864,56.71252978946372,57.56208219579354,56.715729335608586,0.0,0.0,0.0,0.0,0.0,0.0,0,0
435,2025-12-25 23:01:11.111417,6.120637232722891,6.152976490715669,56.521018252076665,56.5356832926523,56.592741410584665,57.44775447941282,56.59591206756025,0.0,0.0,0.0,0.0,0.0,0.0,0,0
436,2025-12-25 23:01:16.205116,5.998569987489233,6.038452898567759,56.40202081403611,56.41715067627882,56.47302056203241,57.33323021690896,56.47616390996375,0.0,0.0,0.0,0.0,0.0,0.0,0,0
437,2025-12-25 23:01:20.721500,5.876689332945749,5.923742718695293,78.27804691816023,68.32477685161999,58.189962224224885,57.21897217355092,58.119274706635515,0.0,0.0,0.0,452.99530818397824,1.0,1.0,0,0
438,2025-12-25 23:01:25.634415,6.008694055529765,6.04032386282554,78.28988507553133,68.3809130296054,58.30902339773255,57.33555210036388,58.23890583033401,0.0,0.0,0.0,451.811492446867,1.0,1.0,0,0
439,2025-12-25 23:01:30.676423,6.139765229145539,6.156570638810108,78.30168941386033,68.43689998718527,58.427375296054706,57.45179763627006,58.35781904797755,0.0,0.0,0.0,450.6310586139669,1.0,1.0,0,0
440,2025-12-25 23:01:35.841013,6.269913572536092,6.272475950053495,78.31345982175426,68.49273464700514,58.54502250961742,57.5677016858621,58.47601917970568,0.0,0.0,0.0,449.45401782457515,1.0,1.0,0,0
441,2025-12-25 23:01:40.795455,6.399149541923161,6.3880329744367,78.32519619411335,68.548414048227,58.66196961208451,57.68325742816349,58.59351101973898,0.0,0.0,0.0,448.28038058866434,1.0,1.0,0,0
442,2025-12-25 23:01:45.126743,6.527483341243013,6.503235153383228,78.3368984325038,68.60393534222614,58.77822115802865,57.79845830569697,58.71029933455575,0.0,0.0,0.0,447.110156749619,1.0,1.0,0,0
443,2025-12-25 23:01:50.540511,6.65492493169687,6.618076181582182,78.34856644468093,68.65929578807291,58.893781679796604,57.913298014209815,58.82638886022812,0.0,0.0,0.0,445.94335553190615,1.0,1.0,0,0
444,2025-12-25 23:01:54.994233,6.781484040781193,6.7325499973131455,78.54608329374018,69.67808303948316,59.703484987534225,58.02793227144271,59.63056258666044,0.0,0.0,0.0,426.1916706259811,1.0,1.0,0,0
445,2025-12-25 23:01:59.896023,6.953909614588706,6.886126463962547,78.56171019726114,69.7495359952576,59.856055722129405,58.18150632775579,59.783845318182635,0.0,0.0,0.0,424.62898027388735,1.0,1.0,0,0
446,2025-12-25 23:02:04.591054,7.125185102347252,7.0391793087336705,78.57730361290035,69.8207687025088,60.00774012683511,58.33455674512537,59.93623306839795,0.0,0.0,0.0,423.06963870996356,1.0,1.0,0,0
447,2025-12-25 23:02:09.399514,7.295319345075905,7.191703277296772,58.242775066988905,58.243032928627066,58.27907936598853,58.48663970435329,58.28060106721361,0.0,0.0,0.0,0.0,0.0,0.0,0,0
448,2025-12-25 23:02:14.869243,7.223149025235652,7.133406717193434,58.1771600178544,58.177694876153566,58.21178315574772,58.42834191184422,58.21324191013311,0.0,0.0,0.0,0.0,0.0,0.0,0,0
449,2025-12-25 23:02:19.812814,7.1515862269810455,7.074502637137519,58.11146691910852,58.112330280309436,58.14459833461988,58.36943670764022,58.14600120558565,0.0,0.0,0.0,0.0,0.0,0.0,0,0
450,2025-12-25 23:02:24.097071,7.080572965218587,7.015049022223206,58.04572359227196,58.046946499475474,58.077527059555514,58.30998206632999,58.07888015678668,0.0,0.0,0.0,0.0,0.0,0.0,0,0
451,2025-12-25 23:02:28.394793,7.010057701416988,6.955097410980998,57.979950825693024,57.981549833313295,58.01056877006799,58.25002951717881,58.011877407737984,0.0,0.0,0.0,0.0,0.0,0.0,0,0
452,2025-12-25 23:02:33.757237,6.939994440499482,6.894693798487652,57.91416418682036,57.91614541978816,57.94372107552085,58.18962504703544,57.94498989831134,0.0,0.0,0.0,0.0,0.0,0.0,0,0
453,2025-12-25 23:02:39.130259,6.870341995799587,6.833879371408533,57.84837529707944,57.85073734470466,57.8769803650769,58.12880983522129,57.87821344999667,0.0,0.0,0.0,0.0,0.0,0.0,0,0
454,2025-12-25 23:02:43.911426,6.8010633803497145,6.772691116720359,57.78259276259899,57.785328798350655,57.81034223724664,58.06762086213228,57.81154317682993,0.0,0.0,0.0,0.0,0.0,0.0,0,0
455,2025-12-25 23:02:49.080178,6.732125296169631,6.711162332400427,57.71682287046227,57.71992222994202,57.743801807176624,58.00609141983009,57.74497377809925,0.0,0.0,0.0,0.0,0.0,0.0,0,0
456,2025-12-25 23:02:53.390490,6.663497701375769,6.649323060329153,57.682810451747685,57.68581828406537,57.7064788364639,57.94425920758591,57.70750972838648,0.0,0.0,0.0,0.0,0.0,0.0,0,0
457,2025-12-25 23:02:58.361195,6.599072904003204,6.590888098625274,57.62090495142022,57.62423227398316,57.64396676308694,57.885823713860646,57.64497482398703,0.0,0.0,0.0,0.0,0.0,0.0,0,0
458,2025-12-25 23:03:02.934167,6.5349104996639165,6.532190745426066,57.55902134353447,57.56265222987108,57.5815374688596,57.827125875197815,57.58252497632439,0.0,0.0,0.0,0.0,0.0,0.0,0,0
459,2025-12-25 23:03:08.044138,6.47098665815499,6.473254830930608,57.497161021657845,57.50107888387715,57.51918551221975,57.768189517572594,57.5201544895931,0.0,0.0,0.0,0.0,0.0,0.0,0,0
460,2025-12-25 23:03:13.142523,6.407279860249746,6.41410187439517,57.43532467542117,57.439512695532954,57.4569056256388,57.70903615642734,57.457857874642286,0.0,0.0,0.0,0.0,0.0,0.0,0,0
461,2025-12-25 23:03:17.821944,6.343770648183468,6.354751333553336,57.37351244761731,57.377953905802265,57.39469274851438,57.649685246047326,57.39562987721247,0.0,0.0,0.0,0.0,0.0,0.0,0,0
462,2025-12-25 23:03:22.925051,6.280441406910656,6.295220823452909,57.311724075044864,57.31640258791657,57.33254205724886,57.59015439835843,57.33346550388866,0.0,0.0,0.0,0.0,0.0,0.0,0,0
463,2025-12-25 23:03:27.508074,6.217276172365288,6.2355263081834735,57.249958997868596,57.25485868790307,57.270448982580014,57.530459574620465,57.271360036010755,0.0,0.0,0.0,0.0,0.0,0.0,0,0
464,2025-12-25 23:03:32.302974,6.154260462710872,6.175682269564146,57.18821644456229,57.19332205684114,57.20840921764327,57.47061525408521,57.20930903488383,0.0,0.0,0.0,0.0,0.0,0.0,0,0
465,2025-12-25 23:03:37.480309,6.09138112929101,6.115701856230921,57.12649549780247,57.13179247647894,57.14641871929424,57.41063458305739,57.14730834070902,0.0,0.0,0.0,0.0,0.0,0.0,0,0
466,2025-12-25 23:03:41.491239,6.0286262245533635,6.055597015767879,57.064795145450255,57.070269679509366,57.08447370461229,57.35052950700213,57.085354067071826,0.0,0.0,0.0,0.0,0.0,0.0,0,0
467,2025-12-25 23:03:46.232715,5.965984884674199,5.995378611982008,57.00311431973305,57.00875336545275,57.022570643929214,57.29031088779951,57.023442592265056,0.0,0.0,0.0,0.0,0.0,0.0,0,0
468,2025-12-25 23:03:51.320559,5.903447224962419,5.935056529585014,78.36171611076509,68.76736971228252,58.51022442459194,57.230355871387005,58.43702715198209,0.0,0.0,0.0,444.62838892349123,1.0,1.0,0,0
469,2025-12-25 23:03:56.204418,6.055989253251625,6.069635542785994,78.3753338771935,68.83113053763901,58.646436134173065,57.36493318721077,58.57388760801602,0.0,0.0,0.0,443.2666122806496,1.0,1.0,0,0
470,2025-12-25 23:04:00.820487,6.207485393994765,6.203801922695233,78.38891727527064,68.89471256057593,58.78184978842716,57.49909784851514,58.70994124883973,0.0,0.0,0.0,441.9082724729346,1.0,1.0,0,0
471,2025-12-25 23:04:05.692774,6.357945545423538,6.337549452089783,78.40246644193952,68.95811327674556,58.91647133572643,57.63284363878432,58.845194150891736,0.0,0.0,0.0,440.5533558060482,1.0,1.0,0,0
472,2025-12-25 23:04:11.238248,6.507379515782872,6.470871989060416,78.41598124551464,69.0213300528823,59.05030509666251,57.76616441716241,58.97965082482967,0.0,0.0,0.0,439.20187544853695,1.0,1.0,0,0
473,2025-12-25 23:04:16.233104,6.6557969196617,6.603763599447842,78.42946155944416,69.08436034229538,59.18335538162564,57.899054250509494,59.113315764787586,0.0,0.0,0.0,437.85384405558307,1.0,1.0,0,0
474,2025-12-25 23:04:21.725056,6.80320718425342,6.736218550048404,78.44290726199591,69.14720168193436,59.315626488530306,58.0315074066087,59.24619344639676,0.0,0.0,0.0,436.5092738004073,1.0,1.0,0,0
475,2025-12-25 23:04:27.329144,6.949619555321913,6.868231302133298,78.45631823596418,69.2098516895944,59.44712270075458,58.1635183476867,59.37828832500196,0.0,0.0,0.0,435.1681764035824,1.0,1.0,0,0
476,2025-12-25 23:04:31.399192,7.095043102890463,6.999796505260985,78.46969436839632,69.27230806125246,59.577848285293314,58.2950817242274,59.50960483407503,0.0,0.0,0.0,433.83056316036766,1.0,1.0,0,0
477,2025-12-25 23:04:36.580808,7.239486726671362,7.130908991405953,57.888362975713235,57.89156842315574,57.94916306185174,58.425773929170155,57.95176219444274,0.0,0.0,0.0,0.0,0.0,0.0,0,0
478,2025-12-25 23:04:41.902788,7.137961288599287,7.0433400550332825,57.7930238165742,57.79677716198132,57.8522883336682,58.338203753705216,57.85482983002722,0.0,0.0,0.0,0.0,0.0,0.0,0,0
479,2025-12-25 23:04:47.049818,7.036868728612818,6.955338242941895,57.69768067241525,57.701981261480896,57.75552505312926,58.2502007793004,57.758013240071705,0.0,0.0,0.0,0.0,0.0,0.0,0,0
480,2025-12-25 23:04:52.434832,6.936180583538641,6.866932018313532,57.666964249057884,57.67095177213643,57.718191053220814,58.161809082762595,57.72039662317463,0.0,0.0,0.0,0.0,0.0,0.0,0,0
481,2025-12-25 23:04:57.283145,6.841627592436229,6.783700205465505,57.57732636972429,57.581822969863524,57.627347050563564,58.07857626465922,57.62950731733854,0.0,0.0,0.0,0.0,0.0,0.0,0,0
482,2025-12-25 23:05:01.575969,6.747441405717629,6.700101590466122,57.48769829687033,57.49269494790454,57.5366059202184,57.99497670948751,57.53872435891296,0.0,0.0,0.0,0.0,0.0,0.0,0,0
483,2025-12-25 23:05:06.725896,6.65359703974535,6.61616115694915,57.39808437483094,57.40356943035203,57.44596376232182,57.91103539644458,57.44804354120504,0.0,0.0,0.0,0.0,0.0,0.0,0,0
484,2025-12-25 23:05:12.044017,6.5600713751229165,6.531902024314433,57.308487976747216,57.31444781042811,57.35541656071708,57.82677544082748,57.35746057314519,0.0,0.0,0.0,0.0,0.0,0.0,0,0
485,2025-12-25 23:05:17.040392,6.466842995758073,6.447345608648795,57.218911655426055,57.22533119216405,57.264960236481016,57.742218254924495,57.266971129136216,0.0,0.0,0.0,0.0,0.0,0.0,0,0
486,2025-12-25 23:05:22.199889,6.373892044280618,6.3625117673302,57.12935728916172,57.13622043508057,57.174590701843556,57.65738369259269,57.17657089951874,0.0,0.0,0.0,0.0,0.0,0.0,0,0
487,2025-12-25 23:05:27.313020,6.281200092399061,6.277418928650174,57.039826202320995,57.04711619275709,57.084303901952744,57.57229017885687,57.086255629378165,0.0,0.0,0.0,0.0,0.0,0.0,0,0
488,2025-12-25 23:05:32.453206,6.188750024275595,6.192084208433701,56.95031926531182,56.95801894595099,56.994095846923265,57.4869548265085,56.99602114804863,0.0,0.0,0.0,0.0,0.0,0.0,0,0
489,2025-12-25 23:05:37.730369,6.0965259312977516,6.106523515312967,56.86083697768528,56.86892903098962,56.90396263617353,57.401393541360285,56.905863391252446,0.0,0.0,0.0,0.0,0.0,0.0,0,0
490,2025-12-25 23:05:42.332151,6.004513016877283,6.020751645863953,56.7713795372441,56.77984666395705,56.81390047651226,57.315621117365964,56.81577841728233,0.0,0.0,0.0,0.0,0.0,0.0,0,0
491,2025-12-25 23:05:47.477690,5.912697510099381,5.934782371001684,56.68194689768778,56.69077196137746,56.72390569531883,57.229651323000006,56.725762418524646,0.0,0.0,0.0,0.0,0.0,0.0,0,0
492,2025-12-25 23:05:52.323870,5.82106658722388,5.848628514469791,78.29538919025313,68.41633460639298,58.21807232378173,57.143879623519034,58.14656609919337,0.0,0.0,0.0,451.2610809746859,1.0,1.0,0,0
493,2025-12-25 23:05:56.684832,5.959187612351519,5.9710269259479,78.30776385102764,68.47496426111033,58.34237911706414,57.26627664838251,58.27146206138574,0.0,0.0,0.0,450.02361489723575,1.0,1.0,0,0
494,2025-12-25 23:06:01.989143,6.096348669013286,6.0930599269632655,78.3201044599686,68.5334326261012,58.46595278208312,57.38830824142026,58.39561640733243,0.0,0.0,0.0,448.78955400313913,1.0,1.0,0,0
495,2025-12-25 23:06:06.428481,6.232559990405941,6.214720931423416,78.33241090346871,68.59173685373156,58.58879779991565,57.509967817651805,58.519033827961835,0.0,0.0,0.0,447.5589096531301,1.0,1.0,0,0
496,2025-12-25 23:06:11.287641,6.367831578965006,6.336003596154184,78.3446830740715,68.64987419911878,58.71091863615992,57.63124903497515,58.641718990938394,0.0,0.0,0.0,446.33169259285006,1.0,1.0,0,0
497,2025-12-25 23:06:15.915184,6.502173214636544,6.456901811988159,78.35692087003268,68.70784201621494,58.83231973803861,57.75214578525705,58.76367653816933,0.0,0.0,0.0,445.1079129967328,1.0,1.0,0,0
498,2025-12-25 23:06:20.826648,6.6355944627228265,6.577409695299902,78.36912419493781,68.76563775411428,58.95300553188861,57.87265218586985,58.88491108366912,0.0,0.0,0.0,443.8875805062189,1.0,1.0,0,0
499,2025-12-25 23:06:25.635156,6.768104681328596,6.697521579976635,78.38129295734882,68.82325895355642,59.072980420940056,57.99276257166399,59.00542721168868,0.0,0.0,0.0,442.6707042651186,1.0,1.0,0,0
500,2025-12-25 23:06:31.126412,6.899713028435084,6.817232009839468,78.39342707047915,68.8807032436328,59.19224878336138,58.11247148739046,59.125229475087075,0.0,0.0,0.0,441.4572929520852,1.0,1.0,0,0
