,J1,J2,J3,J4,J5
0,0.0,0.0,0.0,0.0,0.0
1,-0.0001975578991890864,-0.00019820183131099068,-0.0001227120439045748,-0.00011564170532158912,-0.00012241409616224329
2,-0.00019756867978749703,-0.00019820990308670681,-0.00012332847594026086,-0.0001164055711473999,-0.00012303239915223085
3,-0.00019757944923522896,-0.00019821795493210557,-0.00012394212255847358,-0.00011716411467305675,-0.0001236479189260209
4,-0.00019759020734271216,-0.00019822598683869874,-0.00012455297697430367,-0.00011791736046909861,-0.00012426064854025753
5,-0.00014704766036768458,-0.00019685177406470077,-0.00012001083053962858,-0.00011866472023748687,-0.00011990828286023047
6,-0.0001976073045502119,-0.00019824053252418482,-0.00012550559369437387,-0.00011930479703132434,-0.00012521413067296261
7,-0.00019761803201384182,-0.00019824851150112899,-0.00012611087540219222,-0.00012004049850339759,-0.00012582134171699178
8,-0.0001976287717712294,-0.00019825644583291722,-0.00012671330028971362,-0.0001207710552288671,-0.0001264256967386157
9,-0.0001976394988132782,-0.00019826436048620498,-0.00012731286011771536,-0.00012149649106243276,-0.0001270271874533413
10,-0.00019765021295183288,-0.00019827225544684522,-0.0001279095493688609,-0.00012221682990689432,-0.0001276258081910442
11,-0.0001493931763083478,-0.0001969344039553006,-0.0001236489218023895,-0.00012293146840612834,-0.00012354449543310107
12,-0.00019771174357825105,-0.00019832521059442553,-0.00012991019535271874,-0.00012353193992448662,-0.00012962171047359194
13,-0.0001977232416518189,-0.00019833355187788698,-0.00013054245404948815,-0.00012427886373840235,-0.00013025629271319782
14,-0.000197734748246135,-0.00019834185424714906,-0.00013117142236233393,-0.00012502076112853421,-0.00013088757970513564
15,-0.00019774624079670747,-0.00019835014023699497,-0.00013179709581513988,-0.00012575765080572677,-0.00013151556693933642
16,-0.00019775771915216318,-0.00019835840982620424,-0.0001324194725320116,-0.00012648955151194796,-0.00013214025242955896
17,-0.0001528137237251735,-0.00019707493718426118,-0.00012810602585001552,-0.00012721585965906333,-0.0001279960163322169
18,-0.00015309362197478375,-0.0001970863455947433,-0.00012854134843188092,-0.00012782989563996317,-0.0001284293635661138
19,-0.000153377492301425,-0.00019709775926508632,-0.00012898292282100988,-0.00012843447122772744,-0.00012886890702364483
20,-0.0001268163568691401,-0.0001272496061936551,-0.00012672635409021583,-0.0001290275613645997,-0.00012672401155076508
21,-0.00012675104555360888,-0.00012713559219579062,-0.00012667855687708838,-0.00012879122875023296,-0.00012667673674170098
22,-0.00012667936947395776,-0.0001270198979864387,-0.0001266219703685245,-0.0001285624423583931,-0.00012662059077973132
23,-0.00012660180502390705,-0.0001269026728067246,-0.0001265572698865225,-0.0001283408412194559,-0.00012655625624144462
24,-0.00012636370374382975,-0.0001265989900320949,-0.00012635242514213052,-0.0001281260172768661,-0.00012635230772471971
25,-0.00012623600308007716,-0.0001264464509938376,-0.00012622902250762958,-0.000127896245245383,-0.00012622897926585773
26,-0.0001261049722707952,-0.00012629306498641136,-0.00012610117527370846,-0.00012767137937389316,-0.00012610116983559515
27,-0.0001259708814108304,-0.00012613889702243225,-0.00012596925919645342,-0.00012745113607978418,-0.00012596926404039198
28,-0.00012583396476487956,-0.0001259839911712726,-0.000125833595175478,-0.0001272352380362546,-0.00012583363077220189
29,-0.00012569450890481977,-0.00012582843872646187,-0.00012569452014462467,-0.0001270234135385273,-0.00012569460680925015
30,-0.00012555190427671948,-0.0001256716357320431,-0.00012555244094946406,-0.00012681539982839884,-0.0001255525929252077
31,-0.00012540610198848835,-0.00012551340787413296,-0.00012540770610741601,-0.0001266109249803987,-0.00012540793306234921
32,-0.0001252575564423089,-0.00012535398377135383,-0.00012526059039881908,-0.00012640972101041537,-0.00012526089862836432
33,-0.00012510663742847038,-0.0001251935399077414,-0.00012511134426548387,-0.00012621153611852454,-0.00012511173740542447
34,-0.00012495366016655905,-0.00012503222251393582,-0.00012496019428320348,-0.00012601613363079245,-0.0001249606738614173
35,-0.00012479889671078326,-0.0001248701552631587,-0.0001248073447094372,-0.00012582329145885974,-0.0001248079106212363
36,-0.00012492963704148943,-0.00012500961260158178,-0.00012492884043640795,-0.0001256328791205455,-0.00012492884245377255
37,-0.00019600907211844238,-0.00016730909627019647,-0.00013245371917213866,-0.00012549027064587132,-0.00013218617311163084
38,-0.00012550665672173624,-0.00012555848474182064,-0.00012550731700191884,-0.00012608248152583794,-0.00012550741832851263
39,-0.00012540754051799802,-0.00012545199580113104,-0.00012540918251273403,-0.00012594764106779204,-0.00012540933932675747
40,-0.00012530618522204064,-0.00012534454748756445,-0.00012530902350903816,-0.00012581569068402103,-0.00012530923882946466
41,-0.00012520300289119572,-0.00012523632944612644,-0.0001252071420381301,-0.00012568630962628445,-0.0001252074162440997
42,-0.00012509832925256524,-0.0001251274921841003,-0.00012510379807408045,-0.00012555920537671406,-0.0001251041296971328
43,-0.00012499243848170262,-0.00012501815617748185,-0.00012499921419473537,-0.00012543411239863216,-0.00012499960051015502
44,-0.00012488555445019881,-0.00012490841812113157,-0.00012489358016817942,-0.00012531079083927032,-0.00012489401766750617
45,-0.00012477785967296277,-0.00012479835565246345,-0.00012478705724211115,-0.00012518902510940872,-0.00012478754198115671
46,-0.0001246695026929645,-0.00012468803107069576,-0.0001246797820823725,-0.00012506862233852196,-0.00012468030992171975
47,-0.00012456060422599182,-0.00012457749434450688,-0.00012457187026726211,-0.00012494941074504273,-0.00012457243707032328
48,-0.00012386890952639424,-0.00012389056939724364,-0.00012392793974397076,-0.0001248310965576771,-0.0001239306142771257
49,-0.00012366622333101013,-0.00012368812093116078,-0.00012372496813535029,-0.00012463039653838826,-0.0001237276318318903
50,-0.0001234635659262201,-0.00012348568237364853,-0.0001235220509078627,-0.0001244295572417181,-0.00012352470473544374
51,-0.000123260936093966,-0.00012328325339083733,-0.00012331918410600216,-0.0001242285907463897,-0.00012332182892476284
52,-0.00012305833167541302,-0.0001230808332470823,-0.00012311636350829878,-0.00012402750803331753,-0.00012311900011613086
53,-0.0001228557506645142,-0.0001228784212548384,-0.00012291358524978756,-0.00012382631911858955,-0.00012291621435404188
54,-0.00012265319120235152,-0.00012267601677748985,-0.00012271084576542023,-0.0001236250331581551,-0.00012271346802251835
55,-0.0001224506515601595,-0.00012247361922086198,-0.0001225081418013829,-0.00012342365850158353,-0.00012251075781115838
56,-0.00012224813014356933,-0.00012227122803605051,-0.00012230547035850802,-0.0001232222027826052,-0.00012230808066986508
57,-0.00012204562547563247,-0.00012206884271093344,-0.0001221028287092507,-0.00012302067297287,-0.00012210543380318794
58,-0.00019543739177418722,-0.00016442457254483843,-0.00012884657028169877,-0.00012282071619823697,-0.00012858280082110872
59,-0.00019549169908515378,-0.00016467528499072403,-0.00012939075672198207,-0.00012336314339755238,-0.00012912961189518902
60,-0.00019513479730976112,-0.00016280552131632653,-0.0001282937371846915,-0.00012390346182838296,-0.00012804796583061327
61,-0.0001951804277912461,-0.00016302027112288897,-0.00012875084511437262,-0.00012435713216877087,-0.00012850722675518343
62,-0.0001952259409430318,-0.00016323440426947334,-0.00012920529444043982,-0.00012480938028691546,-0.00012896380047087153
63,-0.0001233356775895561,-0.00012335571185357385,-0.00012351706933012242,-0.00012525871597001025,-0.00012352494135844827
64,-0.00012301633152783818,-0.0001230380729916075,-0.00012319424483384412,-0.00012495877578445503,-0.00012320198602489897
65,-0.00012269704999632314,-0.00012272044963477168,-0.00012287173132294994,-0.00012465780869523767,-0.00012287935090058878
66,-0.00012237783979972605,-0.00012240284481618679,-0.00012254951579916074,-0.000124355879835224,-0.00012255702224593488
67,-0.00019515120693828713,-0.00016287774558651602,-0.00012846356914593903,-0.00012405454812079332,-0.00012821878386157337
68,-0.0001951967926105108,-0.00016309241140506858,-0.00012891956037801243,-0.0001245080463485737,-0.00012867691097630417
69,-0.00019524226398332623,-0.00016330645560369894,-0.0001293729053709647,-0.0001249601055248195,-0.0001291323636823738
70,-0.00012350875259597936,-0.00012352686932522782,-0.00012369425766658892,-0.0001254092404277918,-0.0001237022843218094
71,-0.00012318934633587518,-0.0001232092179176869,-0.00012337107818204517,-0.00012511050390438648,-0.0001233789629879567
72,-0.00012267585856857055,-0.00012270013320284323,-0.00012287007973229235,-0.00012481061680409743,-0.0001228785356023465
73,-0.00012234031106865662,-0.00012236631461552238,-0.0001225311928827999,-0.00012449405402648273,-0.0001225395230764148
74,-0.00019510784338044762,-0.00016263850683252202,-0.0001283850197020564,-0.00012417802940139055,-0.0001281428295691045
75,-0.00019515218861959505,-0.00016284803996621743,-0.00012882845843882994,-0.00012461924445911988,-0.00012858833308562856
76,-0.000195196419228294,-0.00016305696329840856,-0.00012926931861015234,-0.0001250590549161301,-0.00012903123056319464
77,-0.00012341270674973314,-0.0001234325198109948,-0.0001236162291045506,-0.00012549598012299821,-0.00012362503470583874
78,-0.00012307701043451914,-0.00012309866744625642,-0.00012327655818211158,-0.00012518203883854273,-0.00012328521438524255
79,-0.0001227413682118389,-0.0001227648261048736,-0.0001229372147744312,-0.00012486698365758885,-0.00012294573178223356
80,-0.00012240578915841848,-0.00012243099962068793,-0.00012259818648872268,-0.0001245508827461228,-0.00012260657372310967
81,-0.00019511395390428286,-0.00016266590520168877,-0.00012844776693373027,-0.00012423529036332593,-0.0001282059249701817
82,-0.00019515828317144822,-0.0001628753963640145,-0.00012889080224851135,-0.00012467641405962017,-0.00012865101919653065
83,-0.0001230107420923937,-0.0001230323032835562,-0.00012321049156230001,-0.0001251146575704043,-0.00012321915535389082
84,-0.00012051571965669638,-0.00012056917120046417,-0.00012088970915967279,-0.00012479913785234497,-0.00012090605290271172
85,-0.00012003083285402338,-0.0001200866499431208,-0.00012040049516367279,-0.00012433934787461353,-0.00012041667595571236
86,-0.0001945796766005109,-0.0001597666751019533,-0.00012637606698316704,-0.00012388026239568806,-0.00012615064401346965
87,-0.00019461287577853093,-0.00015992868143709037,-0.00012671008864525657,-0.00012421173395046558,-0.0001264861727516098
88,-0.00019464596646307842,-0.0001600902143507954,-0.00012704212680503702,-0.00012454217204868278,-0.00012681969479765075
89,-0.0001946789485296596,-0.00016025126523602328,-0.00012737219667338095,-0.0001248715571335035,-0.00012715122599625151
90,-0.00012093601342679006,-0.00012098750031207528,-0.00012131368230855477,-0.0001251982775767635,-0.0001213301645678655
91,-0.00012045106247588365,-0.00012050496161428947,-0.00012082422476882959,-0.00012473926002615432,-0.00012084053736579614
92,-0.00011996619074827186,-0.00012002244452182786,-0.000120335066048054,-0.0001242792959382566,-0.00012035121718794616
93,-0.00019457356816477534,-0.0001597372038100131,-0.00012631417042293646,-0.00012382004517690336,-0.00012608845196166786
94,-0.00019460678734384783,-0.0001598992846037295,-0.0001266485713269372,-0.00012415167735125188,-0.00012642436493278674
95,-0.00019463989805491245,-0.00016006089403016065,-0.00012698098553706182,-0.00012448228074321443,-0.0001267582678504753
96,-0.00019465571457258468,-0.0001601253335506303,-0.0001272578833670801,-0.0001248118231654982,-0.00012703729602883795
97,-0.00012077894043089509,-0.00012083205673846242,-0.00012116326212560535,-0.00012513474343708086,-0.00012118004123460091
98,-0.0001202886684672133,-0.00012034421004032736,-0.00012066848630347903,-0.00012467044661588434,-0.00012068509584067132
99,-0.00011979847650491205,-0.00011985638530968012,-0.00012017400756870744,-0.00012420521154189236,-0.00012019045566014297
100,-0.00019454843045778436,-0.00015960120029175572,-0.00012618028743499376,-0.00012374070773286228,-0.0001259548720480974
101,-0.00019458126931128417,-0.00015976161432355363,-0.00012651108055542927,-0.00012406861363954967,-0.00012628716135703932
102,-0.00019461400022021568,-0.00015992156313918927,-0.0001268399064256487,-0.0001243955064726987,-0.00012661746011279895
103,-0.00019464662305442636,-0.00016008103797317095,-0.0001271667803131127,-0.00012472136631330955,-0.00012694578426189373
104,-0.00012068400113601607,-0.00012073755937375584,-0.00012106749337414957,-0.000125044569174384,-0.00012108424125784944
105,-0.00012019374338725686,-0.00012024971652926819,-0.00012057277184261528,-0.00012458009990671038,-0.00012058935165975448
106,-0.00019458587495751523,-0.00015978485862492732,-0.00012655663975575494,-0.00012411632179437637,-0.00012633289251718472
107,-0.0001946185909102205,-0.0001599447152925537,-0.00012688522088258214,-0.00012444300963159182,-0.0001266629447640044
108,-0.00019505860506446813,-0.00016234011397128046,-0.00012858351281217484,-0.00012476898230315059,-0.00012834783219137558
109,-0.00012267976540026703,-0.00012270664670162523,-0.000122913067010606,-0.0001251833940209024,-0.00012292320272573986
110,-0.00012231238684355439,-0.00012234120632583835,-0.00012254180218913003,-0.00012483781787330783,-0.00012255179170899132
111,-0.0001219450759265589,-0.00012197578263787256,-0.00012217084871520177,-0.000124491220712869,-0.00012218070116178702
112,-0.00019499645072578397,-0.00016204230157628897,-0.00012796382465946944,-0.00012414515614800448,-0.00012772536490813114
113,-0.00019503843776473294,-0.00016224204265984364,-0.00012838423491610019,-0.00012456316101564725,-0.00012814771928743474
114,-0.00019508031024396855,-0.00016244120241983907,-0.00012880219076715882,-0.00012497984068128852,-0.00012856759271004492
115,-0.00012290851227382993,-0.00012293379439922813,-0.00012314514218492723,-0.0001253937075578082,-0.00012315540305589013
116,-0.00012254108436949296,-0.00012256834282749207,-0.000122773617511045,-0.00012504900012759166,-0.00012278372432099392
117,-0.00012217371832723143,-0.00012220290543955514,-0.0001224024135726709,-0.00012470322266228796,-0.00012241237600382426
118,-0.00012180642114133055,-0.00012183748527985538,-0.00012203151874095707,-0.00012435643551872989,-0.00012204134576818238
119,-0.0001949833864904421,-0.00016197810539016867,-0.0001278348870385626,-0.00012401019430855365,-0.00012759590629220384
120,-0.00019528028276423137,-0.00016352451212267195,-0.00012921053626670286,-0.00012442897242950446,-0.00012896502683615419
121,-0.00019532766437478476,-0.00016374667920736108,-0.0001296822578158452,-0.00012490067755678956,-0.0001294389423838993
122,-0.00012377646300521184,-0.00012378915785062506,-0.0001239419125318608,-0.00012536936574784053,-0.0001239490342363636
123,-0.000123482594597642,-0.00012349697070849542,-0.00012364406942652506,-0.00012509661882234235,-0.00012365104161969452
124,-0.00012318876790962495,-0.0001232047863759633,-0.00012334657352293664,-0.0001248226415817144,-0.0001233534078279619
125,-0.0001228949877737817,-0.0001229126101242073,-0.00012304940875574322,-0.0001245475190382106,-0.00012305611580552212
126,-0.00019526438436645477,-0.00016345085499451184,-0.00012905091621642217,-0.00012427283187763983,-0.00012880462795864078
127,-0.00019531180372124924,-0.00016367321680440028,-0.0001295235816601903,-0.00012474498938125467,-0.0001292794980565448
128,-0.0001236087671727798,-0.0001236224373842726,-0.0001237718534487453,-0.00012521413391545887,-0.00012377888645711098
129,-0.00012331491258118666,-0.0001233302504628364,-0.00012347421196669427,-0.0001249406586732371,-0.00012348110242405897
130,-0.00012302111143985272,-0.00012303807019615698,-0.00012317691076566995,-0.000124666003733912,-0.00012318366965577754
131,-0.0001227273639949361,-0.00012274590093019788,-0.00012287993279002873,-0.0001243902502051608,-0.00012288657017989646
132,-0.00019512430538123015,-0.0001627236019002326,-0.00012841965225016905,-0.00012411486855055443,-0.000128176711414254
133,-0.0001951691265939315,-0.0001629352782673754,-0.00012886773192715139,-0.00012456120857452845,-0.0001286268750713182
134,-0.000195213833229943,-0.0001631463355893531,-0.0001293132111108064,-0.0001250061193423624,-0.00012907441075588944
135,-0.0001234500125436222,-0.00012346798952297898,-0.00012364913168753212,-0.0001254481198368107,-0.0001236577325701682
136,-0.00012312052209181967,-0.00012314034750625645,-0.00012331557124082846,-0.00012514075099609779,-0.00012332401881507194
137,-0.00012279109497904118,-0.00012281271497369405,-0.00012298234980757881,-0.00012483222634410485,-0.00012299065472896276
138,-0.0001224617257728322,-0.00012248509507724713,-0.0001226494503660924,-0.00012452261764581919,-0.00012265762250923462
139,-0.0001951342435983494,-0.00016277038691410727,-0.0001285192967410076,-0.0001242134832460806,-0.00012827682649146243
140,-0.00019517903945959647,-0.00016298193123582384,-0.00012896679415506872,-0.0001246595189394273,-0.0001287264015307654
141,-0.00012308298516396866,-0.00012310276302462286,-0.00012327813743058356,-0.00012510265073686355,-0.00012328658888676846
142,-0.0001227535566676119,-0.00012277513021477892,-0.00012294490739594765,-0.00012479415542578364,-0.0001229532159276503
143,-0.0001224241858316666,-0.00012244750994202136,-0.0001226119996869446,-0.00012448457424061644,-0.00012262017518575917
144,-0.00019526518195263186,-0.00016345804111038252,-0.00012899901533283464,-0.00012417558595126832,-0.00012875204020343034
145,-0.0001953128356272965,-0.00016368145157072745,-0.00012947420454216928,-0.00012465028593412365,-0.0001292294477216016
146,-0.00012354642951988015,-0.00012355978637211939,-0.00012370672745842803,-0.000125121961771425,-0.00012371363934003508
147,-0.00012325545132239657,-0.00012327046095081338,-0.0001234119871221073,-0.00012485121417025956,-0.0001234187573920753
148,-0.00012296452581406268,-0.0001229811419664001,-0.00012311758712906017,-0.00012457928516303117,-0.0001231242267881094
149,-0.00019527834123046262,-0.00016352017797467144,-0.00012912994017388657,-0.00012430775904586743,-0.00012888356240509991
150,-0.00019532596359777887,-0.00016374339571303465,-0.00012960438442394695,-0.00012478200732579103,-0.0001293602176641362
151,-0.0001236851993882615,-0.00012369796714739977,-0.0001238469174694412,-0.00012525323020390555,-0.00012385388265700792
152,-0.00012339421228381607,-0.0001234086414035418,-0.00012355205452941332,-0.0001249829242782663,-0.0001235588738838711
153,-0.0001231032707723767,-0.00012311931976797752,-0.00012325753620505807,-0.00012471140601552633,-0.00012326422114022017
154,-0.00012281237835391534,-0.00012283000725440973,-0.00012296334602358904,-0.00012443875976020035,-0.00012296990695165989
155,-0.0001952641007074485,-0.0001634536944620779,-0.0001289874463607843,-0.00012416656961035776,-0.00012874039114228796
156,-0.0001954048938524769,-0.0001641588935114202,-0.00012982718554963913,-0.00012464134203725717,-0.00012957938834274208
157,-0.00012382878441029115,-0.00012383860583105365,-0.0001239666421002439,-0.00012513240964331595,-0.00012397256734059892
158,-0.00012356413762810742,-0.00012357548471410073,-0.00012369827971442038,-0.00012488732935403646,-0.0001237040652444954
159,-0.00012329952365427055,-0.00012331236370749453,-0.00012343026539048284,-0.00012464099720089106,-0.00012343592316167772
160,-0.00012303495221202527,-0.00012304924926510418,-0.0001231625827857974,-0.0001243935081103631,-0.00012316812360077423
161,-0.00019535507875695994,-0.00016392713079660225,-0.00012933041769172315,-0.00012414647530640033,-0.00012908027046726222
162,-0.0001954046797883055,-0.00016415847476254964,-0.00012982444033232899,-0.00012464062735825787,-0.00012957661008931808
163,-0.00012382644924992443,-0.00012383639074490748,-0.0001239640007899434,-0.00012513166491605275,-0.00012396991453726192
164,-0.00012356180338163797,-0.00012357326928276734,-0.00012369566608700256,-0.0001248864822193474,-0.00012370144112564986
165,-0.0001232971921792017,-0.0001233101485647603,-0.00012342767844433889,-0.00012464005547924706,-0.0001234333266181975
166,-0.00012303262471226816,-0.00012304703488913825,-0.00012316002138350711,-0.0001243924789544959,-0.00012316555339903946
167,-0.0001953548691448548,-0.00016392655315975558,-0.0001293278998679037,-0.0001241453653880431,-0.0001290777267770371
168,-0.0001952044378564971,-0.00016311712056779447,-0.00012904895755061596,-0.0001246393186516781,-0.00012880754683907146
169,-0.00012316131843860377,-0.00012317993050018405,-0.00012334849546308702,-0.00012508835964109344,-0.00012335659787841236
170,-0.00012283981293944536,-0.00012286018500876184,-0.00012302323476561793,-0.00012478747811869306,-0.0001230311960050323
171,-0.0001225183635473559,-0.00012254045142912783,-0.00012269829750290783,-0.00012448550289607564,-0.00012270612755986397
172,-0.0001951589733591319,-0.0001629016677082512,-0.0001285960007348308,-0.00012418399639242184,-0.0001283525230592364
173,-0.00019520436404302176,-0.00016311571665744983,-0.00012904933359530134,-0.00012463603821876611,-0.000128807963202755
174,-0.0001231606931517748,-0.00012317908911484266,-0.0001233483447860395,-0.000125085152546317,-0.00012335646503226492
175,-0.0001228391815665697,-0.00012285934247751207,-0.00012302304401290098,-0.0001247844085951677,-0.00012303102181564273
176,-0.0001225177248576431,-0.0001225396072341889,-0.00012269806821371687,-0.00012448256218396846,-0.0001227059136682862
177,-0.0001951588966228829,-0.0001629004532943684,-0.00012859613359795464,-0.00012418117626948665,-0.00012835268783237152
178,-0.000195204287371849,-0.0001631145267490297,-0.00012904944388544503,-0.00012463327776228938,-0.00012880810429944268
179,-0.0001231600050267262,-0.00012317823306470354,-0.00012334802762689723,-0.00012508245025671493,-0.00012335616182208132
180,-0.000123314767728466,-0.00012332828009744724,-0.00012345980124940813,-0.00012478192877023563,-0.00012346606989445118
181,-0.00012303633263407776,-0.0001230513917657361,-0.00012317798278699832,-0.00012452192305558384,-0.00012318412427299473
182,-0.00019531793823559574,-0.00016372781778197288,-0.00012925746846897067,-0.00012426231954628108,-0.00012900948544383617
183,-0.00019536649289981334,-0.0001639548795817186,-0.00012974101101643985,-0.00012474595769363162,-0.00012949528647766993
184,-0.0001237901175573716,-0.00012380118583678546,-0.00012394094166736202,-0.0001252265277547937,-0.000123947428006701
185,-0.0001235116245931961,-0.00012352429335999837,-0.0001236585953061875,-0.00012496839751583,-0.00012366493672914426
186,-0.00012323316785953082,-0.00012324740200365502,-0.00012337659708612224,-0.00012470902205643952,-0.0001233828054422381
187,-0.00012295475500849723,-0.0001229705177038437,-0.00012309493089088464,-0.0001244484916798605,-0.00012310101694321007
188,-0.0001953103205833659,-0.00016369300260718977,-0.0001291805825105574,-0.0001241884033013596,-0.00012893220988789532
189,-0.0001953588930770689,-0.0001639201478092589,-0.0001296645877164082,-0.0001246722344649498,-0.0001294184790974473
190,-0.0001237096128825785,-0.0001237212165841406,-0.00012385910307034618,-0.00012515299990773277,-0.00012386553934622178
191,-0.0001234311256649212,-0.00012344432336604982,-0.0001235768738238363,-0.00012489444103679247,-0.0001235831693142586
192,-0.0001230978803062366,-0.0001231133807993573,-0.00012324469561424744,-0.00012463465499701898,-0.00012325105996668917
193,-0.00012281425303737047,-0.0001228312894834327,-0.0001229578846752355,-0.00012436868465671712,-0.00012296412930996149
194,-0.00019528329963538926,-0.00016355693537359773,-0.00012902330344638502,-0.00012410318958827715,-0.00012877512791996225
195,-0.00019533150603400385,-0.00016378262210876626,-0.0001295040890854493,-0.0001245834369276899,-0.00012925816352888698
196,-0.00019537959898768996,-0.00016400764333430738,-0.00012998210221477845,-0.00012506212587133357,-0.00012973839813032573
197,-0.00012406488381532855,-0.00012407529456827658,-0.00012422371875993042,-0.00012553776154920372,-0.0001242305347473982
198,-0.00012378114481898184,-0.00012379319365501574,-0.00012393582920142143,-0.00012527562410545866,-0.00012394248921519856
199,-0.0001234974266527028,-0.00012351108864760817,-0.00012364829609115002,-0.00012501217650082053,-0.00012365481280696367
200,-0.00012321374190450707,-0.0001232289865431685,-0.00012336110466528938,-0.00012474751279597517,-0.00012336748959881127
201,-0.00012293010555325612,-0.00012294689330042018,-0.00012307424129743283,-0.00012448171978004185,-0.00012308050490047906
202,-0.00012264652898446915,-0.00012266481365295513,-0.00012278769191412798,-0.00012421487745157167,-0.00012279384367085865
203,-0.00012236302066937987,-0.00012238275128748587,-0.00012250144223254655,-0.00012394705964101637,-0.00012250749080093602
204,-0.00019499777024351405,-0.00016207490969194325,-0.00012767609740685582,-0.00012367964155159393,-0.00012743395663001645
205,-0.00019504091439809801,-0.00016227970813597836,-0.000128109242049812,-0.00012410954707092747,-0.00012786912278548669
206,-0.0001950839442476149,-0.00016248391895254342,-0.00012853986471538458,-0.00012453810669400323,-0.00012830173950138414
207,-0.00019512685942990105,-0.0001626875335940109,-0.00012896797994104813,-0.00012496530061499754,-0.0001287318219319933
208,-0.000123090807366501,-0.00012311306800315503,-0.000123313879529231,-0.0001253896454399661,-0.00012332353660551298
209,-0.00012273724032734468,-0.00012276143220156855,-0.0001229561902643872,-0.00012505871503687871,-0.00012296569237424615
210,-0.00012238372942355134,-0.00012240980821557056,-0.0001225988279823742,-0.00012472667752786104,-0.0001226081852380978
211,-0.00012203028303581387,-0.00012205819960455056,-0.00012224178076008618,-0.00012439359767229763,-0.00012225100253265841
212,-0.00019503629570265856,-0.00016225673941849372,-0.00012806403952973498,-0.000124061030544238,-0.00012782374964672715
213,-0.0001950793376620219,-0.00016246104360819968,-0.00012849489731872832,-0.00012448980794649178,-0.00012825660290074703
214,-0.00019512226496830152,-0.00016266475163129624,-0.00012892324688123846,-0.00012491721959573488,-0.00012868692107724565
215,-0.00012304258557027325,-0.00012306487624104412,-0.0001232655921163095,-0.00012534178117563742,-0.0001232752467253517
216,-0.00012316082355048828,-0.00012317859632614446,-0.0001233408944180403,-0.00012501094717032313,-0.0001233486878511991
217,-0.00012284618865194164,-0.00012286568704676537,-0.0001230225676545482,-0.000124716569987926,-0.00012303022230547133
218,-0.0001225316094077594,-0.0001225527895094103,-0.00012270456432015631,-0.0001244210980640914,-0.00012271209018795525
219,-0.00019517726967344218,-0.00016300023907146464,-0.00012863141479245056,-0.00012412609828279852,-0.00012838692222118196
220,-0.000195223183109412,-0.00016321649842131747,-0.0001290899726895045,-0.00012458345513773005,-0.00012884761481254391
221,-0.0001952689821243092,-0.00016343212230414793,-0.0001295458756385337,-0.00012503933782257226,-0.00012930562472206918
222,-0.00012367607351548737,-0.0001236910834042093,-0.00012386246449775927,-0.0001254922642109535,-0.00012387049564607233
223,-0.00012336136504396467,-0.00012337816504244536,-0.00012354360655339458,-0.0001251997415157302,-0.00012355148155825278
224,-0.00012304670433842978,-0.00012306525132090295,-0.00012322509508079117,-0.00012490600355780313,-0.00012323282536732538
225,-0.00012273209302861909,-0.0001227523467637981,-0.00012290691411645516,-0.0001246111293567498,-0.0001229145101760931
226,-0.0001224175416059603,-0.00012243945573407077,-0.0001225890507017191,-0.00012431519256759892,-0.0001225965221770675
227,-0.00012210305808898258,-0.00012212658171188717,-0.00012227149170249252,-0.00012401826166757112,-0.0001222788474269487
228,-0.00012170394279929164,-0.00012173020885537344,-0.0001218765025374069,-0.00012372037988995,-0.00012188405749147257
229,-0.00019508172343475627,-0.00016253145063748142,-0.00012783511755571465,-0.00012341618904077034,-0.00012758832186141378
230,-0.0001951272733150272,-0.00016274653888878775,-0.00012829241101503408,-0.00012387064189227413,-0.00012804776162691266
231,-0.0001951727092354183,-0.00016296100874852115,-0.0001287470577655514,-0.00012432366331465605,-0.00012850452637259922
232,-0.00019521803081961884,-0.00016317485182467116,-0.00012919907210141247,-0.00012477523371146827,-0.00012895863100377048
233,-0.00012331548403861635,-0.00012333222137995924,-0.00012350738527264982,-0.00012522386672921047,-0.00012351566803414649
234,-0.0001229935097525886,-0.00012301206225522775,-0.00012318135248758687,-0.00012492384211425844,-0.0001231894824273483
235,-0.00012267159412009286,-0.0001226919111942959,-0.00012285566068524268,-0.00012462264501152286,-0.00012286364866251898
236,-0.00012234973400615024,-0.00012237177179616476,-0.00012253029310423157,-0.00012432034983431262,-0.00012253814917472238
237,-0.00019514207540104745,-0.00016281652662878288,-0.00012844057557497512,-0.0001240185222839163,-0.00012819661416194395
238,-0.0001951874741940074,-0.0001630307904060918,-0.00012889436736467362,-0.0001244710662275017,-0.00012865251500023822
239,-0.00019523275848667144,-0.00016324442479393687,-0.0001293455312724201,-0.0001249221531075706,-0.00012910576045477962
240,-0.00012411208775774091,-0.00012411985371314882,-0.0001242531509947864,-0.0001253704552888346,-0.0001242591856142172
241,-0.00012384951152729056,-0.0001238587976136163,-0.00012398642661282544,-0.0001251290190051424,-0.00012399230549057673
242,-0.00012358693287062682,-0.00012359772996162977,-0.000123720064977354,-0.00012488619825476555,-0.0001237258018190557
243,-0.00012332437351332353,-0.0001233366598537211,-0.00012345405244498897,-0.00012464210007403386,-0.00012345965955854577
244,-0.00012306185262600327,-0.00012307559470292717,-0.0001231883750554541,-0.00012439682242255113,-0.00012319386352646844
245,-0.00012279938467823492,-0.0001228145403491365,-0.00012292301810151062,-0.00012415045500372202,-0.00012292839791777643
246,-0.00012253698037223675,-0.0001225535013278828,-0.0001226579664798033,-0.00012390308005132632,-0.00012266324667277616
247,-0.00019531418577473287,-0.00016373619493802505,-0.0001288815732722781,-0.00012365631292834077,-0.00012862907021865877
248,-0.00019536404639393544,-0.00016396890893504102,-0.0001293797039745781,-0.00012415377369582648,-0.00012912954925785701
249,-0.00019541379486549105,-0.00016420094066387335,-0.0001298749734200766,-0.00012464962688685355,-0.00012962713768236434
250,-0.00012386776997003662,-0.00012387668764540725,-0.0001240056367508624,-0.0001251423520422934,-0.0001240115514941309
251,-0.00012360518381686862,-0.00012361562152129855,-0.00012373918803201378,-0.00012489985164828465,-0.00012374495762688896
252,-0.0001237194393509966,-0.0001237263892739321,-0.00012381899507779237,-0.00012465614037714733,-0.0001238232721340915
253,-0.00012349783506859224,-0.00012350606450998224,-0.00012359424646243733,-0.00012445104960481402,-0.00012359840544207468
254,-0.00019551952742601964,-0.00016476317726037303,-0.0001300538956941566,-0.00012424630109691913,-0.0001297994887180276
255,-0.00019557226331888805,-0.00016500711290602765,-0.00013057732644046637,-0.00012477185256311361,-0.00013032538371057445
256,-0.0001243991854949822,-0.00012440328941160038,-0.00012450709928501613,-0.00012529411530058543,-0.00012451168990711524
257,-0.0001241776346260548,-0.00012418300521563618,-0.0001242815417771881,-0.00012509221799379244,-0.00012428598211835617
258,-0.0001239560371030951,-0.0001239626945704092,-0.00012405635514189605,-0.0001248888031053741,-0.00012406066080912213
259,-0.00012373443057980328,-0.00012374237113910836,-0.00012383152707689415,-0.0001246840081018935,-0.00012383571178712583
260,-0.00012351284408161384,-0.00012352204565931947,-0.00012360704305602543,-0.00012447795654905503,-0.00012361111890779152
261,-0.0001232912988743226,-0.00012330172639572978,-0.00012338288689510256,-0.00012427075974992874,-0.00012338686459486547
262,-0.00012306981022397551,-0.00012308141958717377,-0.0001231590415271644,-0.00012406251817662862,-0.00012316293056474303
263,-0.00019547968565910317,-0.00016458119751602607,-0.0001296545293515039,-0.00012385490625026806,-0.00012939814783095692
264,-0.0001953429966273365,-0.00016385516412661393,-0.00012941992882715026,-0.00012438143199039242,-0.00012917189738526514
265,-0.00019539181523669236,-0.0001640831685053129,-0.0001299056985904179,-0.00012486739780302015,-0.000129659937212816
266,-0.0001239543308709995,-0.00012396487220657225,-0.00012410184702505656,-0.00012535028527004276,-0.0001241081877689565
267,-0.0001236797629443165,-0.00012369188527410312,-0.00012382342890567387,-0.00012509599283948012,-0.00012382962488032055
268,-0.00012340522786276258,-0.00012341889836709862,-0.00012354536018931438,-0.0001248404432540673,-0.00012355142339703695
269,-0.00012313073471438145,-0.00012314591774985784,-0.0001232676248955078,-0.00012458372890514213,-0.00012327356622950924
270,-0.00019533732538393745,-0.0001638296923632837,-0.0001293622956911533,-0.00012432744857537758,-0.00012911395770038857
271,-0.0001953861570637222,-0.00016405774798813666,-0.00012984842174987077,-0.00012481353174599862,-0.00012960235844663436
272,-0.00012389438326606273,-0.00012390539611322027,-0.00012404070917500064,-0.00012529653895337222,-0.00012404700524828004
273,-0.00012361981947879686,-0.0001236324081395307,-0.00012376239596423644,-0.00012504186013948427,-0.00012376855100873385
274,-0.0001233452953258135,-0.00012335942246897546,-0.0001234844284669534,-0.00012478595273640258,-0.00012349045412283433
275,-0.00012307081746045471,-0.00012308644483958464,-0.0001232067901594358,-0.0001245289067870603,-0.00012321269699169246
276,-0.0001953231685164783,-0.0001637595076487136,-0.00012927250930004795,-0.00012427231259723781,-0.00012902416865530285
277,-0.00019537183519536093,-0.00016398690640493708,-0.00012975726060259317,-0.00012475677524405036,-0.0001295111896033796
278,-0.000123806482349757,-0.00012381818444523628,-0.00012395394940234783,-0.00012523817173998642,-0.00012396030147517889
279,-0.00012352950773538983,-0.0001235427923982313,-0.0001236732971351284,-0.00012498084474034775,-0.00012367951082749905
280,-0.00012325257956426444,-0.00012326740490090692,-0.00012339298694277745,-0.00012472231722485572,-0.0001233990735270307
281,-0.0001229757017805691,-0.00012299202709994793,-0.00012311300185453345,-0.00012446267627688745,-0.000123118971590086
282,-0.00019531636429649917,-0.00016372728249563595,-0.00012920504872939164,-0.0001242035172611966,-0.0001289564058704129
283,-0.0001953650467026205,-0.00016395478549273868,-0.0001296901787928495,-0.00012468822576618631,-0.00012944380908220366
284,-0.00012373467906083734,-0.00012374666506431042,-0.0001238814930899579,-0.00012516986840323984,-0.00012388782039985058
285,-0.00012345772011287668,-0.0001234712739198851,-0.00012360090346007045,-0.0001249123273535768,-0.0001236070943757439
286,-0.00012318079972261059,-0.00012319588771842748,-0.00012332065054050268,-0.00012465360114040312,-0.00012332671619848855
287,-0.0001229039318687064,-0.0001229205120961091,-0.0001230407202521433,-0.00012439377587944,-0.00012304667073643528
288,-0.00019538561153494504,-0.00016408706443531818,-0.00012943995996750668,-0.00012413451760261984,-0.0001291886525405317
289,-0.00019543588035641712,-0.00016432107814989938,-0.00012994047354806138,-0.00012463526879647025,-0.00012969151874170137
290,-0.00012391149927353323,-0.0001239206358145728,-0.0001240409455716529,-0.00012513287437847964,-0.00012404650826357665
291,-0.00012365589234601682,-0.00012366650458926765,-0.00012378173421199955,-0.00012489623181711983,-0.00012378716139247793
292,-0.00012340031734690282,-0.0001234123732875686,-0.00012352287011068163,-0.0001246583388745015,-0.00012352817370847924
293,-0.00012314478493172438,-0.00012315824860101464,-0.00012326433663646606,-0.0001244192932612409,-0.00012326952741463336
294,-0.00012288930874669395,-0.00012290413610918926,-0.00012300611860111555,-0.0001241791844826845,-0.0001230112062418709
295,-0.00012263389873292036,-0.00012265004009015036,-0.00012274820051647595,-0.0001239380944557189,-0.000122753193757017
296,-0.0001223785618747858,-0.00012239596375527073,-0.00012249056683780513,-0.0001236960982840274,-0.0001224954735834849
297,-0.00019531867605487058,-0.0001637702561135901,-0.00012877604361109516,-0.00012345481691582893,-0.00012852176390718895
298,-0.00012266469351365826,-0.00012267969439921865,-0.00012278116498982692,-0.00012395648631332245,-0.00012278623989826708
299,-0.0001224092926629075,-0.00012242560077951382,-0.00012252328471167528,-0.00012371527452581188,-0.0001225282662950744
300,-0.00012307220238621006,-0.00012307690776254405,-0.00012310821714102136,-0.0001234733875181615,-0.00012310978692230967
301,-0.00012293646900594755,-0.00012294187441558164,-0.00012297118720858868,-0.00012334513916255284,-0.00012297270817418049
302,-0.00012280081109365402,-0.00012280686248295869,-0.0001228344169955803,-0.00012321608345649605,-0.00012283589604073164
303,-0.00012266523177016138,-0.00012267187409663067,-0.00012269788076291365,-0.0001230863249605929,-0.00012269932371053671
304,-0.00012252973099161388,-0.00012253691011107737,-0.00012256155460495965,-0.0001229559539073466,-0.0001225629663923633
305,-0.00019569649020244884,-0.00016569308100990054,-0.00013002406113228726,-0.00012282682383325138,-0.0001297543996796613
306,-0.00012303551784017665,-0.00012303871681810212,-0.00012307476180579592,-0.000123418994507396,-0.00012307645297980673
307,-0.00012289967310732952,-0.00012290365809846494,-0.00012293714594919402,-0.00012329270485437582,-0.000122938770572808
308,-0.00012276387687823714,-0.00012276860878942335,-0.0001227998413807224,-0.000123165349673508,-0.00012280140927479864
309,-0.00012262814665558883,-0.00012263357636909056,-0.00012266282161999486,-0.00012303707016899756,-0.00012266434095585033
310,-0.00012249249155147816,-0.0001224985652612387,-0.0001225260603026307,-0.00012290798733179174,-0.00012252753795005678
311,-0.00012235691508851232,-0.00012236357775344042,-0.0001223895320743462,-0.00012277820520754102,-0.00012239097381381404
312,-0.00012081939301365696,-0.00012084621893227342,-0.00012096678082880619,-0.0001226474751143236,-0.0001209732703031241
313,-0.00019504925433900755,-0.0001624006706052944,-0.0001270929311420277,-0.00012236022507454257,-0.0001268396862414778
314,-0.00012102746606769188,-0.00012105197785123811,-0.00012117879680074828,-0.00012283204747493893,-0.00012118543490362566
315,-0.00012072573723800883,-0.0001207516391894875,-0.00012087467623960734,-0.00012254451960472257,-0.0001208812241976931
316,-0.00012042409070435245,-0.0001204513249087058,-0.00012057080831589406,-0.00012225622698638472,-0.00012057727251798101
317,-0.0001201225272815909,-0.00012015103579263774,-0.0001202671803651989,-0.00012196721940610722,-0.00012027356667946964
318,0.0,0.0,0.0,0.0,0.0
319,0.0,0.0,0.0,0.0,0.0
320,0.0,0.0,0.0,0.0,0.0
321,0.0,0.0,0.0,0.0,0.0
322,0.0,0.0,0.0,0.0,0.0
323,0.0,0.0,0.0,0.0,0.0
324,0.0,0.0,0.0,0.0,0.0
325,0.0,0.0,0.0,0.0,0.0
326,0.0,0.0,0.0,0.0,0.0
327,0.0,0.0,0.0,0.0,0.0
328,0.0,0.0,0.0,0.0,0.0
329,0.0,0.0,0.0,0.0,0.0
330,0.0,0.0,0.0,0.0,0.0
331,0.0,0.0,0.0,0.0,0.0
332,0.0,0.0,0.0,0.0,0.0
333,0.0,0.0,0.0,0.0,0.0
334,0.0,0.0,0.0,0.0,0.0
335,0.0,0.0,0.0,0.0,0.0
336,0.0,0.0,0.0,0.0,0.0
337,0.0,0.0,0.0,0.0,0.0
338,0.0,0.0,0.0,0.0,0.0
339,0.0,0.0,0.0,0.0,0.0
340,0.0,0.0,0.0,0.0,0.0
341,0.0,0.0,0.0,0.0,0.0
342,0.0,0.0,0.0,0.0,0.0
343,0.0,0.0,0.0,0.0,0.0
344,0.0,0.0,0.0,0.0,0.0
345,0.0,0.0,0.0,0.0,0.0
346,0.0,0.0,0.0,0.0,0.0
347,0.0,0.0,0.0,0.0,0.0
348,0.0,0.0,0.0,0.0,0.0
349,0.0,0.0,0.0,0.0,0.0
350,0.0,0.0,0.0,0.0,0.0
351,0.0,0.0,0.0,0.0,0.0
352,0.0,0.0,0.0,0.0,0.0
353,0.0,0.0,0.0,0.0,0.0
354,0.0,0.0,0.0,0.0,0.0
355,0.0,0.0,0.0,0.0,0.0
356,0.0,0.0,0.0,0.0,0.0
357,0.0,0.0,0.0,0.0,0.0
358,0.0,0.0,0.0,0.0,0.0
359,0.0,0.0,0.0,0.0,0.0
360,0.0,0.0,0.0,0.0,0.0
361,0.0,0.0,0.0,0.0,0.0
362,0.0,0.0,0.0,0.0,0.0
363,0.0,0.0,0.0,0.0,0.0
364,0.0,0.0,0.0,0.0,0.0
365,0.0,0.0,0.0,0.0,0.0
366,0.0,0.0,0.0,0.0,0.0
367,0.0,0.0,0.0,0.0,0.0
368,0.0,0.0,0.0,0.0,0.0
369,0.0,0.0,0.0,0.0,0.0
370,0.0,0.0,0.0,0.0,0.0
371,0.0,0.0,0.0,0.0,0.0
372,0.0,0.0,0.0,0.0,0.0
373,0.0,0.0,0.0,0.0,0.0
374,0.0,0.0,0.0,0.0,0.0
375,0.0,0.0,0.0,0.0,0.0
376,0.0,0.0,0.0,0.0,0.0
377,0.0,0.0,0.0,0.0,0.0
378,0.0,0.0,0.0,0.0,0.0
379,0.0,0.0,0.0,0.0,0.0
380,0.0,0.0,0.0,0.0,0.0
381,0.0,0.0,0.0,0.0,0.0
382,0.0,0.0,0.0,0.0,0.0
383,0.0,0.0,0.0,0.0,0.0
384,0.0,0.0,0.0,0.0,0.0
385,0.0,0.0,0.0,0.0,0.0
386,0.0,0.0,0.0,0.0,0.0
387,0.0,0.0,0.0,0.0,0.0
388,0.0,0.0,0.0,0.0,0.0
389,0.0,0.0,0.0,0.0,0.0
390,0.0,0.0,0.0,0.0,0.0
391,0.0,0.0,0.0,0.0,0.0
392,0.0,0.0,0.0,0.0,0.0
393,0.0,0.0,0.0,0.0,0.0
394,0.0,0.0,0.0,0.0,0.0
395,0.0,0.0,0.0,0.0,0.0
396,0.0,0.0,0.0,0.0,0.0
397,0.0,0.0,0.0,0.0,0.0
398,0.0,0.0,0.0,0.0,0.0
399,0.0,0.0,0.0,0.0,0.0
400,0.0,0.0,0.0,0.0,0.0
401,0.0,0.0,0.0,0.0,0.0
402,0.0,0.0,0.0,0.0,0.0
403,0.0,0.0,0.0,0.0,0.0
404,0.0,0.0,0.0,0.0,0.0
405,0.0,0.0,0.0,0.0,0.0
406,0.0,0.0,0.0,0.0,0.0
407,0.0,0.0,0.0,0.0,0.0
408,0.0,0.0,0.0,0.0,0.0
409,0.0,0.0,0.0,0.0,0.0
410,0.0,0.0,0.0,0.0,0.0
411,0.0,0.0,0.0,0.0,0.0
412,0.0,0.0,0.0,0.0,0.0
413,0.0,0.0,0.0,0.0,0.0
414,0.0,0.0,0.0,0.0,0.0
415,0.0,0.0,0.0,0.0,0.0
416,0.0,0.0,0.0,0.0,0.0
417,0.0,0.0,0.0,0.0,0.0
418,0.0,0.0,0.0,0.0,0.0
419,0.0,0.0,0.0,0.0,0.0
420,0.0,0.0,0.0,0.0,0.0
421,0.0,0.0,0.0,0.0,0.0
422,0.0,0.0,0.0,0.0,0.0
423,0.0,0.0,0.0,0.0,0.0
424,0.0,0.0,0.0,0.0,0.0
425,0.0,0.0,0.0,0.0,0.0
426,0.0,0.0,0.0,0.0,0.0
427,0.0,0.0,0.0,0.0,0.0
428,0.0,0.0,0.0,0.0,0.0
429,0.0,0.0,0.0,0.0,0.0
430,0.0,0.0,0.0,0.0,0.0
431,0.0,0.0,0.0,0.0,0.0
432,0.0,0.0,0.0,0.0,0.0
433,0.0,0.0,0.0,0.0,0.0
434,0.0,0.0,0.0,0.0,0.0
435,0.0,0.0,0.0,0.0,0.0
436,0.0,0.0,0.0,0.0,0.0
437,0.0,0.0,0.0,0.0,0.0
438,0.0,0.0,0.0,0.0,0.0
439,0.0,0.0,0.0,0.0,0.0
440,0.0,0.0,0.0,0.0,0.0
441,0.0,0.0,0.0,0.0,0.0
442,0.0,0.0,0.0,0.0,0.0
443,0.0,0.0,0.0,0.0,0.0
444,0.0,0.0,0.0,0.0,0.0
445,0.0,0.0,0.0,0.0,0.0
446,0.0,0.0,0.0,0.0,0.0
447,0.0,0.0,0.0,0.0,0.0
448,0.0,0.0,0.0,0.0,0.0
449,0.0,0.0,0.0,0.0,0.0
450,0.0,0.0,0.0,0.0,0.0
451,0.0,0.0,0.0,0.0,0.0
452,0.0,0.0,0.0,0.0,0.0
453,0.0,0.0,0.0,0.0,0.0
454,0.0,0.0,0.0,0.0,0.0
455,0.0,0.0,0.0,0.0,0.0
456,0.0,0.0,0.0,0.0,0.0
457,0.0,0.0,0.0,0.0,0.0
458,0.0,0.0,0.0,0.0,0.0
459,0.0,0.0,0.0,0.0,0.0
460,0.0,0.0,0.0,0.0,0.0
461,0.0,0.0,0.0,0.0,0.0
462,0.0,0.0,0.0,0.0,0.0
463,0.0,0.0,0.0,0.0,0.0
464,0.0,0.0,0.0,0.0,0.0
465,0.0,0.0,0.0,0.0,0.0
466,0.0,0.0,0.0,0.0,0.0
467,0.0,0.0,0.0,0.0,0.0
468,0.0,0.0,0.0,0.0,0.0
469,0.0,0.0,0.0,0.0,0.0
470,0.0,0.0,0.0,0.0,0.0
471,0.0,0.0,0.0,0.0,0.0
472,0.0,0.0,0.0,0.0,0.0
473,0.0,0.0,0.0,0.0,0.0
474,0.0,0.0,0.0,0.0,0.0
475,0.0,0.0,0.0,0.0,0.0
476,0.0,0.0,0.0,0.0,0.0
477,0.0,0.0,0.0,0.0,0.0
478,0.0,0.0,0.0,0.0,0.0
479,0.0,0.0,0.0,0.0,0.0
480,0.0,0.0,0.0,0.0,0.0
481,0.0,0.0,0.0,0.0,0.0
482,0.0,0.0,0.0,0.0,0.0
483,0.0,0.0,0.0,0.0,0.0
484,0.0,0.0,0.0,0.0,0.0
485,0.0,0.0,0.0,0.0,0.0
486,0.0,0.0,0.0,0.0,0.0
487,0.0,0.0,0.0,0.0,0.0
488,0.0,0.0,0.0,0.0,0.0
489,0.0,0.0,0.0,0.0,0.0
490,0.0,0.0,0.0,0.0,0.0
491,0.0,0.0,0.0,0.0,0.0
492,0.0,0.0,0.0,0.0,0.0
493,0.0,0.0,0.0,0.0,0.0
494,0.0,0.0,0.0,0.0,0.0
495,0.0,0.0,0.0,0.0,0.0
496,0.0,0.0,0.0,0.0,0.0
497,0.0,0.0,0.0,0.0,0.0
498,0.0,0.0,0.0,0.0,0.0
499,0.0,0.0,0.0,0.0,0.0
500,0.0,0.0,0.0,0.0,0.0
