iteration,timestamp,T1,J5,V5F,V5
0,2026-01-02 15:19:39.999999,0.0,0.0,0.0,1
1,2026-01-02 15:19:42.875232,3.191578061938476,55.54426850300372,130.7858810844209,1
2,2026-01-02 15:19:46.017663,3.3316551302543784,55.67726145879922,130.31217105321957,1
3,2026-01-02 15:19:49.229615,3.471224829765587,55.80968126516209,129.83256210077343,1
4,2026-01-02 15:19:52.947932,3.6102808508230915,55.94152311301197,129.34711217326367,1
5,2026-01-02 15:19:55.858878,3.748816931465122,56.072782384522164,128.85586183301712,1
6,2026-01-02 15:19:58.687617,3.886826867627368,56.2034544192371,128.35887192352402,1
7,2026-01-02 15:20:01.537235,4.024304505801977,56.33353478262529,127.85619459634745,1
8,2026-01-02 15:20:04.432875,4.161243755708685,56.46301894939872,127.34787620843235,1
9,2026-01-02 15:20:07.497860,4.297638579105917,56.591902529651996,126.83398050057804,1
10,2026-01-02 15:20:10.740648,4.433482995852692,56.72018136956371,126.31456252165663,1
11,2026-01-02 15:20:13.920009,4.568771097066004,56.847851149261686,125.78968021784931,1
12,2026-01-02 15:20:16.740835,4.703497027832418,57.21850643207735,141.2670009096928,1
13,2026-01-02 15:20:19.533432,4.854799803380278,57.35846166607581,140.55598098536848,1
14,2026-01-02 15:20:22.267536,5.005341052458535,57.49765260285639,139.84173635606112,1
15,2026-01-02 15:20:25.040797,5.155117305825526,57.63607796192244,139.1243191733338,1
16,2026-01-02 15:20:27.618887,5.304125180402441,57.77373566359598,138.4037844860586,1
17,2026-01-02 15:20:30.267275,5.4523613345766835,57.91062400809183,137.68019313772584,1
18,2026-01-02 15:20:32.669793,5.599822491826193,58.04674144457108,136.95361176644383,1
19,2026-01-02 15:20:35.281280,5.746505447381938,58.182086266329094,136.22408093453942,1
20,2026-01-02 15:20:38.172218,5.892407053541707,58.316656927666216,135.49168466397532,1
21,2026-01-02 15:20:41.171131,6.037524227666208,58.45045199434857,134.7564693116965,1
22,2026-01-02 15:20:44.216122,6.181853956361267,58.58347002187019,134.01850441312035,1
23,2026-01-02 15:20:47.016154,6.325393290951449,58.715709770551676,133.2778537090462,1
24,2026-01-02 15:20:49.823585,6.468139358314762,58.738895956572314,125.21407762164927,1
25,2026-01-02 15:20:52.537888,6.602248792463654,58.863388769022215,124.54622760230905,1
26,2026-01-02 15:20:55.192457,6.7356429270986835,58.801436817725055,110.24523466971914,1
27,2026-01-02 15:20:58.122666,6.853720113437102,58.90352856370297,109.00474310403752,1
28,2026-01-02 15:21:00.856223,6.97046868416235,59.00483852585631,107.79516003140088,1
29,2026-01-02 15:21:03.523726,7.08592174404437,59.10536629601055,106.61470360673775,1
30,2026-01-02 15:21:06.034829,7.200110482600118,58.40048585953845,-35.52178264897066,1
31,2026-01-02 15:21:08.754664,7.16206518938518,58.35767324524759,-36.47716161935932,1
32,2026-01-02 15:21:11.739274,7.122996643477389,58.314105286225434,-37.359708034614414,1
33,2026-01-02 15:21:14.287223,7.082982855387945,58.269860083999184,-38.173776550252114,1
34,2026-01-02 15:21:17.088623,7.042097167675314,58.225008666281724,-38.92352480477257,1
35,2026-01-02 15:21:19.434686,7.000408469116295,58.179615247860774,-39.612977160459195,1
36,2026-01-02 15:21:21.914805,6.957981339572296,58.2155484352198,-21.52913293571146,1
37,2026-01-02 15:21:24.379900,6.9349227528279505,58.18881570379436,-22.645547240927044,1
38,2026-01-02 15:21:26.890502,6.910668442445422,58.161084212125424,-23.66052096135718,1
39,2026-01-02 15:21:29.485554,6.885327049785954,58.13251193766628,-24.571420443066927,1
40,2026-01-02 15:21:32.182131,6.859010046194971,58.10322548020697,-25.383944692976,1
41,2026-01-02 15:21:34.848054,6.831822797467949,58.07332876951794,-26.106449550411526,1
42,2026-01-02 15:21:37.410414,6.803861713124262,58.042912218469255,-26.74681569601489,1
43,2026-01-02 15:21:39.940601,6.775214772973543,58.012053644769004,-27.312605106430965,1
44,2026-01-02 15:21:42.535717,6.745961847082995,57.980819883947454,-27.811003108126897,1
45,2026-01-02 15:21:44.990383,6.716175114490437,57.94926801069241,-28.24880678815589,1
46,2026-01-02 15:21:47.602561,6.68591947850577,57.91744647828734,-28.632407610302835,1
47,2026-01-02 15:21:49.865823,6.655252991194289,57.885396599868635,-28.967692906576303,1
48,2026-01-02 15:21:52.619434,6.624227400558513,57.693786220723005,-56.76414283129816,1
49,2026-01-02 15:21:54.804136,6.563430662757876,57.6331678655999,-56.73989235447152,1
50,2026-01-02 15:21:57.605257,6.502659900508936,57.57256006363971,-56.71772504285855,1
51,2026-01-02 15:22:00.041393,6.441912881097662,57.51196187774354,-56.69747285253379,1
52,2026-01-02 15:22:02.810947,6.381187553147248,57.45137260184704,-56.67895325302652,1
53,2026-01-02 15:22:05.356920,6.320482059568127,57.39079144179962,-56.662024276192824,1
54,2026-01-02 15:22:08.099960,6.25979469676269,57.33021769628621,-56.64655264581597,1
55,2026-01-02 15:22:10.861609,6.199123906050667,57.26965078155646,-56.63240508567924,1
56,2026-01-02 15:22:13.458542,6.138468269919463,57.20909004726585,-56.619471498038365,1
57,2026-01-02 15:22:16.142903,6.077826481919778,57.14853503625547,-56.60765047707628,1
58,2026-01-02 15:22:19.015231,6.017197358804203,57.08798520182454,-56.596840616975896,1
59,2026-01-02 15:22:21.256925,5.956579809628834,57.02744017953728,-56.586952101156385,1
60,2026-01-02 15:22:23.817716,5.895972848992189,57.536872932011796,71.52561957923353,1
61,2026-01-02 15:22:26.717873,5.972579732958901,57.60733335173181,70.83650041408873,1
62,2026-01-02 15:22:29.355807,6.0484485416899965,57.677244631394736,70.16309045866365,1
63,2026-01-02 15:22:31.875756,6.123596097318238,57.74661363499063,69.50460743951226,1
64,2026-01-02 15:22:34.615921,6.198038387834323,57.81544708939898,68.86033282398785,1
65,2026-01-02 15:22:37.175797,6.271790639287049,57.883751582589305,68.22960892293395,1
66,2026-01-02 15:22:39.984940,6.344867361473282,57.95153355436217,67.61180702028469,1
67,2026-01-02 15:22:42.620759,6.417282389715251,58.018799482244034,67.00635055153725,1
68,2026-01-02 15:22:45.493897,6.489048947552412,58.08555567405888,66.41269192527943,1
69,2026-01-02 15:22:48.216377,6.56017967839486,58.15180824288477,65.83032990704396,1
70,2026-01-02 15:22:50.812141,6.6306866719528985,58.217563307243,65.25877774890887,1
71,2026-01-02 15:22:53.484719,6.700581514905782,58.28282673000395,64.69759216258808,1
72,2026-01-02 15:22:56.011534,6.769875303556661,58.31404609997448,59.915992080732394,1
73,2026-01-02 15:22:58.149833,6.8340477983948595,58.37437937336438,59.41572821200225,1
74,2026-01-02 15:23:00.719944,6.89768449128436,58.434269284375404,58.92403168616056,1
75,2026-01-02 15:23:03.180765,6.960794553534658,58.49372107757777,58.44054903150209,1
76,2026-01-02 15:23:05.818197,7.0233867882640615,58.55273983074328,57.9649615440303,1
77,2026-01-02 15:23:08.258473,7.0854696485699575,57.76138074829613,-97.94088171304338,1
78,2026-01-02 15:23:10.681750,6.980570926574653,57.659881352054015,-97.6501135704666,1
79,2026-01-02 15:23:13.392190,6.875983636741823,57.558479329429005,-97.37700162929741,1
80,2026-01-02 15:23:15.868977,6.77168885636258,57.45717023084982,-97.12041304169361,1
81,2026-01-02 15:23:18.420533,6.667668893175621,57.35595003048624,-96.8792787006123,1
82,2026-01-02 15:23:20.953808,6.563907197467339,57.25481486943646,-96.65259903442802,1
83,2026-01-02 15:23:23.672939,6.460388288503975,57.15376082359009,-96.43944690424178,1
84,2026-01-02 15:23:26.075399,6.357097664086789,56.46261684748574,-139.3471425211601,1
85,2026-01-02 15:23:28.918089,6.207851132211371,56.31666997565502,-139.13828420299978,1
86,2026-01-02 15:23:31.028803,6.058828299103394,56.17080022146716,-138.93845389986836,1
87,2026-01-02 15:23:33.373727,5.910019489529291,56.0250049585294,-138.74724598849753,1
88,2026-01-02 15:23:35.836447,5.7614154777640385,57.12701986719425,30.32682348361959,1
89,2026-01-02 15:23:38.263933,5.793896754720675,57.157655221510254,29.896095032313497,1
90,2026-01-02 15:23:40.764747,5.825916701659428,57.18798658037889,29.497390538040236,1
91,2026-01-02 15:23:43.552654,5.857509623477396,57.21802466460715,29.12616412288571,1
92,2026-01-02 15:23:46.159848,5.888704948707602,57.247780026175576,28.77873620434457,1
93,2026-01-02 15:23:48.830928,5.919528162410197,57.27726276044166,28.452067505213563,1
94,2026-01-02 15:23:51.584117,5.950001499791565,57.30648240247924,28.143628674683896,1
95,2026-01-02 15:23:54.206730,5.980144486230717,57.335447843091465,27.851281498669778,1
96,2026-01-02 15:23:56.758828,6.009974353072637,57.35873769662551,26.177338011166285,1
97,2026-01-02 15:23:59.658451,6.038011359353993,57.38583656294984,25.92969631393771,1
98,2026-01-02 15:24:02.224534,6.06578313265257,57.412717732896645,25.69272250866561,1
99,2026-01-02 15:24:04.824693,6.093301100509028,57.43938741681108,25.465275055580605,1
100,2026-01-02 15:24:07.416613,6.120575454608422,57.465851403432545,25.246354383057223,1
101,2026-01-02 15:24:09.413291,6.147615339795027,57.4921149366613,25.035099990304843,1
102,2026-01-02 15:24:12.070754,6.1744289617111585,57.518182880031524,24.8307469877318,1
103,2026-01-02 15:24:14.559821,6.201023717694523,57.54405965318113,24.632628994254446,1
104,2026-01-02 15:24:17.208334,6.227406276727906,57.5697493435347,24.44014047227938,1
105,2026-01-02 15:24:19.669760,6.2535826732864574,57.595255741506996,24.252768598103103,1
106,2026-01-02 15:24:22.395216,6.27955838807448,57.620582287904504,24.07003531573082,1
107,2026-01-02 15:24:25.053052,6.3053383921761545,57.64573218272494,23.891535001894226,1
108,2026-01-02 15:24:27.362642,6.330927213191475,57.84455367729386,55.83109921644791,1
109,2026-01-02 15:24:30.129900,6.390724622390549,57.90051165948156,55.29952702602259,1
110,2026-01-02 15:24:32.612580,6.44995269232027,57.9560272504953,54.78135199268763,1
111,2026-01-02 15:24:35.334460,6.508625778141185,58.01110722476235,54.275832405323854,1
112,2026-01-02 15:24:38.079392,6.566757431464516,58.06575817963578,53.78227290975701,1
113,2026-01-02 15:24:40.791524,6.624360462588557,58.11998658461139,53.30004189261217,1
114,2026-01-02 15:24:43.431065,6.681447004573425,58.17379861869057,52.82853381629593,1
115,2026-01-02 15:24:46.009057,6.738028545924479,58.22720032595792,52.367209781323254,1
116,2026-01-02 15:24:48.541651,6.79411598477712,58.28019765456282,51.91555116937252,1
117,2026-01-02 15:24:51.291976,6.8497196837071215,58.33279618237321,51.47308571906706,1
118,2026-01-02 15:24:53.866680,6.904849475331916,58.385001530736034,51.03936145019361,1
119,2026-01-02 15:24:56.526833,6.959514733949569,58.436818966217594,50.61396115024763,1
120,2026-01-02 15:24:58.760141,7.0137243750197555,58.635383042222145,69.3492392412054,1
121,2026-01-02 15:25:01.423157,7.088000267336158,57.90118942783333,-85.5411928017702,1
122,2026-01-02 15:25:04.089194,6.996382127526878,57.812417605525276,-85.26795917362051,1
123,2026-01-02 15:25:06.646645,6.90505663117251,57.72373836669064,-85.01326252883246,1
124,2026-01-02 15:25:09.258889,6.814003927672019,57.63514705238778,-84.77577010523873,1
125,2026-01-02 15:25:12.040035,6.723205586177144,57.5466396864955,-84.55421288147136,1
126,2026-01-02 15:25:14.942574,6.632644542730157,57.45821189453908,-84.34746380430624,1
127,2026-01-02 15:25:17.548632,6.5423049376554685,57.369859629841464,-84.15446535593674,1
128,2026-01-02 15:25:20.041583,6.452172041806003,57.28157883697064,-83.9742585270642,1
129,2026-01-02 15:25:22.802536,6.362232153005235,57.19336585177513,-83.80593645995305,1
130,2026-01-02 15:25:25.379394,6.272472542718148,57.10521678919512,-83.64869949730291,1
131,2026-01-02 15:25:28.067548,6.182881342536054,57.0171282867071,-83.5017566737406,1
132,2026-01-02 15:25:30.647752,6.093447518502575,56.817822578124186,-93.7234369592943,1
133,2026-01-02 15:25:33.234931,5.993065860581854,56.719073653605555,-93.57853673861882,1
134,2026-01-02 15:25:35.832409,5.892839392839564,57.51090734708736,68.93632634330515,1
135,2026-01-02 15:25:38.093398,5.966673036466854,57.57897359404218,68.26907606694022,1
136,2026-01-02 15:25:40.851158,6.039792026622882,57.64650697082196,67.61751471913158,1
137,2026-01-02 15:25:43.349195,6.112213170883289,57.71351429831049,66.98085133450604,1
138,2026-01-02 15:25:46.120858,6.183952421307744,57.78000229424682,66.35834420194442,1
139,2026-01-02 15:25:48.856763,6.255024935409316,57.84597766882272,65.74930376189059,1
140,2026-01-02 15:25:51.854638,6.32544514403464,57.91144691030021,65.15308681173337,1
141,2026-01-02 15:25:54.833855,6.395226786640525,57.97641649561416,64.56911678696997,1
142,2026-01-02 15:25:57.605492,6.464382971944967,58.040892676838126,63.99682291771569,1
143,2026-01-02 15:26:00.357458,6.532926205882974,58.10488172121946,63.43569817488515,1
144,2026-01-02 15:26:02.891896,6.6008684496213235,58.25329182313048,72.80251293593665,1
145,2026-01-02 15:26:05.214059,6.678842939028653,58.32556749603363,72.17342021988316,1
146,2026-01-02 15:26:11.416992,6.756143645262907,58.39730618559503,71.55489688727812,1
147,2026-01-02 15:26:17.482209,6.832781889007584,58.46851364943726,70.94654310947135,1
148,2026-01-02 15:26:23.491519,6.908768559459845,58.53919570335764,70.34799672283043,1
149,2026-01-02 15:26:29.651457,6.984114164655144,58.60935784990822,69.758898461032,1
150,2026-01-02 15:26:36.013660,7.058828825311324,58.67900550813194,69.17892092815237,1
151,2026-01-02 15:26:42.187681,7.132922297875471,58.74814412694469,68.60773672826781,1
152,2026-01-02 15:26:48.399540,7.2064040099763025,58.81677890290487,68.04504743854523,1
153,2026-01-02 15:26:54.518186,7.279283057847331,58.884914981057,67.49056332807868,1
154,2026-01-02 15:27:00.524666,7.351568229536118,58.95255744790205,66.94401204981659,1
155,2026-01-02 15:27:06.648384,7.423268025405513,59.01971121801145,66.40513864056174,1
156,2026-01-02 15:27:12.869694,7.494390662567826,59.14603896103278,72.71722195184793,1
157,2026-01-02 15:27:19.236745,7.572273802127089,59.21856083930978,72.12493085546612,1
158,2026-01-02 15:27:25.617046,7.6495225731417715,59.290556833741185,71.54058128321594,1
159,2026-01-02 15:27:31.965551,7.72614548061797,59.362031909638524,70.96393565575454,1
160,2026-01-02 15:27:38.085057,7.802150773687363,59.43299096715093,70.39476508566622,1
161,2026-01-02 15:27:44.451703,7.877546462774723,59.503438701285326,69.83284358284436,1
162,2026-01-02 15:27:50.777736,7.952340315201095,59.57337979818715,69.2779683356548,1
163,2026-01-02 15:27:56.896606,8.026539875485295,59.6428187739872,68.72993363515434,1
164,2026-01-02 15:28:03.183989,8.100152464073197,59.71176016086731,68.18854246432693,1
165,2026-01-02 15:28:09.377744,8.173185199524774,59.78020833008443,67.65360939539278,1
166,2026-01-02 15:28:15.436281,8.245644996640532,59.84816767325418,67.12495769249927,1
167,2026-01-02 15:28:21.476637,8.31753858778997,59.9156424055977,66.60241351710283,1
168,2026-01-02 15:28:27.622021,8.388872517384268,59.86859668927989,50.975950944120996,1
169,2026-01-02 15:28:33.818356,8.443469860484424,59.92099567407464,50.64717879861291,1
170,2026-01-02 15:28:39.942027,8.497715068839401,59.97306082174618,50.31963511214599,1
171,2026-01-02 15:28:46.053620,8.55160947415904,60.02479566357768,49.99338072821047,1
172,2026-01-02 15:28:52.130010,8.605154446001318,60.076201549676334,49.66842723604259,1
173,2026-01-02 15:28:58.213595,8.658351371831646,60.127279825476606,49.34477463564235,1
174,2026-01-02 15:29:04.438667,8.711201653657971,60.17803183685256,49.02243741355505,1
175,2026-01-02 15:29:10.537953,8.76370670596724,60.22845880694415,48.70141846708975,1
176,2026-01-02 15:29:16.633053,8.815867933507045,60.2785621099389,48.381729385482686,1
177,2026-01-02 15:29:22.962618,8.867686757827634,60.328343170065764,48.06338175797009,1
178,2026-01-02 15:29:29.024037,8.919164623172739,60.37780316798901,47.74637268724291,1
179,2026-01-02 15:29:35.130698,8.97030295199635,60.42694356938153,47.43071086522832,1
180,2026-01-02 15:29:41.480401,9.021103196460619,60.55521581568584,58.59778599415222,1
181,2026-01-02 15:29:47.647843,9.08386383566031,60.614518213187246,58.138539329775085,1
182,2026-01-02 15:29:53.699766,9.146132603006471,60.673390663818196,57.68459184366748,1
183,2026-01-02 15:29:59.934800,9.20791517632049,60.73183795095889,57.2358218488489,1
184,2026-01-02 15:30:05.949581,9.269217098764317,60.78986380802722,56.79208737717545,1
185,2026-01-02 15:30:12.084200,9.330043758114222,60.84747191333586,56.35323487126698,1
186,2026-01-02 15:30:18.444868,9.390400396261207,60.90466576351872,55.919136849524875,1
187,2026-01-02 15:30:24.659981,9.45029209905728,60.96144888894258,55.48966583035053,1
188,2026-01-02 15:30:30.922972,9.509723819407531,61.01782470601016,55.06469143483628,1
189,2026-01-02 15:30:37.117102,9.568700375696038,61.07379653491413,54.64409487331068,1
190,2026-01-02 15:30:43.196681,9.627226453149184,61.12936768847712,54.22776025341136,1
191,2026-01-02 15:30:49.296880,9.685306618566806,61.184541382069064,53.81558037470313,1
192,2026-01-02 15:30:55.595787,9.742945319640095,61.22967520682892,52.0105771119006,1
193,2026-01-02 15:31:01.830734,9.798650790124686,61.28275261099984,51.624412171236145,1
194,2026-01-02 15:31:07.898796,9.853942661163948,61.335455854772825,51.241619698316754,1
195,2026-01-02 15:31:14.060283,9.908824546430171,61.38778749666062,50.86210697925253,1
196,2026-01-02 15:31:20.152918,9.963299957307362,61.439750268652176,50.48581317055323,1
197,2026-01-02 15:31:26.363445,10.017372344265643,61.49134666540379,50.112662942183306,1
198,2026-01-02 15:31:32.581129,10.07104506628819,63.269385573889174,0.0,0
199,2026-01-02 15:31:38.859253,10.071045073161383,63.321113706774554,0.0,0
200,2026-01-02 15:31:45.066737,10.071045079099514,67.81513814353772,0.0,0
201,2026-01-02 15:31:51.268811,10.071045101638518,6.320695433714718e-11,0.0,0
202,2026-01-02 15:31:57.327724,10.071044881619313,60.95053423582879,-78.96944396065919,1
203,2026-01-02 15:32:03.490831,9.986465353792061,60.8662223686666,-78.94197747077669,1
204,2026-01-02 15:32:09.832732,9.901915244889022,60.55975288388579,-99.47454039320291,1
205,2026-01-02 15:32:16.237983,9.795373914471579,60.454216351174935,-99.38980279514453,1
206,2026-01-02 15:32:22.424414,9.688923343484294,60.34871485192925,-99.30970958350827,1
207,2026-01-02 15:32:28.557617,9.582558556855819,60.24324667649313,-99.2339913085516,1
208,2026-01-02 15:32:34.809716,9.476274866795372,60.13781004443248,-99.16241328824071,1
209,2026-01-02 15:32:40.952228,9.370067839624236,60.03240341763262,-99.09474084054182,1
210,2026-01-02 15:32:47.044862,9.263933295797225,59.92702522408707,-99.0307537699664,1
211,2026-01-02 15:32:53.158969,9.157867284839384,59.8216740035185,-98.97024347026218,1
212,2026-01-02 15:32:59.316588,9.051866075587608,59.71634833774796,-98.91303900019466,1
213,2026-01-02 15:33:05.494276,8.945926140918852,59.61104700580287,-98.85892885620251,1
214,2026-01-02 15:33:11.675636,8.840044157833553,59.505768676160876,-98.80775948090559,1
215,2026-01-02 15:33:17.848618,8.734216979550697,59.40051212007948,-98.75936862499657,1
216,2026-01-02 15:33:24.105000,8.62844162938248,59.42406760439065,-87.2110105211732,1
217,2026-01-02 15:33:30.349164,8.535035044399761,59.33071485242307,-87.20593153839218,1
218,2026-01-02 15:33:36.572697,8.441633902359188,59.23736449910861,-87.20114518382616,1
219,2026-01-02 15:33:42.750208,8.348237890242684,59.14401619520825,-87.19664566285701,1
220,2026-01-02 15:33:49.016042,8.25484669712143,59.05066998693962,-87.19239820777602,1
221,2026-01-02 15:33:55.311766,8.161460048101642,58.95732559764394,-87.1884173051285,1
222,2026-01-02 15:34:01.459580,8.068077668078745,58.863983015115465,-87.18465949527854,1
223,2026-01-02 15:34:07.547168,7.974699308473998,58.770642073029826,-87.18113057284427,1
224,2026-01-02 15:34:13.769081,7.881324728992034,58.677302715202785,-87.17780735935321,1
225,2026-01-02 15:34:19.813583,7.787953707913117,58.58396482982796,-87.17468116287819,1
226,2026-01-02 15:34:26.082961,7.6945860346011905,58.49062830896127,-87.17174039418296,1
227,2026-01-02 15:34:32.359702,7.60122150877659,58.39729310677639,-87.16897925864941,1
228,2026-01-02 15:34:38.505744,7.507859945748107,58.28085804721417,-89.3230126519029,1
229,2026-01-02 15:34:44.774804,7.41219131680354,58.18530339490142,-89.31248093347222,1
230,2026-01-02 15:34:50.879843,7.316533966913554,58.089753393557075,-89.30256344456211,1
231,2026-01-02 15:34:56.831913,7.220887241793572,57.99420782138915,-89.2932167255367,1
232,2026-01-02 15:35:02.943102,7.125250529154133,57.89866626849321,-89.28442339254161,1
233,2026-01-02 15:35:09.031865,7.0296232365797255,57.8031286361661,-89.27613419132285,1
234,2026-01-02 15:35:15.055745,6.934004820383009,57.7075947095272,-89.26832594340794,1
235,2026-01-02 15:35:21.235938,6.838394769304997,57.61206423912731,-89.26096677839723,1
236,2026-01-02 15:35:27.328638,6.742792597897151,57.516537008097664,-89.2540364151273,1
237,2026-01-02 15:35:33.407869,6.647197847204917,57.42101284113519,-89.24750877781662,1
238,2026-01-02 15:35:39.545292,6.551610086273071,57.32549159019418,-89.24136358530177,1
239,2026-01-02 15:35:45.796560,6.456028912084524,57.22997304409304,-89.2355689671831,1
240,2026-01-02 15:35:51.810739,6.360453940551747,57.309511278736714,-71.53035378223649,1
241,2026-01-02 15:35:57.980775,6.283841985621246,57.23219339483935,-71.60912871825076,1
242,2026-01-02 15:36:04.114964,6.207145656645644,57.15483797246928,-71.68261316792268,1
243,2026-01-02 15:36:10.525856,6.130370622831015,57.077448234424935,-71.75112004063067,1
244,2026-01-02 15:36:16.655063,6.053522216913457,57.00002573478421,-71.81502598655243,1
245,2026-01-02 15:36:22.827013,5.976605371820924,57.76334217202682,86.48827677632198,1
246,2026-01-02 15:36:28.855802,6.06923787936497,57.8470947107014,85.64141651675072,1
247,2026-01-02 15:36:34.911836,6.160963362650977,57.93020013442552,84.81246452447522,1
248,2026-01-02 15:36:41.021690,6.2518010025723925,58.01266466419073,84.00059506641355,1
249,2026-01-02 15:36:46.990680,6.341769097589754,58.09449469664191,83.20506063682842,1
250,2026-01-02 15:36:53.013819,6.430885140100844,58.1756965943972,82.4251427030731,1
251,2026-01-02 15:36:59.167406,6.51916586382565,58.25627671758501,81.66018937060926,1
252,2026-01-02 15:37:05.391624,6.6066272925912495,58.44412753996678,91.20018208875535,1
253,2026-01-02 15:37:11.555859,6.704306443551501,58.532910671941714,90.3896019332251,1
254,2026-01-02 15:37:17.509265,6.801117423438843,58.62103154728606,89.59174675908343,1
255,2026-01-02 15:37:23.538991,6.897073875317452,58.7084961830571,88.80621673768019,1
256,2026-01-02 15:37:29.708698,6.99218898723611,58.795310659002645,88.03259755381987,1
257,2026-01-02 15:37:35.839231,7.08647552691805,58.88148068551516,87.27050386539759,1
258,2026-01-02 15:37:41.879228,7.179945830368497,58.96701212590694,86.51956481685374,1
259,2026-01-02 15:37:47.875977,7.272611844751234,59.05191085660453,85.77943273110122,1
260,2026-01-02 15:37:54.091297,7.364485154553868,59.13618238952979,85.0497744175982,1
261,2026-01-02 15:38:00.242518,7.455576967420971,59.219832466973195,84.33027406965721,1
262,2026-01-02 15:38:06.226270,7.54589816310915,59.30286661126418,83.6206216752089,1
263,2026-01-02 15:38:12.348607,7.635459292292178,59.385290368303025,82.92053329796545,1
264,2026-01-02 15:38:18.427722,7.724270601417449,59.33917287730078,68.57085688125153,1
265,2026-01-02 15:38:24.599924,7.797712816902252,59.407857740904994,68.01825312436449,1
266,2026-01-02 15:38:30.591253,7.870563165113768,59.47604506787133,67.4729563809251,1
267,2026-01-02 15:38:36.673879,7.942829484647227,59.54374018565029,66.93473776351766,1
268,2026-01-02 15:38:42.784646,8.014519345644299,59.610947808412895,66.40338576858085,1
269,2026-01-02 15:38:48.968471,8.085640106238262,59.67767241919555,65.87869468717145,1
270,2026-01-02 15:38:55.171690,8.15619890261009,59.74391836950181,65.36046460496436,1
271,2026-01-02 15:39:01.448303,8.226202653016463,59.80969007175868,64.84851878610698,1
272,2026-01-02 15:39:07.647866,8.29565808661529,59.87499169450626,64.34266311089232,1
273,2026-01-02 15:39:13.823601,8.364571729753763,59.939827402509295,63.842735330013056,1
274,2026-01-02 15:39:20.062605,8.432949925373217,60.00420134334072,63.348564502234694,1
275,2026-01-02 15:39:26.165724,8.5007988488481,60.06811745230304,62.85999996748615,1
276,2026-01-02 15:39:32.285854,8.568124496318807,60.12652634957955,61.74011178870842,1
277,2026-01-02 15:39:38.291377,8.634250698252718,60.18894653615507,61.269536645909284,1
278,2026-01-02 15:39:44.633529,8.699872896075272,60.250925988727644,60.80397964240092,1
279,2026-01-02 15:39:50.772052,8.764996459358867,60.31246832630357,60.343298810039414,1
280,2026-01-02 15:39:56.793507,8.82962661770718,60.37357706074464,59.88736666722616,1
281,2026-01-02 15:40:02.928118,8.893768460768737,60.434255615740234,59.436070218907844,1
282,2026-01-02 15:40:08.955670,8.957426940973743,60.49450753059669,58.98929357272209,1
283,2026-01-02 15:40:15.171778,9.020606904772135,60.55433610824114,58.54691793899747,1
284,2026-01-02 15:40:21.318754,9.08331307060192,60.613744536903305,58.10883901460784,1
285,2026-01-02 15:40:27.447706,9.145550026722445,60.67273621027,57.67494959911801,1
286,2026-01-02 15:40:33.664376,9.207322275350357,60.731314169008954,57.24515408132902,1
287,2026-01-02 15:40:39.781618,9.268634191156666,60.789481614311455,56.819353952732854,1
288,2026-01-02 15:40:45.834899,9.329490059239593,60.89036683822194,62.05267638733858,1
289,2026-01-02 15:40:52.030604,9.395951030808266,60.95298654246174,61.566977291249714,1
290,2026-01-02 15:40:58.060592,9.461891797432445,61.01515286399767,61.086522324558246,1
291,2026-01-02 15:41:04.214172,9.527317984147714,61.076869406818176,60.611172416429326,1
292,2026-01-02 15:41:10.490922,9.592235043210177,61.13813999695606,60.14079429064623,1
293,2026-01-02 15:41:16.513470,9.656648307451658,61.1989682151247,59.675260465610336,1
294,2026-01-02 15:41:22.526622,9.720562968573752,61.2593575769751,59.21445215165022,1
295,2026-01-02 15:41:28.523416,9.783984083162872,61.31931163480926,58.75825635371257,1
296,2026-01-02 15:41:34.950162,9.846916592518442,61.37883376406003,58.306554282125944,1
297,2026-01-02 15:41:41.025956,9.909365310002258,61.437927333233965,57.859235839146095,1
298,2026-01-02 15:41:47.136208,9.971334934195562,61.49659563366405,57.416202516265,1
299,2026-01-02 15:41:53.309743,10.032830050532834,61.55484195969108,56.97735580497465,1
300,2026-01-02 15:41:59.406638,10.093855144453007,65.51370303205258,0.0,0
301,2026-01-02 15:42:05.492246,10.093855158945173,60.447495178635975,0.0,0
302,2026-01-02 15:42:11.608260,10.093855155476517,3.608936253840511e-10,0.0,0
303,2026-01-02 15:42:17.760106,10.093854935511905,61.2578693194473,-42.33962602427255,1
304,2026-01-02 15:42:23.934618,10.048507450320509,61.21614384979622,-41.703385646769675,1
305,2026-01-02 15:42:30.283834,10.003841409361586,61.174526478369835,-41.16136865718545,1
306,2026-01-02 15:42:36.469591,9.95975588496132,60.259417452684296,0.0,0
307,2026-01-02 15:42:42.692695,9.959755881487647,61.102999127975266,-45.84199462101424,1
308,2026-01-02 15:42:48.988897,9.910657215723557,61.060995941502036,-44.67192794663788,1
309,2026-01-02 15:42:55.196963,9.862811741747812,61.01898796218617,-43.68935773072735,1
310,2026-01-02 15:43:01.168557,9.816018636539871,60.97706206192779,-42.85549190228721,1
311,2026-01-02 15:43:07.436223,9.770118643631292,60.935258171072256,-42.14286397143496,1
312,2026-01-02 15:43:13.729856,9.724981903883208,60.511005354838325,-88.11254590000317,1
313,2026-01-02 15:43:19.994191,9.630609740378214,60.41967427007324,-87.82788528492347,1
314,2026-01-02 15:43:26.265763,9.536542461902156,60.32843830888827,-87.56214699531029,1
315,2026-01-02 15:43:32.374784,9.44275979419258,60.23729311757126,-87.31398957706915,1
316,2026-01-02 15:43:38.624050,9.349242915546887,60.146234561909345,-87.08214690614113,1
317,2026-01-02 15:43:44.673681,9.255974352784662,60.05525841629094,-86.86547164813874,1
318,2026-01-02 15:43:50.733494,9.162937856312166,59.96436060719004,-86.66291497718248,1
319,2026-01-02 15:43:56.969393,9.070118309301414,59.87353703821972,-86.47350339742843,1
320,2026-01-02 15:44:03.037084,8.977501625725958,59.782784095283525,-86.29632715383195,1
321,2026-01-02 15:44:09.263548,8.885074707874619,59.692097904033055,-86.13055761600208,1
322,2026-01-02 15:44:15.286652,8.792825330780863,59.60147496991608,-85.97542989434714,1
323,2026-01-02 15:44:21.459354,8.700742101872494,59.5109119724571,-85.83022255891137,1
324,2026-01-02 15:44:27.604179,8.608814402456398,59.73338743910552,-48.80587225329691,1
325,2026-01-02 15:44:33.700164,8.556541305723092,59.68112635712758,-48.80401218088082,1
326,2026-01-02 15:44:39.781738,8.50427019881649,59.628866125697606,-48.8023317416264,1
327,2026-01-02 15:44:45.865825,8.452000893140339,59.576606614799424,-48.80081934629743,1
328,2026-01-02 15:44:52.008207,8.399733209750927,59.524347774512535,-48.799446021803305,1
329,2026-01-02 15:44:58.154545,8.347466991060747,59.472089554900954,-48.79821176814403,1
330,2026-01-02 15:45:04.320102,8.29520209730229,59.4198318867476,-48.797093406847125,1
331,2026-01-02 15:45:10.500405,8.242938400385215,59.367574709606146,-48.796085143294476,1
332,2026-01-02 15:45:16.785752,8.190675783416527,59.315317970898526,-48.795175388249845,1
333,2026-01-02 15:45:22.912866,8.138414140150621,59.26306164412883,-48.79435544978605,1
334,2026-01-02 15:45:29.286898,8.086153377547243,59.21080570811524,-48.793605046739685,1
335,2026-01-02 15:45:35.614837,8.033893414465554,59.15855010257701,-48.79293287103792,1
336,2026-01-02 15:45:41.652758,7.981634173217229,58.99757492171435,-63.69542454820021,1
337,2026-01-02 15:45:47.780895,7.913413750949236,58.929931823022514,-63.62423766461234,1
338,2026-01-02 15:45:53.904914,7.845269572256586,58.86231850439307,-63.558723712162646,1
339,2026-01-02 15:45:59.954506,7.777195565186473,58.79473299393327,-63.49840173754728,1
340,2026-01-02 15:46:06.159697,7.709186158288792,58.72717255634119,-63.442903782515714,1
341,2026-01-02 15:46:12.256249,7.641236198545315,58.65963565028775,-63.391801045327156,1
342,2026-01-02 15:46:18.351554,7.573340969291772,58.59212052741756,-63.34474584889449,1
343,2026-01-02 15:46:24.498943,7.505496137921023,58.52462547172382,-63.30141948922119,1
344,2026-01-02 15:46:30.583351,7.437697710911372,58.45714902277431,-63.26151485154696,1
345,2026-01-02 15:46:36.646724,7.369942024132752,58.38968971041403,-63.224759588820234,1
346,2026-01-02 15:46:42.974178,7.302225699056073,58.32224624299927,-63.19091322438908,1
347,2026-01-02 15:46:49.018561,7.234545629517804,58.25481750314874,-63.159717897747214,1
348,2026-01-02 15:46:55.212621,7.166898969554745,58.16781492719033,-65.5248115640461,1
349,2026-01-02 15:47:01.304253,7.096719199343596,58.09794203983731,-65.48788825739393,1
350,2026-01-02 15:47:07.490455,7.026578972381611,58.02808491888376,-65.45380721092897,1
351,2026-01-02 15:47:13.714637,6.9564752519245605,57.958242549528585,-65.42232505069023,1
352,2026-01-02 15:47:16.519612,6.886405246957838,57.88841381271969,-65.3932505542798,1
353,2026-01-02 15:47:19.280494,6.816366378880547,57.81859775805594,-65.36639539660882,1
354,2026-01-02 15:47:22.342356,6.746356276417001,57.74879334466174,-65.34159443106091,1
355,2026-01-02 15:47:25.154915,6.6763727376686015,57.678999747513345,-65.31868251101969,1
356,2026-01-02 15:47:28.178773,6.6064137365053766,57.609216134525845,-65.2975205656503,1
357,2026-01-02 15:47:30.971664,6.536477399314357,57.53944180982922,-65.2779695241179,1
358,2026-01-02 15:47:33.111073,6.466562003187634,57.46967604164505,-65.25991059675107,1
359,2026-01-02 15:47:35.885417,6.396665952066294,57.399918237177715,-65.24321919926024,1
360,2026-01-02 15:47:38.720295,6.326787778519432,56.88183691493108,-107.84089405490249,1
361,2026-01-02 15:47:41.319555,6.211285738860812,57.716991394247685,54.729635025978496,1
362,2026-01-02 15:47:44.504673,6.269903433063346,57.771204287628244,54.108857586925296,1
363,2026-01-02 15:47:47.526733,6.3278562474507725,57.82495198943008,53.51050531999135,1
364,2026-01-02 15:47:50.213657,6.385168203334965,57.878242313415456,52.932883299376954,1
365,2026-01-02 15:47:52.885854,6.4418614987858955,57.931083095353465,52.37446464320783,1
366,2026-01-02 15:47:55.402887,6.497956707020939,57.98348214619438,51.83390500008045,1
367,2026-01-02 15:47:57.899625,6.553472949905475,58.035447199625175,51.309973013644594,1
368,2026-01-02 15:48:00.577287,6.608428047753495,58.086985725237525,50.801576398384896,1
369,2026-01-02 15:48:02.929630,6.6628386255033165,58.13810515202785,50.307701096130586,1
370,2026-01-02 15:48:05.581021,6.716720245534042,58.18881261561581,49.82744314645515,1
371,2026-01-02 15:48:08.267539,6.770087486016909,58.23911508926419,49.35995943242233,1
372,2026-01-02 15:48:10.701122,6.8229540334397765,58.142636668807725,17.193677886666592,1
373,2026-01-02 15:48:13.317891,6.841369169612242,58.161215979249334,17.25533262344925,1
374,2026-01-02 15:48:15.924465,6.8598503423833765,58.17981038625757,17.297755022696037,1
375,2026-01-02 15:48:18.918131,6.878376944991675,58.198403144800245,17.322489350135584,1
376,2026-01-02 15:48:21.470889,6.896930045633226,58.21697919915827,17.331074076878394,1
377,2026-01-02 15:48:24.431242,6.915492332589078,58.23552529248936,17.325015803635324,1
378,2026-01-02 15:48:27.284152,6.9340481390570305,58.25402962817711,17.305774774172278,1
379,2026-01-02 15:48:30.313773,6.952583334782383,58.27248195647181,17.274750388764915,1
380,2026-01-02 15:48:33.641491,6.971085306343783,58.290871076625635,17.23247864958921,1
381,2026-01-02 15:48:36.789290,6.989541997601286,58.30919339219946,17.181987244612174,1
382,2026-01-02 15:48:39.691330,7.0079446122291,58.327440423214426,17.12336599041464,1
383,2026-01-02 15:48:42.526623,7.0262844460686855,57.07069120490421,-143.1682701633008,1
384,2026-01-02 15:48:45.239198,6.872945329747979,57.60901060995466,-92.68173846010086,1
385,2026-01-02 15:48:47.863363,6.773679372696717,57.511460693098144,-92.52797826832193,1
386,2026-01-02 15:48:50.462305,6.6745780926176925,57.41397035144612,-92.38344600589699,1
387,2026-01-02 15:48:53.431562,6.575631616037539,57.3165363778447,-92.24756800563227,1
388,2026-01-02 15:48:56.286975,6.476830671834072,57.21915580428879,-92.11981116266088,1
389,2026-01-02 15:48:59.063892,6.37816656156177,57.121826081420444,-91.99965106404306,1
390,2026-01-02 15:49:01.682636,6.279631149334253,57.024544372759216,-91.88662993494745,1
391,2026-01-02 15:49:04.408550,6.181216784038724,56.927308048894325,-91.78032476825138,1
392,2026-01-02 15:49:06.863646,6.082916276095005,56.83011482058466,-91.68030965952312,1
393,2026-01-02 15:49:09.447394,5.984722888928989,56.73296239462406,-91.58619926665779,1
394,2026-01-02 15:49:11.937357,5.886630297620846,57.51968415299562,70.64492454446736,1
395,2026-01-02 15:49:14.661106,5.9622939227129,57.58905029480905,69.9312564796628,1
396,2026-01-02 15:49:17.672378,6.037193179533774,57.69212001789343,73.07740092755921,1
397,2026-01-02 15:49:20.490410,6.1154620857832995,57.76399261701743,72.37328818803235,1
398,2026-01-02 15:49:23.439667,6.1929768539788155,57.83530503204293,71.68490204207956,1
399,2026-01-02 15:49:26.492577,6.269754333951012,57.906064102094184,71.01149788127259,1
400,2026-01-02 15:49:29.252955,6.3458105786028245,57.97627632971081,70.35237165951003,1
401,2026-01-02 15:49:31.999231,6.42116086627693,58.04594840778187,69.70685989301728,1
402,2026-01-02 15:49:34.975415,6.495819786514599,58.115086748103415,69.07435124958283,1
403,2026-01-02 15:49:37.801762,6.569801261717212,58.18369782615009,68.45427206201293,1
404,2026-01-02 15:49:40.478762,6.643118610781591,58.251787871505066,67.84609212274972,1
405,2026-01-02 15:49:43.361472,6.715784569439219,58.31936314079013,67.24930440270782,1
406,2026-01-02 15:49:46.057275,6.787811344033826,58.386429610409515,66.66343084589244,1
407,2026-01-02 15:49:48.950798,6.859210622247936,58.45299331562394,66.0880339586356,1
408,2026-01-02 15:49:51.663514,6.929993626910284,58.45509302283938,57.39449877410152,1
409,2026-01-02 15:49:53.966131,6.991465501343385,58.51305050796743,56.91947626189631,1
410,2026-01-02 15:49:56.892831,7.052428603256557,58.57058297134236,56.452508268876045,1
411,2026-01-02 15:49:59.954525,7.112891565727507,57.77193477583769,-99.3728622290746,1
412,2026-01-02 15:50:02.766275,7.006459140520124,57.668814606012496,-99.09303722281493,1
413,2026-01-02 15:50:05.861208,6.9003264192418285,57.56578958082488,-98.82990071673703,1
414,2026-01-02 15:50:08.378542,6.794475522504471,57.46285516556605,-98.58242126881578,1
415,2026-01-02 15:50:11.373707,6.6888896925601244,57.36000732743614,-98.3495993074257,1
416,2026-01-02 15:50:14.288641,6.583553224231011,57.25724245234746,-98.13049900174065,1
417,2026-01-02 15:50:17.286303,6.4784514217184785,57.154556673659634,-97.92426854289715,1
418,2026-01-02 15:50:20.354913,6.373570496273333,57.051946575805005,-97.73009668435861,1
419,2026-01-02 15:50:23.797094,6.268897535721678,56.94940860670824,-97.5472446123149,1
420,2026-01-02 15:50:26.791214,6.164420421628166,57.16693773499227,-65.33191162418461,1
421,2026-01-02 15:50:29.675132,6.094447252471879,57.09786459522718,-65.22328281562295,1
422,2026-01-02 15:50:32.277700,6.024590430259471,57.02883522889165,-65.12327639882187,1
423,2026-01-02 15:50:35.376971,5.95484071925592,56.95984651240809,-65.03118832767996,1
424,2026-01-02 15:50:37.861518,5.8851896401335635,57.74897562984867,93.56022574536382,1
425,2026-01-02 15:50:41.483580,5.985396494604893,57.839912191072905,92.73374226040687,1
426,2026-01-02 15:50:45.270327,6.0847181514192945,57.930179707380645,91.9204270451246,1
427,2026-01-02 15:50:48.490989,6.18316871551615,58.01978396569655,91.11981363275845,1
428,2026-01-02 15:50:51.439127,6.280761792953796,58.10873104881092,90.33150219465824,1
429,2026-01-02 15:50:54.254607,6.377510551646495,58.1970267550359,89.55507262101037,1
430,2026-01-02 15:50:56.856459,6.4734277194015135,58.28467690405764,88.79013667240088,1
431,2026-01-02 15:50:59.517870,6.56852561294578,58.371687299396655,88.03634087712453,1
432,2026-01-02 15:51:02.539119,6.662816161779882,58.096622710247566,43.686428551268364,1
433,2026-01-02 15:51:05.407474,6.70960613000332,58.14167001269483,43.389419604977775,1
434,2026-01-02 15:51:08.038932,6.7560779890341385,58.186425362459836,43.09516889691167,1
435,2026-01-02 15:51:10.573708,6.802234689370766,58.2308909980113,42.80359240510734,1
436,2026-01-02 15:51:13.468236,6.84807909951001,58.275069073450766,42.514617696838286,1
437,2026-01-02 15:51:16.055726,6.893614003249722,58.318961728964446,42.228163647450856,1
438,2026-01-02 15:51:18.683984,6.9388421106167435,58.36257098890494,41.94417520807292,1
439,2026-01-02 15:51:21.579857,6.983766047883736,58.40589888649924,41.6625654594327,1
440,2026-01-02 15:51:23.974048,7.02838837285742,58.44894743719306,41.3832909418943,1
441,2026-01-02 15:51:26.714105,7.072711582646842,57.52502723311954,-115.68326357860315,1
442,2026-01-02 15:51:29.640146,6.9488100365335495,57.40466091141267,-115.4209643948434,1
443,2026-01-02 15:51:32.072532,6.825189426570373,57.284385336282014,-115.17230863944405,1
444,2026-01-02 15:51:34.603377,6.70183514059421,57.7183731303394,-63.6217894384572,1
445,2026-01-02 15:51:37.022977,6.63369358726837,57.65205465713914,-63.39653524833011,1
446,2026-01-02 15:51:39.813391,6.565793289855923,57.585816410352656,-63.190582931156314,1
447,2026-01-02 15:51:42.816705,6.498113571010723,57.519653046876364,-63.00219410150021,1
448,2026-01-02 15:51:45.628354,6.430635630498088,57.45355944184238,-62.82977523937916,1
449,2026-01-02 15:51:48.557565,6.363342350628691,57.38753095194397,-62.671900868735975,1
450,2026-01-02 15:51:51.793955,6.296218163094703,57.321562870916836,-62.527293276275486,1
451,2026-01-02 15:51:54.631087,6.229248855884217,57.25565102150329,-62.394773257210545,1
452,2026-01-02 15:51:57.202600,6.1624214810188835,57.18979122468054,-62.27331226682509,1
453,2026-01-02 15:52:00.215197,6.095724200193501,57.12397973759172,-62.16193101465706,1
454,2026-01-02 15:52:02.950345,6.0291462070843025,57.05821301446143,-62.05978058915207,1
455,2026-01-02 15:52:05.786561,5.9626776257386,56.99248772430911,-61.96606423031881,1
456,2026-01-02 15:52:08.758858,5.896309423080307,57.82702263492774,99.35228264282614,1
457,2026-01-02 15:52:11.153630,6.002719808601423,57.92324845878478,98.48964363811774,1
458,2026-01-02 15:52:13.328466,6.1082062719640104,58.018773973667095,97.63967746323488,1
459,2026-01-02 15:52:16.201268,6.212782382811119,58.113605085788436,96.80198718683641,1
460,2026-01-02 15:52:18.629963,6.3164612954232,58.20774749087836,95.97619615874464,1
461,2026-01-02 15:52:21.543025,6.41925575421718,58.301206895672436,95.16194800994526,1
462,2026-01-02 15:52:24.135514,6.521178117605735,58.3939889993274,94.3588921660421,1
463,2026-01-02 15:52:26.957736,6.622240379090679,58.486099372878904,93.56670702572956,1
464,2026-01-02 15:52:29.540747,6.722454175991807,58.577543653991505,92.78507678232017,1
465,2026-01-02 15:52:32.294776,6.821830816632534,58.66832737138893,92.0137059102899,1
466,2026-01-02 15:52:34.883509,6.920381289238509,58.75845593894441,91.2523046787328,1
467,2026-01-02 15:52:37.559739,7.018116269990956,58.84793480523441,90.50060363790635,1
468,2026-01-02 15:52:40.163304,7.115046145475829,57.83413856733417,-94.19094674910866,1
469,2026-01-02 15:52:42.619692,7.014163759439496,57.73737942362703,-93.82620740893799,1
470,2026-01-02 15:52:45.182075,6.913672025835713,57.64073077531323,-93.48517095418174,1
471,2026-01-02 15:52:48.031770,6.8135455591476495,57.54418850909453,-93.16614535634926,1
472,2026-01-02 15:52:50.652550,6.713760779736288,57.44774859455168,-92.86758634971193,1
473,2026-01-02 15:52:53.316758,6.614295773055392,57.35140689197621,-92.58805397166725,1
474,2026-01-02 15:52:56.192613,6.515130150465715,57.25515940468401,-92.32624443313853,1
475,2026-01-02 15:52:58.950350,6.416244943059895,57.159001878390484,-92.0809437616299,1
476,2026-01-02 15:53:01.900441,6.317622463342839,57.06293031356123,-91.8510306985354,1
477,2026-01-02 15:53:04.668608,6.219246226102837,56.96694082892654,-91.6354738018299,1
478,2026-01-02 15:53:07.461559,6.121100861066594,56.87102934272266,-91.43332565145101,1
479,2026-01-02 15:53:10.380102,6.023172000643194,56.77519229462215,-91.24369967082657,1
480,2026-01-02 15:53:13.202134,5.925446246320233,56.7385594200388,-85.5484737394363,1
481,2026-01-02 15:53:16.172881,5.833820304258534,57.519258861978514,76.3597246958625,1
482,2026-01-02 15:53:18.681080,5.915604713795035,57.59448442172641,75.66439659740354,1
483,2026-01-02 15:53:21.176980,5.996644401179306,57.6691420749222,74.98255257530673,1
484,2026-01-02 15:53:23.788264,6.07695380417181,57.74323817269655,74.31361896237831,1
485,2026-01-02 15:53:26.451941,6.156546753153749,57.816778904386304,73.65705975644232,1
486,2026-01-02 15:53:28.857201,6.235436500400062,57.889770497693405,73.01238531226772,1
487,2026-01-02 15:53:31.443047,6.313635769689336,57.962218990572254,72.37910888193255,1
488,2026-01-02 15:53:34.103409,6.3911567756225445,58.03413045389829,71.75680166369602,1
489,2026-01-02 15:53:36.363395,6.4680112685584055,58.10551064259776,71.14503775312642,1
490,2026-01-02 15:53:38.944591,6.544210534495574,58.17636542665199,70.54342311619166,1
491,2026-01-02 15:53:41.668281,6.619765447653913,58.246700423620496,69.95158689733216,1
492,2026-01-02 15:53:44.392828,6.694686474277672,58.164700033985696,49.51075857434262,1
493,2026-01-02 15:53:47.011213,6.747714537474517,58.21535838364531,49.14764462455423,1
494,2026-01-02 15:53:49.623227,6.8003536911430045,58.26567232929673,48.789120012315834,1
495,2026-01-02 15:53:52.589497,6.852608844993977,58.31564523302786,48.43501379639292,1
496,2026-01-02 15:53:55.598730,6.90448474088168,58.36528028504875,48.08517531671441,1
497,2026-01-02 15:53:58.082956,6.9559859469559555,58.41458064813514,47.739459707827336,1
498,2026-01-02 15:54:00.927701,7.007116877113929,58.46354936849369,47.39772789889685,1
499,2026-01-02 15:54:03.668928,7.057881792726654,57.593514817521225,-109.35970982075105,1
