iteration,timestamp,P79,ScadaCommand_P79,ScadaCommand_P1,ScadaCommand_V1,ScadaCommand_V2,T41,T42,P1,J2,J13,V1F,V2F
0.0,2025-01-14 16:13:57.271013,1.0,1,1,0.0,0.0,3.0510001182556152,3.0510001182556152,1.0,0.0,0.0,0.0,0.0
1.0,2025-01-14 16:14:08.216243,1.0,1,1,,,3.5967936515808105,3.0510001182556152,1.0,54.79847717285156,54.351531982421875,560.40625,-628.8280639648438
2.0,2025-01-14 16:14:18.935272,1.0,1,1,,,4.1218719482421875,4.313260555267334,1.0,55.31480407714844,55.00094985961914,541.0648803710938,-594.50146484375
3.0,2025-01-14 16:14:29.143055,1.0,1,1,,,4.627288341522217,4.313260555267334,1.0,55.81275939941406,55.61268997192383,522.7076416015625,-561.0997314453125
4.0,2025-01-14 16:14:39.466088,1.0,1,1,,,5.114263534545898,4.889549732208252,1.0,56.293487548828125,56.188499450683594,505.4891662597656,-528.890869140625
5.0,2025-01-14 16:14:49.897209,1.0,1,1,,,5.584712028503418,5.939116477966309,1.0,56.75896072387695,56.72981262207031,490.05841064453125,-497.19390869140625
6.0,2025-01-14 16:15:00.611296,1.0,1,1,,,6.044761657714844,5.939116477966309,1.0,57.216182708740234,57.237152099609375,480.3497619628906,-461.75079345703125
7.0,2025-01-14 16:15:11.336082,1.0,1,1,,,6.486586570739746,6.408962726593018,1.0,57.653621673583984,57.70668029785156,463.33349609375,-436.3111572265625
8.0,2025-01-14 16:15:21.920881,1.0,1,1,,,6.910257339477539,7.27122163772583,1.0,58.07364273071289,58.14902114868164,446.3838195800781,-414.894775390625
9.0,2025-01-14 16:15:32.522438,1.0,1,1,,,7.3163909912109375,7.27122163772583,1.0,58.4769401550293,58.56846237182617,430.0099182128906,-395.4707336425781
10.0,2025-01-14 16:15:43.123030,1.0,1,0,,,7.705353260040283,8.049497604370117,1.0,58.86378479003906,58.96711730957031,413.9773254394531,-377.3255615234375
11.0,2025-01-14 16:15:52.615588,1.0,0,0,,,7.669405460357666,8.39883041381836,1.0,59.00032043457031,59.346248626708984,17.25150489807129,-349.234130859375
12.0,2025-01-14 16:16:03.516239,0.0,0,0,,,7.646300792694092,8.320475578308105,0.0,58.9647102355957,59.693721771240234,29.242523193359375,49.96467590332031
13.0,2025-01-14 16:16:13.753960,0.0,0,0,,,7.642075538635254,8.320475578308105,0.0,58.9647102355957,59.693721771240234,30.02464485168457,43.9232177734375
14.0,2025-01-14 16:16:24.131057,0.0,0,0,,,7.636048793792725,8.195075035095215,0.0,58.9377326965332,59.55180358886719,28.34290885925293,42.2564582824707
15.0,2025-01-14 16:16:33.877922,0.0,0,0,,,7.628255844116211,8.195075035095215,0.0,58.931583404541016,59.49000930786133,26.6935977935791,40.60829544067383
16.0,2025-01-14 16:16:43.857536,0.0,0,0,,,7.618732929229736,8.135042190551758,0.0,58.923683166503906,59.42997741699219,25.078493118286133,38.99333190917969
17.0,2025-01-14 16:16:53.745027,0.0,0,0,,,7.607519149780273,8.020126342773438,0.0,58.914066314697266,59.37167739868164,23.499528884887695,37.414493560791016
18.0,2025-01-14 16:17:03.876777,0.0,0,0,,,7.594654560089111,7.9651641845703125,0.0,58.90277099609375,59.315067291259766,21.958784103393555,35.87388229370117
19.0,2025-01-14 16:17:14.085184,0.0,0,0,,,7.580183506011963,7.911808967590332,0.0,58.889835357666016,59.260108947753906,20.458518981933594,34.37374496459961
20.0,2025-01-14 16:17:23.799442,0.0,0,0,,,7.564151763916016,7.86001443862915,0.0,58.87530517578125,59.206756591796875,19.001258850097656,32.9166145324707
21.0,2025-01-14 16:17:34.735104,0.0,0,0,,,7.546607971191406,7.86001443862915,0.0,58.85922622680664,59.154964447021484,17.58964729309082,31.5051326751709
22.0,2025-01-14 16:17:45.973385,0.0,0,0,,,7.527604103088379,7.760909080505371,0.0,58.84164810180664,59.10468673706055,16.2265682220459,30.142175674438477
23.0,2025-01-14 16:17:57.259756,0.0,0,0,,,7.507195949554443,7.760909080505371,0.0,58.82261657714844,59.05586624145508,14.915115356445312,28.830846786499023
24.0,2025-01-14 16:18:08.500885,0.0,0,0,,,7.4854416847229,7.667418956756592,0.0,58.80219268798828,59.00844955444336,13.65856647491455,27.574417114257812
25.0,2025-01-14 16:18:19.562730,0.0,0,0,,,7.452850818634033,7.61651086807251,0.0,58.780372619628906,58.96236801147461,11.389872550964355,28.522228240966797
26.0,2025-01-14 16:18:30.313057,0.0,0,0,,,7.419240951538086,7.566621780395508,0.0,58.74775695800781,58.91146469116211,10.43903923034668,27.571487426757812
27.0,2025-01-14 16:18:41.351091,0.0,0,0,,,7.384681701660156,7.51768159866333,0.0,58.71411895751953,58.861576080322266,9.552303314208984,26.684831619262695
28.0,2025-01-14 16:18:52.330562,0.0,0,0,,,7.3492431640625,7.469621658325195,0.0,58.67953109741211,58.81263732910156,8.731096267700195,25.86370086669922
29.0,2025-01-14 16:19:02.833742,0.0,0,0,,,7.312995910644531,7.469621658325195,0.0,58.644065856933594,58.76457977294922,7.97632360458374,25.109010696411133
30.0,2025-01-14 16:19:13.468972,0.0,0,0,,,7.276011943817139,7.375854969024658,0.0,58.6077880859375,58.71732711791992,7.288270950317383,24.421031951904297
31.0,2025-01-14 16:19:24.363486,0.0,0,0,,,7.238361835479736,7.330005645751953,0.0,58.570777893066406,58.670814514160156,6.666476249694824,23.799293518066406
32.0,2025-01-14 16:19:35.274183,0.0,0,0,,,7.200115203857422,7.330005645751953,0.0,58.53310012817383,58.62496566772461,6.109631061553955,23.242507934570312
33.0,2025-01-14 16:19:46.227080,0.0,0,0,,,7.161339282989502,7.240029811859131,0.0,58.49483108520508,58.579715728759766,5.615607738494873,22.7485408782959
34.0,2025-01-14 16:19:57.528906,0.0,0,0,,,7.122098922729492,7.195771217346191,0.0,58.456031799316406,58.53499221801758,5.181454658508301,22.314430236816406
35.0,2025-01-14 16:20:08.816065,0.0,0,0,,,7.08245325088501,7.195771217346191,0.0,58.416770935058594,58.4907341003418,4.803483486175537,21.936500549316406
36.0,2025-01-14 16:20:19.125760,0.0,0,0,,,7.042458534240723,7.151917934417725,0.0,58.377105712890625,58.44688034057617,4.477420330047607,21.610469818115234
37.0,2025-01-14 16:20:30.384443,0.0,0,0,,,7.019024848937988,7.076038837432861,0.0,58.33739471435547,58.40339279174805,6.071305274963379,17.52176284790039
38.0,2025-01-14 16:20:41.400291,0.0,0,0,,,6.9947919845581055,7.044463157653809,0.0,58.313941955566406,58.37101745605469,5.325352668762207,16.77589988708496
39.0,2025-01-14 16:20:51.468124,0.0,0,0,,,6.969859600067139,7.01358699798584,0.0,58.28968811035156,58.33944320678711,4.671858787536621,16.122488021850586
40.0,2025-01-14 16:21:02.198235,0.0,0,0,,,6.944324970245361,7.01358699798584,0.0,58.26473617553711,58.30856704711914,4.110006809234619,15.560708045959473
41.0,2025-01-14 16:21:12.749169,0.0,0,0,,,6.918283462524414,6.983313083648682,0.0,58.23918533325195,58.27829360961914,3.6365807056427,15.087340354919434
42.0,2025-01-14 16:21:23.512932,0.0,0,0,,,6.8918232917785645,6.924197196960449,0.0,58.21312713623047,58.24852752685547,3.245823383331299,14.696635246276855
43.0,2025-01-14 16:21:34.602902,0.0,0,0,,,6.865025043487549,6.8951873779296875,0.0,58.1866569519043,58.219181060791016,2.9298198223114014,14.380677223205566
44.0,2025-01-14 16:21:44.781566,0.0,0,0,,,6.837957859039307,6.8951873779296875,0.0,58.159847259521484,58.19017028808594,2.6791648864746094,14.130040168762207
45.0,2025-01-14 16:21:54.926865,0.0,0,0,,,6.8106818199157715,6.837913513183594,0.0,58.132774353027344,58.16143035888672,2.4837934970855713,13.934700965881348
46.0,2025-01-14 16:22:06.001978,0.0,0,0,,,6.783245086669922,6.809541702270508,0.0,58.105491638183594,58.132896423339844,2.3338258266448975,13.784756660461426
47.0,2025-01-14 16:22:16.789739,0.0,0,0,,,6.755686283111572,6.809541702270508,0.0,58.07804870605469,58.10452651977539,2.2201759815216064,13.671120643615723
48.0,2025-01-14 16:22:27.968984,0.0,0,0,,,6.728036403656006,6.781291484832764,0.0,58.05048751831055,58.07627487182617,2.1349430084228516,13.585896492004395
49.0,2025-01-14 16:22:39.166925,0.0,0,0,,,6.67271614074707,6.7531328201293945,0.0,58.022037506103516,58.048091888427734,-0.9425497055053711,19.833415985107422
50.0,2025-01-14 16:22:49.179690,0.0,0,0,,,6.618544101715088,6.660129547119141,0.0,57.96681213378906,58.00216293334961,0.12984579801559448,20.905689239501953
51.0,2025-01-14 16:23:00.343775,0.0,0,0,,,6.565150260925293,6.660129547119141,0.0,57.91270446777344,57.95508575439453,0.856661856174469,21.632421493530273
52.0,2025-01-14 16:23:11.257221,0.0,0,0,,,6.51232385635376,6.612275123596191,0.0,57.85935592651367,57.907230377197266,1.3864173889160156,22.16212272644043
53.0,2025-01-14 16:23:21.976927,0.0,0,0,,,6.459928035736084,6.515000820159912,0.0,57.80656051635742,57.85880661010742,1.7881872653961182,22.5638427734375
54.0,2025-01-14 16:23:32.687141,0.0,0,0,,,6.407866954803467,6.515000820159912,0.0,57.75419235229492,57.80995559692383,2.1004650592803955,22.876089096069336
55.0,2025-01-14 16:23:43.634068,0.0,0,0,,,6.356069564819336,6.465814113616943,0.0,57.7021484375,57.76076889038086,2.347252130508423,23.12285041809082
56.0,2025-01-14 16:23:54.557553,0.0,0,0,,,6.304483890533447,6.366701126098633,0.0,57.650367736816406,57.7113151550293,2.544631242752075,23.32021141052246
57.0,2025-01-14 16:24:06.127216,0.0,0,0,,,6.253068923950195,6.316867828369141,0.0,57.650367736816406,57.7113151550293,2.7038934230804443,23.479454040527344
58.0,2025-01-14 16:24:16.866151,0.0,0,0,,,6.201792240142822,6.2668962478637695,0.0,57.54738998413086,57.611820220947266,2.833261251449585,23.608806610107422
59.0,2025-01-14 16:24:27.717547,0.0,0,0,,,6.150628566741943,6.216811656951904,0.0,57.49612045288086,57.56184768676758,2.9388883113861084,23.71442222595215
60.0,2025-01-14 16:24:38.765723,0.0,0,0,,,6.099557876586914,6.216811656951904,0.0,57.44496154785156,57.51176452636719,3.025491714477539,23.801023483276367
61.0,2025-01-14 16:24:49.696104,0.0,0,0,,,6.0137529373168945,6.166634559631348,0.0,57.39236831665039,57.46154022216797,-0.7077112197875977,31.82663917541504
62.0,2025-01-14 16:25:00.505301,0.0,0,0,,,5.929001808166504,6.020097732543945,0.0,57.30669403076172,57.3887939453125,0.2761888802051544,32.810447692871094
63.0,2025-01-14 16:25:11.840311,0.0,0,1,,,5.845077037811279,5.945476055145264,0.0,57.22203826904297,57.314998626708984,1.0480610132217407,33.582252502441406
64.0,2025-01-14 16:25:23.011123,0.0,0,1,,,6.236512184143066,5.945476055145264,0.0,57.41704177856445,57.240440368652344,444.8775329589844,4.8536763191223145
65.0,2025-01-14 16:25:33.622748,0.0,0,1,,,6.59416389465332,5.873825550079346,1.0,57.77080535888672,57.19661331176758,413.33502197265625,-10.123838424682617
66.0,2025-01-14 16:25:44.576976,0.0,0,1,,,6.926074981689453,5.873825550079346,1.0,57.77080535888672,57.19661331176758,389.3013610839844,-19.64613914489746
67.0,2025-01-14 16:25:55.181052,0.0,0,1,,,7.235739231109619,5.856224060058594,1.0,58.4112434387207,57.151222229003906,368.53076171875,-26.936832427978516
68.0,2025-01-14 16:26:06.095422,0.0,0,0,,,7.5254740715026855,5.843017578125,1.0,58.70204162597656,57.14142990112305,349.9228515625,-32.891204833984375
69.0,2025-01-14 16:26:16.335033,0.0,0,0,,,7.368285655975342,5.843017578125,1.0,58.80179977416992,57.13801574707031,-67.35612487792969,-34.8108024597168
70.0,2025-01-14 16:26:27.141934,0.0,0,0,,,7.214206218719482,5.841659069061279,0.0,58.645633697509766,57.13665771484375,-64.4537582397461,-31.9086971282959
71.0,2025-01-14 16:26:38.028836,0.0,0,0,,,7.063251972198486,5.8296003341674805,0.0,58.492557525634766,57.1321907043457,-61.53556823730469,-28.99077796936035
72.0,2025-01-14 16:26:49.073988,0.0,0,0,,,6.915443420410156,5.8296003341674805,0.0,58.34258270263672,57.12459945678711,-58.59862518310547,-26.054126739501953
73.0,2025-01-14 16:26:59.996143,0.0,0,0,,,6.765889644622803,5.801784038543701,0.0,58.195072174072266,57.11385726928711,-56.17808532714844,-21.974489212036133
74.0,2025-01-14 16:27:10.977550,0.0,0,0,,,6.619578838348389,5.801784038543701,0.0,58.04648971557617,57.09677505493164,-53.150360107421875,-18.94710922241211
75.0,2025-01-14 16:27:21.589207,0.0,0,0,,,6.4765496253967285,5.7814621925354,0.0,57.90113067626953,57.07645034790039,-50.08683776855469,-15.883952140808105
76.0,2025-01-14 16:27:32.119883,0.0,0,0,,,6.336848258972168,5.730928421020508,0.0,57.75904083251953,57.0528450012207,-46.97932434082031,-12.776845932006836
77.0,2025-01-14 16:27:42.310646,0.0,0,0,,,6.200533866882324,5.730928421020508,0.0,57.62025833129883,57.025909423828125,-43.816993713378906,-9.614980697631836
78.0,2025-01-14 16:27:53.623459,0.0,0,0,,,6.067681312561035,5.666831016540527,0.0,57.4848518371582,56.99558639526367,-40.58489227294922,-6.383435249328613
79.0,2025-01-14 16:28:04.217527,0.0,0,0,,,5.938387870788574,5.629491806030273,0.0,57.35289764404297,56.9618034362793,-37.26152038574219,-3.0608012676239014
80.0,2025-01-14 16:28:15.116199,0.0,0,1,,,5.8127875328063965,5.5884599685668945,0.0,57.22449493408203,56.92445755004883,-33.814064025878906,0.3839890658855438
81.0,2025-01-14 16:28:25.717560,0.0,0,1,,,6.188520431518555,5.554586887359619,0.0,57.369991302490234,56.88343811035156,434.2666015625,-6.295160293579102
82.0,2025-01-14 16:28:36.756310,0.0,0,1,,,6.535632610321045,5.554586887359619,1.0,57.71446990966797,56.84957504272461,407.54443359375,-16.891075134277344
83.0,2025-01-14 16:28:47.252980,0.0,0,1,,,6.8589372634887695,5.517986297607422,1.0,58.03697967529297,56.827056884765625,385.3157653808594,-24.777320861816406
84.0,2025-01-14 16:28:58.127915,0.0,0,1,,,7.161315441131592,5.517986297607422,1.0,58.339717864990234,56.812984466552734,365.77752685546875,-31.14238739013672
85.0,2025-01-14 16:29:09.387104,0.0,0,0,,,7.400546073913574,5.479891777038574,1.0,58.6072883605957,56.80570983886719,344.0084533691406,-26.02973175048828
86.0,2025-01-14 16:29:20.984973,0.0,0,0,,,7.18880033493042,5.479891777038574,1.0,58.666954040527344,56.77487564086914,-77.0551528930664,-27.611221313476562
87.0,2025-01-14 16:29:33.463969,0.0,0,0,,,6.980486869812012,5.41817569732666,0.0,58.456581115722656,56.7457275390625,-73.85041046142578,-24.406797409057617
88.0,2025-01-14 16:29:44.815831,0.0,0,0,,,6.775638103485107,5.41817569732666,0.0,58.2496223449707,56.71315002441406,-70.61565399169922,-21.172393798828125
89.0,2025-01-14 16:29:56.332882,0.0,0,0,,,6.574291229248047,5.342596054077148,0.0,58.046112060546875,56.67710494995117,-67.3458480834961,-17.902956008911133
90.0,2025-01-14 16:30:07.204884,0.0,0,0,,,6.376491069793701,5.342596054077148,0.0,57.84608459472656,56.6375617980957,-64.0347900390625,-14.59230899810791
91.0,2025-01-14 16:30:17.451665,0.0,0,0,,,6.1822896003723145,5.299509048461914,0.0,57.649593353271484,56.59446716308594,-60.67467498779297,-11.23265552520752
92.0,2025-01-14 16:30:27.297602,0.0,0,0,,,5.991750240325928,5.2528228759765625,0.0,57.45668411254883,56.54777526855469,-57.25528335571289,-7.8138108253479
93.0,2025-01-14 16:30:38.168100,0.0,0,1,,,5.804950714111328,5.148386478424072,0.0,57.267425537109375,56.49742126464844,-53.763484954833984,-4.3227009773254395
94.0,2025-01-14 16:30:50.107501,0.0,0,1,,,6.125533580780029,5.148386478424072,0.0,57.329410552978516,56.443336486816406,419.9647521972656,-7.257680892944336
95.0,2025-01-14 16:31:01.928720,0.0,0,1,,,6.422823429107666,5.054922580718994,1.0,57.62598419189453,56.39240646362305,398.21630859375,-15.121803283691406
96.0,2025-01-14 16:31:12.783203,0.0,0,1,,,6.699723243713379,5.019227027893066,1.0,57.90326690673828,56.34989547729492,379.178955078125,-21.492843627929688
97.0,2025-01-14 16:31:24.225737,0.0,0,1,,,6.957167625427246,5.019227027893066,1.0,58.162776947021484,56.314208984375,362.3424072265625,-26.492773056030273
98.0,2025-01-14 16:31:35.538409,0.0,0,1,,,7.198334217071533,4.988240718841553,1.0,58.40562057495117,56.283226013183594,347.1446533203125,-31.12360382080078
99.0,2025-01-14 16:31:47.255028,0.0,0,0,,,7.4245147705078125,4.940536975860596,1.0,58.633888244628906,56.257205963134766,333.15228271484375,-35.183380126953125
100.0,2025-01-14 16:31:58.707127,0.0,0,0,,,7.201422214508057,4.9200897216796875,1.0,58.686546325683594,56.23552703857422,-86.32093048095703,-36.33186340332031
101.0,2025-01-14 16:32:09.570968,0.0,0,0,,,6.981701374053955,4.896270751953125,0.0,58.46489715576172,56.2150764465332,-83.17305755615234,-33.18427276611328
102.0,2025-01-14 16:32:20.225457,0.0,0,0,,,6.765373706817627,4.869058132171631,0.0,58.24659729003906,56.191253662109375,-80.00469207763672,-30.01620101928711
103.0,2025-01-14 16:32:31.195221,0.0,0,0,,,6.552464485168457,4.869058132171631,0.0,58.03166961669922,56.164039611816406,-76.8128662109375,-26.824674606323242
104.0,2025-01-14 16:32:42.251927,0.0,0,0,,,6.343003273010254,4.838427543640137,0.0,57.82014465332031,56.13340377807617,-73.59403228759766,-23.606155395507812
105.0,2025-01-14 16:32:53.157486,0.0,0,0,,,6.137022495269775,4.766789436340332,0.0,57.61204528808594,56.09931945800781,-70.34388732910156,-20.356374740600586
106.0,2025-01-14 16:33:04.315132,0.0,0,0,,,5.9345622062683105,4.725709915161133,0.0,57.407413482666016,56.0617561340332,-67.05720520019531,-17.070070266723633
107.0,2025-01-14 16:33:15.189189,0.0,0,1,,,5.735668659210205,4.681064128875732,0.0,57.20628356933594,56.02067184448242,-63.727447509765625,-13.740736961364746
108.0,2025-01-14 16:33:25.152905,0.0,0,1,,,6.04903507232666,4.638490200042725,0.0,57.25349426269531,55.97602844238281,414.5555114746094,-15.675056457519531
109.0,2025-01-14 16:33:36.334028,0.0,0,1,,,6.376961708068848,4.62709379196167,1.0,57.56052017211914,55.93348693847656,397.532958984375,-30.869762420654297
110.0,2025-01-14 16:33:47.290224,0.0,0,1,,,6.683674335479736,4.6217474937438965,1.0,57.867122650146484,55.92209243774414,377.726318359375,-36.51833724975586
111.0,2025-01-14 16:33:58.211261,0.0,0,1,,,6.971725940704346,4.6217474937438965,1.0,58.15592575073242,55.916748046875,360.3030090332031,-41.375064849853516
112.0,2025-01-14 16:34:09.527003,0.0,0,1,,,7.24254846572876,4.626001834869385,1.0,58.42814636230469,55.916603088378906,344.2169494628906,-45.616004943847656
113.0,2025-01-14 16:34:20.845169,0.0,0,0,,,7.4973955154418945,4.634410858154297,1.0,58.68490219116211,55.92100524902344,329.3007507324219,-49.360103607177734
114.0,2025-01-14 16:34:31.638862,0.0,0,0,,,7.305485725402832,4.634410858154297,1.0,58.76387405395508,55.929412841796875,-87.82262420654297,-50.378509521484375
115.0,2025-01-14 16:34:42.519074,0.0,0,0,,,7.116704940795898,4.643910884857178,0.0,58.57321548461914,55.93891143798828,-84.9018325805664,-47.457923889160156
116.0,2025-01-14 16:34:53.127827,0.0,0,0,,,6.931060791015625,4.65351676940918,0.0,58.38566589355469,55.945281982421875,-81.97289276123047,-44.52922058105469
117.0,2025-01-14 16:35:04.047104,0.0,0,0,,,6.748563766479492,4.653604030609131,0.0,58.201229095458984,55.948516845703125,-79.0345458984375,-41.59110641479492
118.0,2025-01-14 16:35:15.439481,0.0,0,0,,,6.569225311279297,4.653604030609131,0.0,58.01991653442383,55.948604583740234,-76.08528137207031,-38.6420783996582
119.0,2025-01-14 16:35:26.012761,0.0,0,0,,,6.393059253692627,4.644289016723633,0.0,57.84174346923828,55.94552993774414,-73.12336730957031,-35.680416107177734
120.0,2025-01-14 16:35:36.648995,0.0,0,0,,,6.220081329345703,4.634857177734375,0.0,57.66672134399414,55.93928527832031,-70.14675903320312,-32.704063415527344
121.0,2025-01-14 16:35:46.874965,0.0,0,0,,,6.072546005249023,4.636560440063477,0.0,57.66672134399414,55.93928527832031,-64.71116638183594,-34.77523422241211
122.0,2025-01-14 16:35:58.436032,0.0,0,0,,,5.92807149887085,4.635202407836914,0.0,57.351585388183594,55.93156051635742,-61.853519439697266,-31.917848587036133
123.0,2025-01-14 16:36:09.366300,0.0,0,1,,,5.786673069000244,4.630768775939941,0.0,57.20804977416992,55.93020248413086,-58.98138427734375,-29.045984268188477
124.0,2025-01-14 16:36:19.814074,0.0,0,1,,,6.153312683105469,4.628992557525635,0.0,57.20804977416992,55.93020248413086,415.35882568359375,-31.52703285217285
125.0,2025-01-14 16:36:30.619071,0.0,0,1,,,6.495925426483154,4.634139060974121,1.0,57.66718292236328,55.92399215698242,392.9258117675781,-37.99003601074219
126.0,2025-01-14 16:36:41.458887,0.0,0,1,,,6.817236423492432,4.645125865936279,1.0,57.988277435302734,55.929141998291016,373.03692626953125,-43.44253158569336
127.0,2025-01-14 16:36:52.421934,0.0,0,1,,,7.119396209716797,4.6611504554748535,1.0,58.29111862182617,55.94013214111328,355.15606689453125,-48.14590835571289
128.0,2025-01-14 16:37:03.834250,0.0,0,0,,,7.403830051422119,4.681581497192383,1.0,58.57693099975586,55.95616149902344,338.60601806640625,-52.259559631347656
129.0,2025-01-14 16:37:15.649260,0.0,0,0,,,7.236337661743164,4.703241348266602,1.0,58.675010681152344,55.976593017578125,-83.3443374633789,-53.40694808959961
130.0,2025-01-14 16:37:26.988857,0.0,0,0,,,7.0718512535095215,4.703241348266602,0.0,58.675010681152344,55.976593017578125,-80.53812408447266,-50.60093688964844
131.0,2025-01-14 16:37:38.802988,0.0,0,0,,,6.910374641418457,4.737539768218994,0.0,58.3452262878418,56.016902923583984,-77.72755432128906,-47.79058074951172
132.0,2025-01-14 16:37:49.734373,0.0,0,0,,,6.7519145011901855,4.737539768218994,0.0,58.184810638427734,56.03254318237305,-74.91167449951172,-44.97490310668945
133.0,2025-01-14 16:38:00.525044,0.0,0,0,,,6.5857157707214355,4.752836227416992,0.0,58.025726318359375,56.045169830322266,-73.27277374267578,-39.70415496826172
134.0,2025-01-14 16:38:11.606107,0.0,0,0,,,6.4226202964782715,4.752836227416992,0.0,57.86061096191406,56.04783630371094,-70.37540435791016,-36.807029724121094
135.0,2025-01-14 16:38:22.348813,0.0,0,0,,,6.262640953063965,4.752401351928711,0.0,57.69857406616211,56.047401428222656,-67.4656753540039,-33.897560119628906
136.0,2025-01-14 16:38:33.096907,0.0,0,0,,,6.1057939529418945,4.742166996002197,0.0,57.539634704589844,56.04384994506836,-64.54142761230469,-30.97356605529785
137.0,2025-01-14 16:38:43.687015,0.0,0,0,,,5.952096939086914,4.732333183288574,0.0,57.38380432128906,56.03716278076172,-61.60001754760742,-28.032438278198242
138.0,2025-01-14 16:38:55.341777,0.0,0,1,,,5.801572322845459,4.719327449798584,0.0,57.23110580444336,56.02732849121094,-58.63827133178711,-25.070980072021484
139.0,2025-01-14 16:39:06.664073,0.0,0,1,,,6.158546447753906,4.708971977233887,0.0,57.336952209472656,56.01432418823242,415.1981506347656,-27.54509925842285
140.0,2025-01-14 16:39:17.453411,0.0,0,1,,,6.491799354553223,4.705691814422607,1.0,57.668941497802734,56.003971099853516,393.05078125,-34.15089416503906
141.0,2025-01-14 16:39:27.992242,0.0,0,1,,,6.804064750671387,4.708358287811279,1.0,57.981143951416016,56.00069046020508,373.4554748535156,-39.70234680175781
142.0,2025-01-14 16:39:39.034857,0.0,0,1,,,7.097500324249268,4.716142654418945,1.0,58.27537536621094,56.003360748291016,355.8744201660156,-44.480594635009766
143.0,2025-01-14 16:39:50.075196,0.0,0,0,,,7.373533248901367,4.716142654418945,1.0,58.55286407470703,56.011146545410156,339.6260986328125,-48.65463638305664
144.0,2025-01-14 16:40:01.239936,0.0,0,0,,,7.196491718292236,4.741909027099609,0.0,58.64336013793945,56.02340316772461,-83.39624786376953,-49.82684326171875
145.0,2025-01-14 16:40:12.328591,0.0,0,0,,,7.034151077270508,4.75984525680542,0.0,58.469383239746094,56.03691482543945,-79.24951171875,-49.60536193847656
146.0,2025-01-14 16:40:23.017139,0.0,0,0,,,6.874817848205566,4.774773597717285,0.0,58.30811309814453,56.05485153198242,-76.44171905517578,-46.797786712646484
147.0,2025-01-14 16:40:34.075876,0.0,0,0,,,6.718497276306152,4.774773597717285,0.0,58.14982986450195,56.06977844238281,-73.62837982177734,-43.98466110229492
148.0,2025-01-14 16:40:44.416074,0.0,0,0,,,6.565197467803955,4.795584201812744,0.0,57.99453353881836,56.08169174194336,-70.8083267211914,-41.164833068847656
149.0,2025-01-14 16:40:54.899074,0.0,0,0,,,6.414926528930664,4.801450252532959,0.0,57.84223937988281,56.09058380126953,-67.98023986816406,-38.33697509765625
150.0,2025-01-14 16:41:04.984004,0.0,0,0,,,6.26769495010376,4.804277420043945,0.0,57.69294738769531,56.09645080566406,-65.14253234863281,-35.499515533447266
151.0,2025-01-14 16:41:14.950167,0.0,0,0,,,6.1235151290893555,4.804052352905273,0.0,57.54667663574219,56.09927749633789,-62.29334259033203,-32.65057373046875
152.0,2025-01-14 16:41:25.676925,0.0,0,0,,,5.982401371002197,4.804052352905273,0.0,57.40343475341797,56.09905242919922,-59.43043899536133,-29.787939071655273
153.0,2025-01-14 16:41:35.432020,0.0,0,1,,,5.844371795654297,4.8007612228393555,0.0,57.26323699951172,56.095760345458984,-56.55113220214844,-26.90890884399414
154.0,2025-01-14 16:41:45.678219,0.0,0,1,,,6.211296558380127,4.79086971282959,1.0,57.38352584838867,56.089385986328125,414.9106140136719,-29.577472686767578
155.0,2025-01-14 16:41:56.029456,0.0,0,1,,,6.55393123626709,4.79086971282959,1.0,57.724693298339844,56.08586883544922,392.2312927246094,-36.285640716552734
156.0,2025-01-14 16:42:06.486261,0.0,0,1,,,6.875282287597656,4.794538497924805,1.0,58.04584884643555,56.089542388916016,372.3592529296875,-41.9083366394043
157.0,2025-01-14 16:42:17.285770,0.0,0,1,,,7.185125827789307,4.824251651763916,1.0,58.35179138183594,56.099239349365234,355.06396484375,-48.57564163208008
158.0,2025-01-14 16:42:29.014981,0.0,0,0,,,7.476777076721191,4.848813533782959,1.0,58.644752502441406,56.119266510009766,338.0779724121094,-52.814231872558594
159.0,2025-01-14 16:42:39.464833,0.0,0,0,,,7.319593906402588,4.8746724128723145,1.0,58.74993896484375,56.143829345703125,-80.98529052734375,-54.02546310424805
160.0,2025-01-14 16:42:50.027150,0.0,0,0,,,7.1653666496276855,4.897575378417969,0.0,58.59380340576172,56.16968536376953,-78.22541809082031,-51.265785217285156
161.0,2025-01-14 16:43:00.602386,0.0,0,0,,,7.01409912109375,4.917519569396973,0.0,58.44060134887695,56.19258499145508,-75.46253204345703,-48.503108978271484
162.0,2025-01-14 16:43:11.555111,0.0,0,0,,,6.8657941818237305,4.934500217437744,0.0,58.29033279418945,56.2125244140625,-72.69579315185547,-45.73657989501953
163.0,2025-01-14 16:43:21.853000,0.0,0,0,,,6.720458030700684,4.934500217437744,0.0,58.143009185791016,56.2295036315918,-69.92424011230469,-42.96524429321289
164.0,2025-01-14 16:43:32.692893,0.0,0,0,,,6.578096866607666,4.948512554168701,0.0,57.99863052368164,56.24351501464844,-67.14674377441406,-40.187965393066406
165.0,2025-01-14 16:43:43.540359,0.0,0,0,,,6.438718318939209,4.967604637145996,0.0,57.857200622558594,56.25455093383789,-64.36197662353516,-37.403438568115234
166.0,2025-01-14 16:43:54.103047,0.0,0,0,,,6.302331447601318,4.972667217254639,0.0,57.71873474121094,56.262603759765625,-61.5683708190918,-34.61006546020508
167.0,2025-01-14 16:44:04.889203,0.0,0,0,,,6.168948173522949,4.972667217254639,0.0,57.5832405090332,56.26766586303711,-58.76405715942383,-31.80600357055664
168.0,2025-01-14 16:44:16.979439,0.0,0,0,,,6.0385823249816895,4.97376823425293,0.0,57.45072937011719,56.26972579956055,-55.946773529052734,-28.98897933959961
169.0,2025-01-14 16:44:27.922007,0.0,0,0,,,5.894067287445068,4.958690166473389,0.0,57.31901168823242,56.26876449584961,-54.99927520751953,-22.240331649780273
170.0,2025-01-14 16:44:38.490135,0.0,0,1,,,5.7527642250061035,4.940400123596191,0.0,57.175437927246094,56.25368118286133,-52.0003662109375,-19.241756439208984
171.0,2025-01-14 16:44:49.577115,0.0,0,1,,,6.12005615234375,4.925619602203369,0.0,57.297935485839844,56.23539352416992,422.86004638671875,-22.518077850341797
172.0,2025-01-14 16:45:01.066802,0.0,0,1,,,6.462276458740234,4.925619602203369,1.0,57.63835525512695,56.220619201660156,399.4512023925781,-29.990642547607422
173.0,2025-01-14 16:45:13.937428,0.0,0,1,,,6.782423973083496,4.918639183044434,1.0,57.95808410644531,56.213844299316406,378.8427429199219,-36.1268310546875
174.0,2025-01-14 16:45:24.701678,0.0,0,1,,,7.0829620361328125,4.924013614654541,1.0,58.25917434692383,56.21363830566406,360.5339050292969,-41.334293365478516
175.0,2025-01-14 16:45:35.972138,0.0,0,0,,,7.365449905395508,4.934213161468506,1.0,58.54294967651367,56.219017028808594,343.680908203125,-45.83956527709961
176.0,2025-01-14 16:45:47.078679,0.0,0,0,,,7.19425630569458,4.9458136558532715,1.0,58.63697814941406,56.229217529296875,-79.90792846679688,-47.14677047729492
177.0,2025-01-14 16:45:59.606088,0.0,0,0,,,7.026127338409424,4.9458136558532715,0.0,58.46690368652344,56.240814208984375,-77.04683685302734,-44.28589630126953
178.0,2025-01-14 16:46:10.119115,0.0,0,0,,,6.8610711097717285,4.954349040985107,0.0,58.29987335205078,56.249351501464844,-74.17793273925781,-41.41721725463867
179.0,2025-01-14 16:46:20.534947,0.0,0,0,,,6.699097633361816,4.959812164306641,0.0,58.135894775390625,56.25481414794922,-71.29977416992188,-38.53929901123047
180.0,2025-01-14 16:46:30.657149,0.0,0,0,,,6.540218353271484,4.962192535400391,0.0,57.9749755859375,56.25719451904297,-68.41072845458984,-35.65050506591797
181.0,2025-01-14 16:46:41.189827,0.0,0,0,,,6.397454738616943,4.966043949127197,0.0,57.818992614746094,56.2564811706543,-64.0793685913086,-35.71013259887695
182.0,2025-01-14 16:46:52.932916,0.0,0,0,,,6.257717609405518,4.966043949127197,0.0,57.67715835571289,56.261043548583984,-61.25376510620117,-32.88478088378906
183.0,2025-01-14 16:47:05.016030,0.0,0,0,,,6.121020317077637,4.9660820960998535,0.0,57.538333892822266,56.2625846862793,-58.41532897949219,-30.046602249145508
184.0,2025-01-14 16:47:15.853139,0.0,0,0,,,5.987380027770996,4.96152400970459,0.0,57.40252685546875,56.26108169555664,-55.56144714355469,-27.1929988861084
185.0,2025-01-14 16:47:26.238916,0.0,0,1,,,5.856816291809082,4.953889846801758,0.0,57.269752502441406,56.25652313232422,-52.68886947631836,-24.32069969177246
186.0,2025-01-14 16:47:36.628112,0.0,0,1,,,6.229907512664795,4.953889846801758,0.0,57.400413513183594,56.2488899230957,417.55926513671875,-27.412330627441406
187.0,2025-01-14 16:47:47.643808,0.0,0,1,,,6.577976226806641,4.952901840209961,1.0,57.746761322021484,56.24456787109375,394.19635009765625,-34.561431884765625
188.0,2025-01-14 16:47:58.408126,0.0,0,1,,,6.904294013977051,4.96258020401001,1.0,58.07272720336914,56.24790573120117,373.8882751464844,-40.48369598388672
189.0,2025-01-14 16:48:09.212027,0.0,0,1,,,7.21088981628418,4.977664470672607,1.0,58.37992858886719,56.25758743286133,355.4745178222656,-45.53019714355469
190.0,2025-01-14 16:48:20.686969,0.0,0,0,,,7.499295234680176,4.997435569763184,1.0,58.37992858886719,56.25758743286133,338.4903869628906,-49.906494140625
191.0,2025-01-14 16:48:32.349127,0.0,0,0,,,7.339957237243652,4.997435569763184,1.0,58.77251434326172,56.29244613647461,-79.55432891845703,-51.183868408203125
192.0,2025-01-14 16:48:43.081366,0.0,0,0,,,7.183602333068848,5.018575191497803,0.0,58.61423110961914,56.31358337402344,-76.76898956298828,-48.39873504638672
193.0,2025-01-14 16:48:55.134313,0.0,0,0,,,7.028654098510742,5.0508809089660645,0.0,58.45866775512695,56.33173751831055,-74.15327453613281,-45.249507904052734
194.0,2025-01-14 16:49:07.289046,0.0,0,0,,,6.876710414886475,5.062026500701904,0.0,58.30473709106445,56.345882415771484,-71.34843444824219,-42.44489669799805
195.0,2025-01-14 16:49:17.669126,0.0,0,0,,,6.876710414886475,5.062026500701904,0.0,58.15378952026367,56.35702896118164,-68.53651428222656,-39.633201599121094
196.0,2025-01-14 16:49:31.132872,0.0,0,0,,,6.876710414886475,5.075272560119629,0.0,58.00583267211914,56.36516189575195,-65.71607971191406,-36.81300354003906
197.0,2025-01-14 16:49:44.688051,0.0,0,0,,,6.876710414886475,5.077353477478027,0.0,58.00583267211914,56.36516189575195,-62.88543701171875,-33.982608795166016
198.0,2025-01-14 16:49:58.190187,0.0,0,0,,,6.876710414886475,5.076389789581299,0.0,57.71892547607422,56.372352600097656,-60.04255294799805,-31.139972686767578
199.0,2025-01-14 16:50:12.471065,0.0,0,0,,,6.876710414886475,5.0723652839660645,0.0,57.58000183105469,56.37138748168945,-57.18498992919922,-28.282682418823242
200.0,2025-01-14 16:50:28.288537,0.0,0,0,,,6.876710414886475,5.065261363983154,0.0,57.444114685058594,56.36736297607422,-54.309783935546875,-25.407760620117188
201.0,2025-01-14 16:50:43.627219,0.0,0,0,,,6.876710414886475,5.055055141448975,0.0,57.3112907409668,56.360260009765625,-54.309783935546875,-25.407760620117188
202.0,2025-01-14 16:50:57.530410,0.0,0,0,,,6.876710414886475,5.055055141448975,0.0,57.3112907409668,56.360260009765625,-51.413169860839844,-19.589231491088867
203.0,2025-01-14 16:51:10.437286,0.0,0,0,,,6.876710414886475,5.041718482971191,0.0,57.05491256713867,56.33671188354492,-45.53618240356445,-16.635128021240234
204.0,2025-01-14 16:51:23.316102,0.0,0,0,,,6.876710414886475,5.005509853363037,0.0,56.931427001953125,56.32020950317383,-42.54204177856445,-13.641371726989746
